AMR_Gene_Family	ARO	ARO_Name	Drug_Class	Resistance_Mechanism	SRR10842836	SRR10842837	SRR10842838	SRR10842839	SRR10842840	SRR10842841	SRR10842842	SRR10842843	SRR10842844	SRR10842845	SRR10842846	SRR10842847	SRR10842848	SRR10842849	SRR10842850	SRR10842851	SRR10842852	SRR10842853	SRR10842854	SRR10842855	SRR10842856	SRR10842857	SRR10842858	SRR10842859	SRR10842860	SRR10842861	SRR10842862	SRR10842863	SRR10842864	SRR10842865	SRR10842866	SRR10842867	SRR10842868	SRR10842869	SRR10842870	SRR10842871
AAC(3)	ARO_3002530__AAC_3_-Ib__H	AAC(3)-Ib	aminoglycoside antibiotic	antibiotic inactivation	0.0	0.0	0.0	0.0	0.0	0.0	0.0	0.0	0.0	0.0	0.0	0.0	0.0	0.0	0.0	0.0	0.0	0.0	0.0	0.0	0.0	0.0	0.0	45848.35	0.0	0.0	0.0	0.0	0.0	0.0	0.0	0.0	0.0	0.0	0.0	0.0
AAC(3)	ARO_3002533__AAC_3_-IIa__H	AAC(3)-IIa	aminoglycoside antibiotic	antibiotic inactivation	0.0	0.0	0.0	0.0	0.0	0.0	0.0	0.0	0.0	0.0	0.0	0.0	0.0	0.0	0.0	0.0	0.0	0.0	20199.54	0.0	0.0	0.0	0.0	0.0	0.0	0.0	0.0	0.0	0.0	0.0	0.0	0.0	0.0	0.0	0.0	0.0
AAC(3)	ARO_3002535__AAC_3_-IIc__H	AAC(3)-IIc	aminoglycoside antibiotic	antibiotic inactivation	0.0	0.0	0.0	0.0	0.0	0.0	0.0	0.0	0.0	0.0	0.0	0.0	0.0	0.0	0.0	0.0	0.0	0.0	0.0	0.0	0.0	0.0	0.0	0.0	0.0	0.0	29918.04	0.0	0.0	0.0	0.0	0.0	0.0	0.0	0.0	0.0
AAC(3)	ARO_3002537__AAC_3_-IIIb__H	AAC(3)-IIIb	aminoglycoside antibiotic	antibiotic inactivation	2150006.67	2311421.25	2455875.69	4009566.29	1668188.76	717156.48	1097351.93	4550878.25	1909778.41	2821721.61	4924465.29	2390195.39	1377324.92	511660.8	855106.31	571708.3	749543.35	523843.66	467179.08	1911339.23	1492384.06	471584.98	1383447.3	2318616.66	2044041.08	972523.83	251618.43	584297.59	2441923.63	781538.4	1849778.51	4159934.29	1387173.74	1867493.49	925665.54	1791659.26
AAC(3)	ARO_3002538__AAC_3_-IIIc__H	AAC(3)-IIIc	aminoglycoside antibiotic	antibiotic inactivation	12717289.43	14065795.32	15342401.18	53921.75	2010925.73	699227.57	486326.42	1174528.14	336750.82	377612.74	847297.7	481286.63	3174107.88	341331.61	427031.75	2026965.79	2567692.44	5213881.39	20704.53	2459125.11	652918.03	241997.55	1952298.99	5419766.43	2677083.66	1323084.75	459989.93	297229.64	497819.43	391885.68	225441.76	4318378.84	2293360.06	2409066.6	8100702.3	6634172.0
AAC(3)	ARO_3004621__AAC_3_-IIe__H	AAC(3)-IIe	aminoglycoside antibiotic	antibiotic inactivation	0.0	0.0	0.0	0.0	0.0	0.0	0.0	0.0	0.0	0.0	0.0	0.0	0.0	0.0	0.0	0.0	0.0	0.0	0.0	0.0	0.0	0.0	0.0	0.0	0.0	0.0	5115985.62	241650.12	6905066.99	21240.42	0.0	0.0	0.0	0.0	0.0	0.0
AAC(3)	ARO_3004623__AAC_3_-IId__H	AAC(3)-IId	aminoglycoside antibiotic	antibiotic inactivation	0.0	0.0	0.0	0.0	0.0	0.0	0.0	0.0	0.0	0.0	0.0	0.0	0.0	409854.09	0.0	0.0	0.0	0.0	60598.62	18743.33	0.0	0.0	0.0	0.0	0.0	0.0	0.0	0.0	0.0	0.0	0.0	0.0	0.0	0.0	0.0	19149.0
AAC(3)	ARO_3005085__AAC_3_-IIg__H	AAC(3)-IIg	aminoglycoside antibiotic	antibiotic inactivation	0.0	0.0	0.0	0.0	214673.99	123801.81	0.0	0.0	0.0	0.0	0.0	0.0	0.0	0.0	0.0	0.0	0.0	0.0	0.0	0.0	0.0	0.0	0.0	0.0	0.0	0.0	0.0	0.0	0.0	0.0	0.0	0.0	30491.02	0.0	0.0	0.0
AAC(3)	multiple	AAC(3)-IIIb | AAC(3)-IIIc	aminoglycoside antibiotic	antibiotic inactivation	0.0	0.0	1841043.24	0.0	0.0	0.0	0.0	0.0	0.0	163882.57	0.0	0.0	30906.6	0.0	0.0	0.0	0.0	0.0	0.0	116730.62	0.0	0.0	0.0	0.0	0.0	0.0	0.0	0.0	0.0	0.0	0.0	72481.36	0.0	0.0	267497.05	0.0
AAC(3)	multiple	AAC(3)-IIIb | AAC(3)-IIc | AAC(3)-IIa | AAC(3)-IIIc | AAC(3)-IIe | AAC(3)-IId	aminoglycoside antibiotic	antibiotic inactivation	0.0	0.0	0.0	0.0	0.0	0.0	0.0	0.0	0.0	0.0	0.0	0.0	0.0	0.0	0.0	0.0	0.0	0.0	0.0	0.0	0.0	0.0	0.0	0.0	0.0	0.0	0.0	0.0	0.0	0.0	0.0	0.0	0.0	0.0	0.0	155083.28
AAC(3)	multiple	AAC(3)-IIIc | AAC(3)-IIIb	aminoglycoside antibiotic	antibiotic inactivation	1415194.26	2183793.66	0.0	54604.31	0.0	0.0	0.0	581482.28	200596.17	0.0	893773.95	282166.71	0.0	0.0	0.0	0.0	0.0	0.0	0.0	0.0	0.0	0.0	0.0	117398.31	0.0	0.0	0.0	0.0	0.0	0.0	0.0	0.0	0.0	0.0	0.0	0.0
AAC(3)	multiple	AAC(3)-IIIc | AAC(3)-IIc | AAC(3)-IId | AAC(3)-IIa | AAC(3)-IIe | AAC(3)-IIIb	aminoglycoside antibiotic	antibiotic inactivation	0.0	0.0	0.0	0.0	0.0	0.0	0.0	0.0	0.0	0.0	0.0	0.0	0.0	0.0	0.0	0.0	0.0	0.0	0.0	0.0	0.0	0.0	0.0	0.0	0.0	0.0	0.0	0.0	0.0	0.0	0.0	0.0	87117.19	0.0	0.0	0.0
AAC(3)	multiple	AAC(3)-IIa | AAC(3)-IIc | AAC(3)-IIIc | AAC(3)-IIIb | AAC(3)-IId | AAC(3)-IIe	aminoglycoside antibiotic	antibiotic inactivation	0.0	0.0	0.0	0.0	0.0	0.0	0.0	0.0	0.0	0.0	0.0	0.0	0.0	0.0	0.0	0.0	0.0	0.0	0.0	0.0	0.0	0.0	0.0	0.0	0.0	0.0	30287403.12	0.0	0.0	0.0	0.0	0.0	0.0	0.0	0.0	0.0
AAC(3)	multiple	AAC(3)-IIa | AAC(3)-IIc | AAC(3)-IId | AAC(3)-IIe	aminoglycoside antibiotic	antibiotic inactivation	0.0	0.0	0.0	0.0	0.0	0.0	0.0	0.0	0.0	0.0	0.0	0.0	0.0	0.0	0.0	0.0	0.0	0.0	0.0	0.0	0.0	0.0	0.0	0.0	0.0	0.0	0.0	724950.35	0.0	191163.75	0.0	0.0	0.0	0.0	0.0	0.0
AAC(3)	multiple	AAC(3)-IIa | AAC(3)-IIc | AAC(3)-IIe | AAC(3)-IIIb | AAC(3)-IIIc | AAC(3)-IId	aminoglycoside antibiotic	antibiotic inactivation	0.0	0.0	0.0	0.0	0.0	0.0	0.0	0.0	0.0	0.0	0.0	0.0	0.0	0.0	0.0	0.0	0.0	0.0	0.0	0.0	55273.48	0.0	0.0	0.0	0.0	0.0	0.0	0.0	0.0	0.0	0.0	0.0	0.0	0.0	0.0	0.0
AAC(3)	multiple	AAC(3)-IIa | AAC(3)-IIc | AAC(3)-IIe | AAC(3)-IId	aminoglycoside antibiotic	antibiotic inactivation	0.0	0.0	0.0	0.0	259660.42	0.0	0.0	0.0	0.0	0.0	0.0	0.0	0.0	0.0	0.0	0.0	0.0	0.0	0.0	0.0	0.0	0.0	0.0	0.0	0.0	0.0	0.0	0.0	0.0	0.0	0.0	0.0	0.0	0.0	0.0	0.0
AAC(3)	multiple	AAC(3)-IIa | AAC(3)-IIe | AAC(3)-IIc | AAC(3)-IId	aminoglycoside antibiotic	antibiotic inactivation	0.0	0.0	0.0	0.0	0.0	0.0	0.0	0.0	0.0	0.0	0.0	0.0	0.0	0.0	0.0	0.0	0.0	0.0	0.0	0.0	0.0	0.0	0.0	0.0	0.0	0.0	0.0	0.0	35074361.67	0.0	0.0	0.0	0.0	0.0	0.0	0.0
AAC(3)	multiple	AAC(3)-IIc | AAC(3)-IIe | AAC(3)-IIIb | AAC(3)-IIIc | AAC(3)-IId | AAC(3)-IIa	aminoglycoside antibiotic	antibiotic inactivation	0.0	0.0	0.0	0.0	0.0	0.0	0.0	0.0	0.0	0.0	0.0	0.0	0.0	0.0	0.0	0.0	0.0	0.0	0.0	0.0	0.0	0.0	0.0	0.0	0.0	0.0	0.0	0.0	0.0	0.0	0.0	0.0	0.0	165999.42	0.0	0.0
AAC(3)	multiple	AAC(3)-IId | AAC(3)-IIIc | AAC(3)-IIIb | AAC(3)-IIa | AAC(3)-IIc | AAC(3)-IIe	aminoglycoside antibiotic	antibiotic inactivation	0.0	0.0	0.0	0.0	0.0	0.0	72048.36	0.0	0.0	0.0	0.0	0.0	0.0	0.0	0.0	0.0	0.0	0.0	0.0	0.0	0.0	0.0	0.0	0.0	0.0	0.0	0.0	0.0	0.0	0.0	0.0	0.0	0.0	0.0	0.0	0.0
AAC(3)	multiple	AAC(3)-IId | AAC(3)-IIa | AAC(3)-IIc | AAC(3)-IIIc | AAC(3)-IIIb | AAC(3)-IIe	aminoglycoside antibiotic	antibiotic inactivation	0.0	0.0	0.0	0.0	0.0	0.0	0.0	0.0	0.0	0.0	0.0	0.0	0.0	0.0	0.0	0.0	0.0	0.0	1247383.86	0.0	0.0	0.0	0.0	0.0	0.0	0.0	0.0	0.0	0.0	0.0	0.0	0.0	0.0	0.0	0.0	0.0
AAC(3)	multiple	AAC(3)-IId | AAC(3)-IIa | AAC(3)-IIc | AAC(3)-IIe	aminoglycoside antibiotic	antibiotic inactivation	0.0	0.0	0.0	0.0	0.0	0.0	0.0	0.0	0.0	0.0	0.0	0.0	0.0	0.0	615005.07	0.0	0.0	0.0	0.0	0.0	0.0	0.0	0.0	0.0	0.0	0.0	0.0	0.0	0.0	0.0	0.0	0.0	0.0	0.0	0.0	0.0
AAC(3)	multiple	AAC(3)-IIe | AAC(3)-IIa | AAC(3)-IIc | AAC(3)-IId	aminoglycoside antibiotic	antibiotic inactivation	0.0	0.0	0.0	0.0	0.0	0.0	0.0	0.0	0.0	0.0	0.0	0.0	0.0	0.0	0.0	0.0	0.0	0.0	0.0	0.0	0.0	0.0	0.0	0.0	0.0	0.0	0.0	0.0	0.0	0.0	48876.26	0.0	0.0	0.0	0.0	0.0
AAC(3)	multiple	AAC(3)-IIe | AAC(3)-IIa | AAC(3)-IId | AAC(3)-IIc	aminoglycoside antibiotic	antibiotic inactivation	0.0	0.0	0.0	0.0	0.0	0.0	0.0	0.0	0.0	0.0	0.0	0.0	0.0	4764553.83	0.0	0.0	0.0	0.0	0.0	0.0	0.0	0.0	0.0	0.0	0.0	0.0	0.0	0.0	0.0	0.0	0.0	0.0	0.0	0.0	0.0	0.0
AAC(3)	multiple	AAC(3)-IIe | AAC(3)-IId | AAC(3)-IIa	aminoglycoside antibiotic	antibiotic inactivation	0.0	0.0	0.0	0.0	0.0	0.0	0.0	0.0	0.0	0.0	0.0	0.0	0.0	0.0	0.0	0.0	0.0	0.0	0.0	0.0	0.0	0.0	69261.16	0.0	0.0	0.0	0.0	0.0	0.0	0.0	0.0	0.0	0.0	0.0	0.0	0.0
AAC(6')	ARO_3002549__AAC_6'_-Ic__H	AAC(6')-Ic	aminoglycoside antibiotic	antibiotic inactivation	11605940.74	0.0	0.0	0.0	901255.23	129937.76	0.0	0.0	0.0	0.0	134491.7	0.0	3371762.94	65565676.59	13788961.68	2155662.03	25620491.55	202677.6	473246.34	0.0	35532.95	1106274.53	0.0	110410.32	0.0	0.0	2686925.33	0.0	18717186.09	41469.38	0.0	0.0	35842501.6	31854103.18	0.0	0.0
AAC(6')	ARO_3002570__AAC_6'_-Iz__H	AAC(6')-Iz	aminoglycoside antibiotic	antibiotic inactivation	203273.36	0.0	0.0	0.0	0.0	0.0	176845.97	0.0	0.0	0.0	0.0	0.0	0.0	0.0	0.0	0.0	0.0	0.0	0.0	174653.77	101753.46	351996.44	0.0	0.0	0.0	0.0	0.0	90069.59	393533.15	0.0	227718.95	0.0	374207.94	101863.28	0.0	0.0
AAC(6')	ARO_3002578__AAC_6'_-Ib7__H	AAC(6')-Ib7	aminoglycoside antibiotic	antibiotic inactivation	5436398.53	1017369.11	995160.82	57626.3	14474692.16	2569866.35	28975402.44	1338902.3	402225.95	432381.01	264106.79	649707.94	5740606.14	69027954.79	9801084.92	3014660.31	40422685.96	181945.7	1659523.17	12052176.87	5283153.5	28733053.05	2086426.4	1146033.81	2098070.65	4406915.86	12322580.24	1800016.66	15312945.55	2163847.15	3587181.8	50995.15	17407810.38	16794611.27	446977.02	776119.31
AAC(6')	ARO_3002591__AAC_6_IB_Su__H	AAC(6')-Ib-Suzhou	aminoglycoside antibiotic	antibiotic inactivation	0.0	0.0	0.0	0.0	0.0	0.0	0.0	0.0	0.0	0.0	0.0	0.0	0.0	0.0	0.0	0.0	0.0	0.0	0.0	0.0	0.0	78334.47	0.0	0.0	0.0	0.0	0.0	0.0	0.0	0.0	0.0	0.0	0.0	0.0	0.0	0.0
AAC(6')	ARO_3002594__AAC_6'_-IIa__H	AAC(6')-IIa	aminoglycoside antibiotic	antibiotic inactivation	0.0	0.0	0.0	0.0	0.0	0.0	0.0	434540.14	479695.92	571521.99	320599.13	115015.87	0.0	79478.46	61554.13	0.0	0.0	0.0	0.0	0.0	0.0	0.0	0.0	0.0	0.0	0.0	0.0	0.0	0.0	0.0	0.0	0.0	0.0	0.0	0.0	0.0
AAC(6')	ARO_3002596__AAC_6'_-IIc__H	AAC(6')-IIc	aminoglycoside antibiotic	antibiotic inactivation	0.0	0.0	0.0	0.0	128045.6	270759.48	0.0	0.0	0.0	0.0	0.0	0.0	0.0	0.0	0.0	0.0	0.0	0.0	0.0	0.0	0.0	0.0	0.0	0.0	0.0	0.0	398341.8	285994.16	156196.15	408494.81	0.0	0.0	127307.85	121290.81	0.0	0.0
AAC(6')	ARO_3003199__AAC_6'_-Iak__H	AAC(6')-Iak	aminoglycoside antibiotic	antibiotic inactivation	0.0	0.0	0.0	0.0	0.0	0.0	0.0	0.0	0.0	0.0	0.0	0.0	0.0	0.0	0.0	0.0	0.0	0.0	0.0	19945460.79	1492384.06	6027939.06	1419853.81	0.0	2109217.43	4971591.17	0.0	0.0	0.0	0.0	2003926.72	0.0	0.0	0.0	0.0	0.0
AAC(6')	ARO_3004635__AAC_6'_-Il__H	AAC(6')-Il	aminoglycoside antibiotic	antibiotic inactivation	409203.88	0.0	0.0	0.0	22513709.04	343315.94	8989092.29	3486907.06	1486312.73	2023806.87	0.0	0.0	3630515.54	2786940.86	6475252.66	3307619.55	2060350.49	0.0	75781.28	55234883.32	4916088.67	10008892.29	6755905.7	1166885.51	6314573.51	8515016.0	0.0	634607.95	277273.68	836705.81	4950877.78	43662.52	15388995.63	14302803.05	0.0	395120.27
AAC(6')	multiple	AAC(6')-Ib | AAC(6')-Ib-Hangzhou | AAC(6')-Ib11 | AAC(6')-Ib7 | AAC(6')-30/AAC(6')-Ib' bifunctional protein | AAC(6')-Ib8 | AAC(6')-Ib-Suzhou | AAC(6')-Ib3 | AAC(6')-Ib' | AAC(6')-Ib10 | AAC(6')-Ib9 | AAC(6')-Ib4 | ANT(3'')-II-AAC(6')-IId bifunctional protein	aminoglycoside antibiotic	antibiotic inactivation	0.0	0.0	0.0	0.0	0.0	20936.85	0.0	0.0	0.0	0.0	0.0	0.0	0.0	0.0	0.0	0.0	0.0	0.0	0.0	0.0	0.0	0.0	0.0	0.0	0.0	0.0	0.0	0.0	0.0	0.0	0.0	0.0	0.0	0.0	0.0	0.0
AAC(6')	multiple	AAC(6')-Ib | AAC(6')-Ib8 | AAC(6')-Ib' | AAC(6')-Ib4 | AAC(6')-Ib10 | AAC(6')-Ib9 | AAC(6')-Ib-Suzhou | AAC(6')-Iak | AAC(6')-Ib11 | AAC(6')-Iz | AAC(6')-Ib7 | AAC(6')-Ib3 | ANT(3'')-II-AAC(6')-IId bifunctional protein | AAC(6')-30/AAC(6')-Ib' bifunctional protein | AAC(6')-Ib-Hangzhou	aminoglycoside antibiotic	antibiotic inactivation	0.0	0.0	0.0	0.0	0.0	0.0	0.0	0.0	0.0	0.0	0.0	0.0	0.0	0.0	0.0	0.0	0.0	0.0	0.0	0.0	0.0	16893248.11	0.0	0.0	0.0	0.0	0.0	0.0	0.0	0.0	0.0	0.0	0.0	0.0	0.0	0.0
AAC(6')	multiple	AAC(6')-Ib | AAC(6')-Iz | AAC(6')-Ib10 | AAC(6')-30/AAC(6')-Ib' bifunctional protein | AAC(6')-Ib-Suzhou | ANT(3'')-II-AAC(6')-IId bifunctional protein | AAC(6')-Ib' | AAC(6')-Ib11 | AAC(6')-Ib7 | AAC(6')-Ib3 | AAC(6')-Ib8 | AAC(6')-Ib9 | AAC(6')-Ib-Hangzhou | AAC(6')-Ib4 | AAC(6')-Iak	aminoglycoside antibiotic	antibiotic inactivation	0.0	0.0	0.0	0.0	0.0	0.0	0.0	0.0	0.0	0.0	0.0	0.0	0.0	0.0	0.0	0.0	0.0	0.0	0.0	6681027.07	0.0	0.0	0.0	0.0	0.0	0.0	0.0	0.0	0.0	0.0	0.0	0.0	0.0	0.0	0.0	0.0
AAC(6')	multiple	AAC(6')-Ib | ANT(3'')-II-AAC(6')-IId bifunctional protein | AAC(6')-Ib3 | AAC(6')-Ib9 | AAC(6')-Iak | AAC(6')-30/AAC(6')-Ib' bifunctional protein | AAC(6')-Ib8 | AAC(6')-Ib-Suzhou | AAC(6')-Iz | AAC(6')-Ib4 | AAC(6')-Ib7 | AAC(6')-Ib11 | AAC(6')-Ib' | AAC(6')-Ib10 | AAC(6')-Ib-Hangzhou	aminoglycoside antibiotic	antibiotic inactivation	0.0	0.0	0.0	0.0	0.0	0.0	0.0	0.0	0.0	0.0	0.0	0.0	0.0	0.0	0.0	0.0	0.0	0.0	0.0	0.0	0.0	0.0	0.0	0.0	0.0	3197555.87	0.0	0.0	0.0	0.0	0.0	0.0	0.0	0.0	0.0	0.0
AAC(6')	multiple	AAC(6')-Ib-Hangzhou | AAC(6')-Ib10 | AAC(6')-Ib3 | AAC(6')-Ib' | AAC(6')-Ib-Suzhou | ANT(3'')-II-AAC(6')-IId bifunctional protein | AAC(6')-Ib7 | AAC(6')-Ib | AAC(6')-30/AAC(6')-Ib' bifunctional protein | AAC(6')-Ib8 | AAC(6')-Ib4 | AAC(6')-Ib11 | AAC(6')-Ib9	aminoglycoside antibiotic	antibiotic inactivation	0.0	0.0	0.0	0.0	0.0	0.0	0.0	0.0	0.0	0.0	0.0	0.0	0.0	0.0	0.0	0.0	0.0	0.0	0.0	0.0	0.0	0.0	0.0	0.0	0.0	0.0	75294.59	0.0	0.0	0.0	0.0	0.0	0.0	0.0	0.0	0.0
AAC(6')	multiple	AAC(6')-Ib-Hangzhou | AAC(6')-Ib8 | AAC(6')-30/AAC(6')-Ib' bifunctional protein | ANT(3'')-II-AAC(6')-IId bifunctional protein | AAC(6')-Ib10 | AAC(6')-Ib11 | AAC(6')-Ib-Suzhou | AAC(6')-Ib9 | AAC(6')-Iz | AAC(6')-Iak | AAC(6')-Ib | AAC(6')-Ib4 | AAC(6')-Ib3 | AAC(6')-Ib7 | AAC(6')-Ib'	aminoglycoside antibiotic	antibiotic inactivation	0.0	0.0	0.0	0.0	0.0	0.0	0.0	0.0	0.0	0.0	0.0	0.0	0.0	0.0	0.0	0.0	0.0	0.0	0.0	0.0	0.0	0.0	637697.86	0.0	0.0	0.0	0.0	0.0	0.0	0.0	0.0	0.0	0.0	0.0	0.0	0.0
AAC(6')	multiple	AAC(6')-Ib-Hangzhou | AAC(6')-Ib9 | ANT(3'')-II-AAC(6')-IId bifunctional protein | AAC(6')-Ib4 | AAC(6')-Ib11 | AAC(6')-Ib3 | AAC(6')-Ib10 | AAC(6')-Ib' | AAC(6')-Ib7 | AAC(6')-Ib8 | AAC(6')-Ib | AAC(6')-30/AAC(6')-Ib' bifunctional protein | AAC(6')-Ib-Suzhou	aminoglycoside antibiotic	antibiotic inactivation	0.0	0.0	0.0	0.0	72609.56	0.0	0.0	0.0	0.0	0.0	0.0	0.0	0.0	0.0	0.0	0.0	0.0	0.0	0.0	0.0	0.0	0.0	0.0	0.0	0.0	0.0	0.0	0.0	0.0	0.0	0.0	0.0	0.0	0.0	0.0	0.0
AAC(6')	multiple	AAC(6')-Ib-Suzhou | AAC(6')-Ib' | AAC(6')-Ib-Hangzhou | AAC(6')-Ib9 | AAC(6')-30/AAC(6')-Ib' bifunctional protein | AAC(6')-Ib | AAC(6')-Iz | ANT(3'')-II-AAC(6')-IId bifunctional protein | AAC(6')-Ib3 | AAC(6')-Ib7 | AAC(6')-Ib10 | AAC(6')-Ib8 | AAC(6')-Iak | AAC(6')-Ib4 | AAC(6')-Ib11	aminoglycoside antibiotic	antibiotic inactivation	0.0	0.0	0.0	0.0	0.0	0.0	0.0	0.0	0.0	0.0	0.0	0.0	0.0	0.0	0.0	0.0	0.0	0.0	0.0	0.0	0.0	0.0	0.0	0.0	954251.23	0.0	0.0	0.0	0.0	0.0	0.0	0.0	0.0	0.0	0.0	0.0
AAC(6')	multiple	AAC(6')-Ib-Suzhou | AAC(6')-Iz | AAC(6')-Ib7 | AAC(6')-Iak | AAC(6')-Ib3 | AAC(6')-Ib4 | AAC(6')-Ib-Hangzhou | AAC(6')-30/AAC(6')-Ib' bifunctional protein | AAC(6')-Ib' | AAC(6')-Ib9 | AAC(6')-Ib11 | AAC(6')-Ib | AAC(6')-Ib10 | AAC(6')-Ib8 | ANT(3'')-II-AAC(6')-IId bifunctional protein	aminoglycoside antibiotic	antibiotic inactivation	0.0	0.0	0.0	0.0	0.0	0.0	0.0	0.0	0.0	0.0	0.0	0.0	0.0	0.0	0.0	0.0	0.0	0.0	0.0	0.0	0.0	0.0	0.0	0.0	0.0	0.0	0.0	0.0	0.0	0.0	0.0	0.0	565942.34	0.0	0.0	0.0
AAC(6')	multiple	AAC(6')-Ib10 | AAC(6')-Ib4 | AAC(6')-Ib7 | AAC(6')-Ib-Suzhou | AAC(6')-30/AAC(6')-Ib' bifunctional protein | AAC(6')-Ib11 | AAC(6')-Ib-Hangzhou | AAC(6')-Ib9 | AAC(6')-Ib | AAC(6')-Ib' | ANT(3'')-II-AAC(6')-IId bifunctional protein | AAC(6')-Ib8 | AAC(6')-Ib3	aminoglycoside antibiotic	antibiotic inactivation	0.0	0.0	0.0	0.0	0.0	0.0	0.0	0.0	0.0	0.0	0.0	0.0	0.0	0.0	174749.36	0.0	0.0	0.0	0.0	0.0	0.0	0.0	0.0	0.0	0.0	0.0	0.0	0.0	0.0	0.0	0.0	0.0	0.0	0.0	0.0	0.0
AAC(6')	multiple	AAC(6')-Ib3 | AAC(6')-Ib4 | AAC(6')-Ib10 | AAC(6')-Ib-Suzhou | AAC(6')-30/AAC(6')-Ib' bifunctional protein | ANT(3'')-II-AAC(6')-IId bifunctional protein | AAC(6')-Ib-Hangzhou | AAC(6')-Ib7 | AAC(6')-Iz | AAC(6')-Ib9 | AAC(6')-Ib8 | AAC(6')-Ib11 | AAC(6')-Ib' | AAC(6')-Iak | AAC(6')-Ib	aminoglycoside antibiotic	antibiotic inactivation	0.0	0.0	0.0	0.0	0.0	0.0	0.0	0.0	0.0	0.0	0.0	0.0	0.0	0.0	0.0	0.0	0.0	0.0	0.0	0.0	0.0	0.0	0.0	0.0	0.0	0.0	0.0	0.0	0.0	0.0	0.0	0.0	0.0	215677.52	0.0	0.0
AAC(6')	multiple	AAC(6')-Ib4 | AAC(3)-Ib/AAC(6')-Ib3 bifunctional protein | AAC(6')-Ib8 | AAC(6')-Ib-Suzhou | AAC(6')-Ib3 | ANT(3'')-II-AAC(6')-IId bifunctional protein | AAC(6')-Ib' | AAC(6')-Ib | AAC(6')-Ib9 | AAC(6')-Ib11 | AAC(6')-Ib7 | AAC(6')-Ib-Hangzhou | AAC(6')-Ib10 | AAC(6')-30/AAC(6')-Ib' bifunctional protein	aminoglycoside antibiotic	antibiotic inactivation	0.0	0.0	0.0	0.0	0.0	0.0	0.0	0.0	0.0	0.0	0.0	0.0	0.0	0.0	0.0	0.0	0.0	0.0	0.0	0.0	0.0	0.0	0.0	0.0	0.0	0.0	0.0	0.0	668481.64	0.0	0.0	0.0	0.0	0.0	0.0	0.0
AAC(6')	multiple	AAC(6')-Ib7 | AAC(6')-Ib-Hangzhou | AAC(6')-30/AAC(6')-Ib' bifunctional protein | AAC(6')-Ib10 | AAC(6')-Ib-Suzhou | AAC(6')-Ib' | ANT(3'')-II-AAC(6')-IId bifunctional protein | AAC(6')-Ib | AAC(6')-Ib4 | AAC(6')-Ib9 | AAC(6')-Ib3 | AAC(6')-Ib11 | AAC(6')-Ib8	aminoglycoside antibiotic	antibiotic inactivation	0.0	0.0	0.0	0.0	0.0	0.0	0.0	0.0	0.0	0.0	0.0	0.0	0.0	1063711.33	0.0	0.0	0.0	0.0	0.0	0.0	0.0	0.0	0.0	0.0	0.0	0.0	0.0	0.0	0.0	0.0	0.0	0.0	0.0	0.0	0.0	0.0
AAC(6')	multiple	AAC(6')-Ib9 | ANT(3'')-II-AAC(6')-IId bifunctional protein | AAC(6')-Ib7 | AAC(6')-Ib4 | AAC(6')-Ib' | AAC(6')-Ib10 | AAC(6')-Iak | AAC(6')-30/AAC(6')-Ib' bifunctional protein | AAC(6')-Ib-Suzhou | AAC(6')-Ib8 | AAC(6')-Iz | AAC(6')-Ib3 | AAC(6')-Ib11 | AAC(6')-Ib | AAC(6')-Ib-Hangzhou	aminoglycoside antibiotic	antibiotic inactivation	0.0	0.0	0.0	0.0	0.0	0.0	0.0	0.0	0.0	0.0	0.0	0.0	0.0	0.0	0.0	0.0	0.0	0.0	0.0	0.0	1388423.3	0.0	0.0	0.0	0.0	0.0	0.0	0.0	0.0	0.0	0.0	0.0	0.0	0.0	0.0	0.0
AAC(6')	multiple	AAC(6')-Iz | AAC(6')-Iak	aminoglycoside antibiotic	antibiotic inactivation	152455.02	0.0	0.0	0.0	0.0	0.0	44211.49	0.0	0.0	0.0	0.0	0.0	0.0	0.0	0.0	0.0	0.0	0.0	0.0	0.0	0.0	0.0	0.0	0.0	0.0	0.0	0.0	0.0	0.0	0.0	0.0	0.0	0.0	0.0	0.0	0.0
AAC(6')	multiple	AAC(6')-Iz | AAC(6')-Ib8 | AAC(6')-Ib' | AAC(6')-Ib7 | AAC(6')-Ib10 | AAC(6')-Ib | ANT(3'')-II-AAC(6')-IId bifunctional protein | AAC(6')-Ib3 | AAC(6')-Ib4 | AAC(6')-Ib-Suzhou | AAC(6')-Iak | AAC(6')-Ib-Hangzhou | AAC(6')-Ib9 | AAC(6')-30/AAC(6')-Ib' bifunctional protein | AAC(6')-Ib11	aminoglycoside antibiotic	antibiotic inactivation	0.0	0.0	0.0	0.0	0.0	0.0	0.0	0.0	0.0	0.0	0.0	0.0	0.0	0.0	0.0	0.0	0.0	0.0	0.0	0.0	0.0	0.0	0.0	0.0	0.0	0.0	0.0	0.0	0.0	0.0	1189314.9	0.0	0.0	0.0	0.0	0.0
AAC(6')	multiple	ANT(3'')-II-AAC(6')-IId bifunctional protein | AAC(6')-30/AAC(6')-Ib' bifunctional protein | AAC(6')-Ib8 | AAC(6')-Ib7 | AAC(6')-Ib4 | AAC(6')-Ib-Suzhou | AAC(6')-Ib11 | AAC(6')-Ib3 | AAC(6')-Ib9 | AAC(6')-Ib | AAC(6')-Ib-Hangzhou | AAC(6')-Ib' | AAC(6')-Ib10	aminoglycoside antibiotic	antibiotic inactivation	0.0	0.0	0.0	0.0	0.0	0.0	0.0	0.0	0.0	0.0	0.0	0.0	0.0	0.0	0.0	124420.83	0.0	0.0	0.0	0.0	0.0	0.0	0.0	0.0	0.0	0.0	0.0	0.0	0.0	0.0	0.0	0.0	0.0	0.0	0.0	0.0
AAC(6')	multiple	ANT(3'')-II-AAC(6')-IId bifunctional protein | AAC(6')-Ib9 | AAC(6')-Ib7 | AAC(6')-Ib-Hangzhou | AAC(6')-30/AAC(6')-Ib' bifunctional protein | AAC(6')-Ib10 | AAC(6')-Ib | AAC(6')-Ib4 | AAC(6')-Ib8 | AAC(6')-Ib-Suzhou | AAC(6')-Ib' | AAC(6')-Ib3 | AAC(6')-Ib11	aminoglycoside antibiotic	antibiotic inactivation	0.0	0.0	0.0	0.0	0.0	0.0	0.0	0.0	0.0	0.0	0.0	0.0	0.0	0.0	0.0	0.0	0.0	0.0	0.0	0.0	0.0	0.0	0.0	0.0	0.0	0.0	0.0	152039.9	0.0	0.0	0.0	0.0	0.0	0.0	0.0	0.0
AAC(6');AAC(6')-Ib-cr	multiple	AAC(6')-Ib-cr4 | AAC(6')-Ib-cr7 | AAC(6')-Ib-cr5 | aac(6')-Ib-cr11 | AAC(6')-Ib-cr8 | AAC(6')-Ib-cr3 | AAC(6')-Ib-cr9 | AAC(6')-Ib-cr6 | aac(6')-Ib-cr10 | AAC(6')-Ib-cr1	aminoglycoside antibiotic;fluoroquinolone antibiotic	antibiotic inactivation	0.0	0.0	0.0	0.0	0.0	0.0	0.0	0.0	0.0	0.0	0.0	0.0	0.0	0.0	0.0	0.0	0.0	0.0	0.0	0.0	0.0	0.0	0.0	0.0	0.0	0.0	6312222.24	0.0	0.0	0.0	0.0	0.0	0.0	0.0	0.0	0.0
AAC(6');AAC(6')-Ib-cr	multiple	AAC(6')-Ib-cr5 | AAC(6')-Ib-cr4 | aac(6')-Ib-cr10 | AAC(6')-Ib-cr8 | AAC(6')-Ib-cr1 | AAC(6')-Ib-cr6 | AAC(6')-Ib-cr9 | AAC(6')-Ib-cr7 | aac(6')-Ib-cr11	aminoglycoside antibiotic;fluoroquinolone antibiotic	antibiotic inactivation	0.0	0.0	0.0	0.0	0.0	0.0	0.0	0.0	0.0	0.0	0.0	0.0	0.0	0.0	0.0	0.0	0.0	0.0	0.0	0.0	0.0	0.0	0.0	0.0	0.0	0.0	0.0	0.0	0.0	0.0	37912.13	0.0	0.0	0.0	0.0	0.0
AAC(6');AAC(6')-Ib-cr	multiple	AAC(6')-Ib-cr6 | AAC(6')-Ib-cr4 | aac(6')-Ib-cr11 | aac(6')-Ib-cr10 | AAC(6')-Ib-cr9 | AAC(6')-Ib-cr7 | AAC(6')-Ib-cr5 | AAC(6')-Ib-cr3 | AAC(6')-Ib-cr1 | AAC(6')-Ib-cr8	aminoglycoside antibiotic;fluoroquinolone antibiotic	antibiotic inactivation	0.0	0.0	0.0	0.0	0.0	0.0	0.0	0.0	0.0	0.0	0.0	0.0	0.0	0.0	0.0	0.0	0.0	0.0	0.0	0.0	0.0	0.0	0.0	0.0	0.0	0.0	0.0	0.0	6093169.45	0.0	0.0	0.0	0.0	0.0	0.0	0.0
AAC(6');AAC(6')-Ib-cr	multiple	AAC(6')-Ib-cr7 | AAC(6')-Ib-cr1 | AAC(6')-Ib-cr5 | AAC(6')-Ib-cr6 | aac(6')-Ib-cr11 | aac(6')-Ib-cr10 | AAC(6')-Ib-cr9 | AAC(6')-Ib-cr4 | AAC(6')-Ib-cr8	aminoglycoside antibiotic;fluoroquinolone antibiotic	antibiotic inactivation	84605.67	0.0	0.0	0.0	0.0	0.0	0.0	0.0	0.0	0.0	0.0	0.0	0.0	0.0	0.0	0.0	0.0	0.0	0.0	0.0	0.0	0.0	0.0	0.0	0.0	0.0	0.0	0.0	0.0	0.0	0.0	0.0	0.0	0.0	0.0	0.0
AAC(6');AAC(6')-Ib-cr	multiple	AAC(6')-Ib-cr7 | AAC(6')-Ib-cr1 | aac(6')-Ib-cr11 | AAC(6')-Ib-cr5 | AAC(6')-Ib-cr4 | AAC(6')-Ib-cr6 | AAC(6')-Ib-cr8 | AAC(6')-Ib-cr9 | aac(6')-Ib-cr10	aminoglycoside antibiotic;fluoroquinolone antibiotic	antibiotic inactivation	0.0	0.0	0.0	0.0	0.0	0.0	0.0	0.0	0.0	0.0	0.0	0.0	0.0	0.0	0.0	0.0	0.0	0.0	0.0	0.0	0.0	0.0	0.0	0.0	0.0	0.0	0.0	0.0	0.0	0.0	0.0	0.0	0.0	254382.9	0.0	0.0
AAC(6');AAC(6')-Ib-cr	multiple	aac(6')-Ib-cr10 | AAC(6')-Ib-cr1 | AAC(6')-Ib-cr4 | AAC(6')-Ib-cr7 | AAC(6')-Ib-cr5 | AAC(6')-Ib-cr6 | AAC(6')-Ib-cr9 | AAC(6')-Ib-cr8 | aac(6')-Ib-cr11	aminoglycoside antibiotic;fluoroquinolone antibiotic	antibiotic inactivation	0.0	0.0	0.0	0.0	0.0	0.0	0.0	0.0	0.0	0.0	0.0	0.0	0.0	0.0	0.0	0.0	0.0	0.0	0.0	0.0	0.0	0.0	0.0	0.0	0.0	0.0	0.0	0.0	0.0	0.0	0.0	0.0	489504.43	0.0	0.0	0.0
AAC(6');AAC(6')-Ib-cr	multiple	aac(6')-Ib-cr11 | AAC(6')-Ib-cr8 | AAC(6')-Ib-cr6 | AAC(6')-Ib-cr9 | AAC(6')-Ib-cr4 | AAC(6')-Ib-cr5 | aac(6')-Ib-cr10 | AAC(6')-Ib-cr7 | AAC(6')-Ib-cr1	aminoglycoside antibiotic;fluoroquinolone antibiotic	antibiotic inactivation	0.0	0.0	0.0	0.0	0.0	0.0	0.0	0.0	0.0	0.0	0.0	0.0	0.0	0.0	0.0	0.0	0.0	0.0	0.0	0.0	0.0	0.0	0.0	0.0	0.0	0.0	0.0	74976.85	0.0	0.0	0.0	0.0	0.0	0.0	0.0	0.0
ACI beta-lactamase	ARO_3004359__ACI-1__H	ACI-1	cephalosporin;penicillin beta-lactam	antibiotic inactivation	0.0	0.0	0.0	0.0	116214.49	3250495.63	0.0	0.0	0.0	0.0	0.0	0.0	1139423.34	6552092.9	1438422.73	165950.42	97024.82	0.0	0.0	0.0	0.0	23775.2	0.0	370165.12	0.0	0.0	0.0	1411406.25	361498.17	556126.27	0.0	0.0	0.0	0.0	0.0	134983.67
ACT beta-lactamase	ARO_3006249__ACT-54__H	ACT-54	carbapenem;cephalosporin;penicillin beta-lactam	antibiotic inactivation	0.0	0.0	0.0	0.0	21676.13	12500.56	0.0	0.0	0.0	0.0	0.0	0.0	22370.88	0.0	0.0	0.0	0.0	0.0	0.0	0.0	0.0	0.0	0.0	0.0	0.0	0.0	112388.47	0.0	31729.9	0.0	0.0	0.0	107756.21	20532.65	0.0	0.0
ACT beta-lactamase	ARO_3007890__ACT-107__H	ACT-107	carbapenem;cephalosporin;penicillin beta-lactam	antibiotic inactivation	0.0	0.0	0.0	0.0	0.0	0.0	0.0	0.0	0.0	0.0	0.0	0.0	0.0	0.0	0.0	0.0	0.0	0.0	0.0	0.0	0.0	0.0	0.0	0.0	0.0	0.0	67433.08	0.0	47594.85	0.0	0.0	0.0	21551.24	82130.6	0.0	0.0
ACT beta-lactamase	ARO_3007903__ACT-121__H	ACT-121	carbapenem;cephalosporin;penicillin beta-lactam	antibiotic inactivation	0.0	0.0	0.0	0.0	0.0	0.0	0.0	0.0	0.0	0.0	0.0	0.0	0.0	0.0	0.0	0.0	0.0	0.0	0.0	0.0	0.0	0.0	0.0	0.0	0.0	0.0	0.0	0.0	0.0	0.0	0.0	0.0	21551.24	41065.3	0.0	0.0
ACT beta-lactamase	ARO_3007906__ACT-124__H	ACT-124	carbapenem;cephalosporin;penicillin beta-lactam	antibiotic inactivation	0.0	0.0	0.0	0.0	0.0	0.0	0.0	0.0	0.0	0.0	0.0	0.0	0.0	0.0	0.0	0.0	0.0	0.0	0.0	0.0	0.0	0.0	0.0	0.0	0.0	0.0	22477.69	0.0	47594.85	0.0	0.0	0.0	0.0	0.0	0.0	0.0
ACT beta-lactamase	ARO_3007921__ACT-156__H	ACT-156	carbapenem;cephalosporin;penicillin beta-lactam	antibiotic inactivation	20486.97	0.0	0.0	0.0	0.0	0.0	0.0	0.0	0.0	0.0	0.0	0.0	201337.89	0.0	0.0	0.0	0.0	0.0	0.0	0.0	0.0	0.0	0.0	0.0	0.0	0.0	67433.08	0.0	47594.85	0.0	0.0	0.0	107756.21	143728.56	0.0	0.0
ACT beta-lactamase	multiple	ACT-107 | ACT-154 | ACT-190 | ACT-110 | ACT-104 | ACT-103 | ACT-97 | ACT-12 | ACT-64 | ACT-185 | ACT-51 | ACT-99 | ACT-142 | ACT-54 | ACT-150 | ACT-156 | ACT-117 | ACT-162 | ACT-112 | ACT-118 | ACT-169 | ACT-166 | ACT-98 | ACT-101 | ACT-109 | ACT-22 | ACT-96 | ACT-161 | ACT-131 | ACT-95 | ACT-100	carbapenem;cephalosporin;penicillin beta-lactam	antibiotic inactivation	0.0	0.0	0.0	0.0	0.0	0.0	0.0	0.0	0.0	0.0	0.0	0.0	0.0	0.0	0.0	0.0	0.0	0.0	0.0	0.0	0.0	0.0	0.0	0.0	0.0	0.0	0.0	0.0	0.0	0.0	0.0	0.0	0.0	677577.48	0.0	0.0
ACT beta-lactamase	multiple	ACT-121 | ACT-156	carbapenem;cephalosporin;penicillin beta-lactam	antibiotic inactivation	0.0	0.0	0.0	0.0	0.0	0.0	0.0	0.0	0.0	0.0	0.0	0.0	0.0	0.0	0.0	0.0	0.0	0.0	30352.19	0.0	0.0	0.0	0.0	0.0	0.0	0.0	0.0	0.0	0.0	0.0	0.0	0.0	0.0	0.0	0.0	0.0
ACT beta-lactamase	multiple	ACT-145 | ACT-113 | ACT-123 | ACT-107 | ACT-169 | ACT-89 | ACT-186 | ACT-1 | ACT-33 | ACT-57 | ACT-32 | ACT-85 | ACT-156 | ACT-178 | ACT-43 | ACT-121 | ACT-96 | ACT-34 | ACT-142 | ACT-104 | ACT-98 | ACT-7 | ACT-3 | ACT-70 | ACT-190 | ACT-64 | ACT-65 | ACT-183 | ACT-40 | ACT-73 | ACT-15 | ACT-154 | ACT-179 | ACT-105 | ACT-68 | ACT-171 | ACT-150 | ACT-174 | ACT-118 | ACT-97 | ACT-GC1 | ACT-101 | ACT-42 | ACT-161 | ACT-92 | ACT-86 | ACT-2 | ACT-93 | ACT-100 | ACT-162 | ACT-194 | ACT-94 | ACT-106 | ACT-95 | ACT-17 | ACT-54 | ACT-185 | ACT-103 | ACT-74 | ACT-44 | ACT-110 | ACT-51 | ACT-99	carbapenem;cephalosporin;penicillin beta-lactam	antibiotic inactivation	0.0	0.0	0.0	0.0	0.0	0.0	0.0	0.0	0.0	0.0	0.0	0.0	0.0	0.0	0.0	0.0	0.0	0.0	0.0	0.0	0.0	0.0	0.0	0.0	0.0	0.0	1303760.38	0.0	0.0	0.0	0.0	0.0	0.0	0.0	0.0	0.0
ACT beta-lactamase	multiple	ACT-150 | ACT-169 | ACT-190 | ACT-121 | ACT-95 | ACT-101 | ACT-51 | ACT-118 | ACT-161 | ACT-185 | ACT-156 | ACT-162 | ACT-107 | ACT-100 | ACT-142 | ACT-97 | ACT-96 | ACT-104 | ACT-98 | ACT-110 | ACT-154 | ACT-54 | ACT-64 | ACT-99 | ACT-103	carbapenem;cephalosporin;penicillin beta-lactam	antibiotic inactivation	0.0	0.0	0.0	0.0	0.0	0.0	0.0	0.0	0.0	0.0	0.0	0.0	268450.53	0.0	0.0	0.0	0.0	0.0	0.0	0.0	0.0	0.0	0.0	0.0	0.0	0.0	0.0	0.0	0.0	0.0	0.0	0.0	0.0	0.0	0.0	0.0
ACT beta-lactamase	multiple	ACT-154 | ACT-107 | ACT-99 | ACT-156 | ACT-118 | ACT-161 | ACT-54 | ACT-162	carbapenem;cephalosporin;penicillin beta-lactam	antibiotic inactivation	0.0	0.0	0.0	0.0	0.0	0.0	0.0	0.0	0.0	0.0	0.0	0.0	0.0	0.0	0.0	0.0	0.0	0.0	0.0	0.0	0.0	0.0	0.0	0.0	0.0	0.0	0.0	0.0	285569.08	0.0	0.0	0.0	0.0	0.0	0.0	0.0
ACT beta-lactamase	multiple	ACT-161 | ACT-100 | ACT-104 | ACT-99 | ACT-154 | ACT-96 | ACT-142 | ACT-162 | ACT-150 | ACT-110 | ACT-101 | ACT-103 | ACT-118 | ACT-51 | ACT-64 | ACT-95 | ACT-185 | ACT-169 | ACT-97 | ACT-156 | ACT-107 | ACT-98 | ACT-190 | ACT-54	carbapenem;cephalosporin;penicillin beta-lactam	antibiotic inactivation	102434.87	0.0	0.0	0.0	0.0	0.0	0.0	0.0	0.0	0.0	0.0	0.0	0.0	0.0	0.0	0.0	0.0	0.0	0.0	0.0	0.0	0.0	0.0	0.0	0.0	0.0	0.0	0.0	0.0	0.0	0.0	0.0	0.0	0.0	0.0	0.0
ACT beta-lactamase	multiple	ACT-169 | ACT-190 | ACT-6 | ACT-4 | ACT-12 | ACT-101 | ACT-103 | ACT-92 | ACT-100 | ACT-93 | ACT-99 | ACT-131 | ACT-186 | ACT-166 | ACT-97 | ACT-107 | ACT-156 | ACT-142 | ACT-51 | ACT-162 | ACT-112 | ACT-110 | ACT-109 | ACT-87 | ACT-161 | ACT-150 | ACT-52 | ACT-37 | ACT-145 | ACT-54 | ACT-143 | ACT-64 | ACT-185 | ACT-19 | ACT-154 | ACT-95 | ACT-28 | ACT-38 | ACT-117 | ACT-104 | ACT-98 | ACT-57 | ACT-96 | ACT-102 | ACT-172 | ACT-121 | ACT-22 | ACT-116 | ACT-118	carbapenem;cephalosporin;penicillin beta-lactam	antibiotic inactivation	0.0	0.0	0.0	0.0	0.0	0.0	0.0	0.0	0.0	0.0	0.0	0.0	0.0	0.0	0.0	0.0	0.0	0.0	0.0	0.0	0.0	0.0	0.0	0.0	0.0	0.0	0.0	0.0	0.0	0.0	0.0	0.0	668124.21	0.0	0.0	0.0
ACT beta-lactamase	multiple	ACT-95 | ACT-110 | ACT-96 | ACT-150 | ACT-154 | ACT-103 | ACT-99 | ACT-185 | ACT-169 | ACT-142 | ACT-101 | ACT-100 | ACT-190 | ACT-64 | ACT-161 | ACT-107 | ACT-104 | ACT-54 | ACT-98 | ACT-97 | ACT-162 | ACT-51 | ACT-156	carbapenem;cephalosporin;penicillin beta-lactam	antibiotic inactivation	0.0	0.0	0.0	0.0	238437.45	0.0	0.0	0.0	0.0	0.0	0.0	0.0	0.0	0.0	0.0	0.0	0.0	0.0	0.0	0.0	0.0	0.0	0.0	0.0	0.0	0.0	0.0	0.0	0.0	0.0	0.0	0.0	0.0	0.0	0.0	0.0
ACT beta-lactamase	multiple	ACT-99 | ACT-54 | ACT-161 | ACT-107 | ACT-118 | ACT-156 | ACT-121 | ACT-154 | ACT-162	carbapenem;cephalosporin;penicillin beta-lactam	antibiotic inactivation	0.0	0.0	0.0	0.0	0.0	87503.9	0.0	0.0	0.0	0.0	0.0	0.0	0.0	0.0	0.0	0.0	0.0	0.0	0.0	0.0	0.0	0.0	0.0	0.0	0.0	0.0	0.0	0.0	0.0	0.0	0.0	0.0	0.0	0.0	0.0	0.0
AER beta-lactamase	ARO_3002481__AER-1__H	AER-1	penicillin beta-lactam	antibiotic inactivation	0.0	0.0	0.0	0.0	0.0	0.0	0.0	0.0	0.0	0.0	0.0	23254.57	0.0	0.0	0.0	0.0	0.0	0.0	0.0	0.0	0.0	0.0	0.0	0.0	0.0	0.0	0.0	477516.47	59610.59	0.0	0.0	0.0	26992.05	77148.91	0.0	0.0
AIM beta-lactamase	ARO_3000853__AIM-1__H	AIM-1	cephalosporin;penicillin beta-lactam	antibiotic inactivation	0.0	35788.23	20420.75	0.0	0.0	0.0	0.0	0.0	0.0	0.0	0.0	0.0	0.0	0.0	0.0	0.0	0.0	0.0	0.0	0.0	0.0	0.0	0.0	0.0	0.0	0.0	0.0	0.0	0.0	0.0	0.0	0.0	0.0	0.0	0.0	0.0
AIM beta-lactamase	multiple	AIM-2 | AIM-1	cephalosporin;penicillin beta-lactam	antibiotic inactivation	0.0	0.0	0.0	0.0	0.0	0.0	0.0	0.0	0.0	0.0	0.0	0.0	0.0	266017.55	0.0	0.0	0.0	0.0	0.0	0.0	0.0	0.0	0.0	0.0	0.0	0.0	0.0	0.0	0.0	0.0	0.0	0.0	0.0	0.0	0.0	0.0
ANT(2'')	ARO_3000230__ANT_2''_-Ia__H	ANT(2'')-Ia	aminoglycoside antibiotic	antibiotic inactivation	25940192.78	0.0	0.0	127231.1	125413715.64	3192417.44	279036614.73	5460602.72	2399321.77	1018281.56	499810.44	8766190.46	63180384.07	28622292.96	18040891.85	4171601.88	71118644.58	200855.78	15795925.83	2568784.13	6690575.73	57138613.4	670043.37	2872218.95	935809.52	2566883.52	9068865.23	974067.18	70103287.46	3732943.51	2127764.89	112590.42	70578139.42	69621835.81	692536.84	802752.01
ANT(3'')	ARO_3002604__aadA4__H	aadA4	aminoglycoside antibiotic	antibiotic inactivation	0.0	0.0	0.0	0.0	0.0	0.0	0.0	0.0	0.0	0.0	0.0	0.0	0.0	0.0	0.0	0.0	0.0	0.0	0.0	0.0	0.0	25764.0	0.0	0.0	0.0	0.0	0.0	0.0	0.0	0.0	0.0	0.0	0.0	0.0	0.0	0.0
ANT(3'')	ARO_3002605__aadA5__H	aadA5	aminoglycoside antibiotic	antibiotic inactivation	0.0	0.0	0.0	28703.6	0.0	0.0	0.0	0.0	0.0	0.0	0.0	0.0	0.0	0.0	0.0	0.0	0.0	0.0	0.0	0.0	0.0	0.0	0.0	0.0	0.0	0.0	0.0	0.0	0.0	0.0	0.0	0.0	0.0	59646.18	0.0	0.0
ANT(3'')	ARO_3002606__aadA6__H	aadA6	aminoglycoside antibiotic	antibiotic inactivation	0.0	0.0	0.0	0.0	0.0	0.0	0.0	0.0	0.0	0.0	0.0	0.0	121215.25	0.0	0.0	0.0	0.0	0.0	0.0	0.0	0.0	0.0	0.0	0.0	0.0	0.0	0.0	0.0	0.0	0.0	0.0	0.0	467096.43	500647.19	131139.95	38977.05
ANT(3'')	ARO_3002607__aadA7__H	aadA7	aminoglycoside antibiotic	antibiotic inactivation	147105.72	0.0	0.0	0.0	186773.29	0.0	1407787.01	0.0	0.0	0.0	0.0	53328.16	64253.2	110552.75	21405.1	17780.4	478193.73	0.0	65382.72	20223.07	19636.63	127367.13	0.0	30508.11	0.0	0.0	64559.99	0.0	273401.98	0.0	26367.46	0.0	123798.11	206407.17	0.0	0.0
ANT(3'')	ARO_3002613__aadA13__H	aadA13	aminoglycoside antibiotic	antibiotic inactivation	0.0	0.0	0.0	0.0	0.0	0.0	0.0	0.0	0.0	0.0	0.0	0.0	0.0	0.0	0.0	0.0	0.0	0.0	0.0	0.0	0.0	0.0	0.0	0.0	0.0	0.0	613319.91	0.0	22783.5	0.0	0.0	0.0	0.0	0.0	0.0	0.0
ANT(3'')	ARO_3002616__aadA16__H	aadA16	aminoglycoside antibiotic	antibiotic inactivation	693796.48	0.0	0.0	0.0	352352.44	0.0	2824832.19	25915.51	0.0	0.0	0.0	50302.45	242430.5	104280.25	80762.51	0.0	843290.15	0.0	246692.24	76302.64	55567.49	648759.4	0.0	0.0	0.0	0.0	30448.51	0.0	515779.61	0.0	0.0	0.0	2890159.16	2391981.02	0.0	0.0
ANT(3'')	ARO_3002617__aadA17__H	aadA17	aminoglycoside antibiotic	antibiotic inactivation	0.0	0.0	0.0	0.0	0.0	0.0	0.0	0.0	0.0	0.0	0.0	0.0	0.0	0.0	21567.26	0.0	0.0	0.0	0.0	0.0	0.0	0.0	0.0	0.0	0.0	0.0	0.0	0.0	0.0	0.0	0.0	0.0	0.0	0.0	0.0	0.0
ANT(3'')	ARO_3002619__aadA22__H	aadA22	aminoglycoside antibiotic	antibiotic inactivation	0.0	0.0	0.0	0.0	0.0	0.0	0.0	0.0	0.0	0.0	0.0	0.0	0.0	0.0	0.0	0.0	0.0	0.0	0.0	0.0	0.0	25666.41	0.0	0.0	0.0	0.0	0.0	0.0	0.0	0.0	0.0	0.0	0.0	0.0	0.0	0.0
ANT(3'')	ARO_3002622__aadA6_aadA10__H	aadA6/aadA10	aminoglycoside antibiotic	antibiotic inactivation	0.0	0.0	0.0	0.0	0.0	0.0	0.0	0.0	0.0	0.0	0.0	0.0	0.0	0.0	0.0	0.0	0.0	0.0	0.0	0.0	0.0	0.0	0.0	0.0	0.0	0.0	0.0	0.0	0.0	0.0	0.0	0.0	29613.58	0.0	0.0	0.0
ANT(3'')	ARO_3003197__aadA25__H	aadA25	aminoglycoside antibiotic	antibiotic inactivation	0.0	0.0	0.0	0.0	125458.82	18087.93	0.0	0.0	0.0	0.0	0.0	0.0	0.0	0.0	0.0	0.0	0.0	0.0	0.0	0.0	0.0	0.0	0.0	0.0	0.0	0.0	0.0	52540.59	0.0	0.0	0.0	0.0	0.0	0.0	0.0	0.0
ANT(3'')	ARO_3004692__aadA10__H	aadA10	aminoglycoside antibiotic	antibiotic inactivation	985290.82	0.0	0.0	0.0	1102051.98	0.0	7910676.54	105153.6	39902.76	54332.77	106674.17	153078.67	491837.41	925581.02	552990.75	68051.61	2068932.03	0.0	583897.46	212851.43	187890.08	1998656.05	35751.71	29191.22	59918.74	111050.28	92659.84	24947.33	1744003.01	0.0	126146.47	0.0	2072950.44	1833905.47	44342.29	0.0
ANT(3'')	multiple	aadA | aadA15 | aadA23 | aadA24 | aadA12 | aadA8b | aadA25 | aadA22 | aadA21 | aadA17 | aadA8	aminoglycoside antibiotic	antibiotic inactivation	0.0	0.0	0.0	0.0	0.0	0.0	439641.77	0.0	0.0	0.0	0.0	0.0	0.0	0.0	0.0	0.0	0.0	0.0	0.0	0.0	0.0	0.0	0.0	0.0	0.0	0.0	0.0	0.0	0.0	0.0	0.0	0.0	0.0	0.0	0.0	0.0
ANT(3'')	multiple	aadA | aadA21 | aadA23 | aadA25 | aadA24 | aadA17 | aadA3 | aadA2 | aadA12 | aadA22 | aadA8 | aadA15 | aadA8b	aminoglycoside antibiotic	antibiotic inactivation	0.0	0.0	0.0	0.0	0.0	0.0	0.0	0.0	0.0	0.0	0.0	0.0	0.0	0.0	0.0	12980088.33	0.0	0.0	0.0	0.0	0.0	0.0	0.0	0.0	0.0	0.0	0.0	0.0	0.0	0.0	0.0	0.0	0.0	0.0	0.0	0.0
ANT(3'')	multiple	aadA | aadA25 | aadA22 | aadA24 | aadA12 | aadA2 | aadA8b | aadA3 | aadA23 | aadA15 | aadA17 | aadA8 | aadA21	aminoglycoside antibiotic	antibiotic inactivation	0.0	0.0	0.0	0.0	0.0	0.0	0.0	0.0	0.0	0.0	0.0	0.0	0.0	456514063.64	0.0	0.0	0.0	0.0	0.0	0.0	0.0	0.0	0.0	0.0	0.0	0.0	0.0	0.0	0.0	0.0	0.0	0.0	0.0	0.0	0.0	0.0
ANT(3'')	multiple	aadA | aadA3 | aadA12 | aadA25 | aadA24 | aadA2 | aadA6 | aadA23 | aadA11 | aadA16 | aadA8 | aadA22 | aadA10 | aadA17 | aadA15 | aadA21 | aadA8b | aadA6/aadA10	aminoglycoside antibiotic	antibiotic inactivation	18988901.67	0.0	0.0	0.0	0.0	0.0	0.0	0.0	0.0	0.0	0.0	0.0	0.0	0.0	0.0	0.0	0.0	0.0	0.0	0.0	0.0	0.0	0.0	0.0	0.0	0.0	0.0	0.0	0.0	0.0	0.0	0.0	0.0	0.0	0.0	0.0
ANT(3'')	multiple	aadA | aadA8 | aadA25 | aadA3 | aadA8b | aadA22 | aadA12 | aadA21 | aadA17 | aadA24 | aadA15 | aadA23 | aadA2	aminoglycoside antibiotic	antibiotic inactivation	0.0	0.0	0.0	0.0	0.0	0.0	0.0	0.0	0.0	0.0	0.0	0.0	0.0	0.0	0.0	0.0	0.0	0.0	0.0	0.0	0.0	0.0	0.0	0.0	0.0	0.0	37469184.03	0.0	0.0	0.0	0.0	0.0	0.0	0.0	0.0	0.0
ANT(3'')	multiple	aadA | aadA8b | aadA8 | aadA3 | aadA22 | aadA24 | aadA12 | aadA15 | aadA21 | aadA2 | aadA17 | aadA25 | aadA23	aminoglycoside antibiotic	antibiotic inactivation	0.0	0.0	0.0	0.0	0.0	0.0	0.0	0.0	0.0	0.0	0.0	0.0	0.0	0.0	0.0	0.0	0.0	0.0	0.0	0.0	0.0	0.0	0.0	0.0	0.0	0.0	0.0	0.0	0.0	0.0	12876987.0	0.0	0.0	0.0	0.0	0.0
ANT(3'')	multiple	aadA11 | aadA12 | aadA8b | aadA2 | aadA25 | aadA21 | aadA17 | aadA22 | aadA | aadA24 | aadA6 | aadA6/aadA10 | aadA15 | aadA8 | aadA3 | aadA23	aminoglycoside antibiotic	antibiotic inactivation	0.0	0.0	0.0	0.0	0.0	0.0	0.0	0.0	0.0	0.0	0.0	0.0	4202659.53	0.0	0.0	0.0	0.0	0.0	0.0	0.0	0.0	0.0	0.0	0.0	0.0	0.0	0.0	0.0	0.0	0.0	0.0	0.0	0.0	0.0	0.0	0.0
ANT(3'')	multiple	aadA11 | aadA15 | aadA2 | aadA21 | aadA3 | aadA23 | aadA8b | aadA25 | aadA6/aadA10 | aadA | aadA22 | aadA6 | aadA24 | aadA8 | aadA12 | aadA17	aminoglycoside antibiotic	antibiotic inactivation	0.0	0.0	0.0	0.0	0.0	0.0	0.0	0.0	0.0	0.0	0.0	0.0	0.0	0.0	0.0	0.0	0.0	0.0	0.0	0.0	0.0	0.0	0.0	0.0	0.0	0.0	0.0	0.0	0.0	0.0	0.0	0.0	0.0	0.0	0.0	763372.16
ANT(3'')	multiple	aadA12 | aadA3 | aadA2 | aadA6 | aadA11 | aadA17 | aadA25 | aadA8b | aadA15 | aadA8 | aadA6/aadA10	aminoglycoside antibiotic	antibiotic inactivation	0.0	0.0	0.0	0.0	0.0	0.0	0.0	0.0	0.0	0.0	0.0	0.0	0.0	0.0	0.0	0.0	0.0	0.0	0.0	0.0	0.0	0.0	0.0	0.0	0.0	0.0	0.0	0.0	0.0	0.0	0.0	0.0	0.0	0.0	206845.49	0.0
ANT(3'')	multiple	aadA15 | aadA13 | aadA25 | aadA23 | aadA2 | aadA24 | aadA8 | aadA8b | aadA21 | aadA17 | aadA | aadA3 | aadA12 | aadA22	aminoglycoside antibiotic	antibiotic inactivation	0.0	0.0	0.0	0.0	0.0	0.0	0.0	0.0	0.0	0.0	0.0	0.0	0.0	0.0	51447709.95	0.0	0.0	0.0	0.0	0.0	0.0	0.0	0.0	0.0	0.0	0.0	0.0	0.0	0.0	0.0	0.0	0.0	0.0	0.0	0.0	0.0
ANT(3'')	multiple	aadA15 | aadA25 | aadA | aadA2 | aadA21 | aadA22 | aadA12 | aadA8 | aadA3 | aadA23 | aadA10 | aadA16 | aadA8b | aadA17 | aadA24	aminoglycoside antibiotic	antibiotic inactivation	0.0	0.0	0.0	0.0	0.0	0.0	0.0	0.0	0.0	0.0	0.0	0.0	0.0	0.0	0.0	0.0	0.0	0.0	1682372.89	0.0	0.0	0.0	0.0	0.0	0.0	0.0	0.0	0.0	0.0	0.0	0.0	0.0	0.0	0.0	0.0	0.0
ANT(3'')	multiple	aadA17 | aadA2 | aadA3 | aadA15 | aadA8 | aadA25 | aadA8b | aadA12	aminoglycoside antibiotic	antibiotic inactivation	0.0	0.0	0.0	0.0	0.0	0.0	0.0	0.0	0.0	0.0	0.0	0.0	0.0	0.0	0.0	0.0	0.0	0.0	0.0	0.0	0.0	0.0	0.0	0.0	0.0	0.0	0.0	0.0	0.0	0.0	0.0	25352.43	0.0	0.0	0.0	0.0
ANT(3'')	multiple	aadA17 | aadA21 | aadA8 | aadA25 | aadA12 | aadA | aadA15 | aadA3 | aadA24 | aadA23 | aadA2 | aadA8b | aadA22	aminoglycoside antibiotic	antibiotic inactivation	0.0	0.0	0.0	0.0	0.0	0.0	0.0	0.0	0.0	0.0	0.0	134801.73	0.0	0.0	0.0	0.0	0.0	0.0	0.0	0.0	0.0	0.0	0.0	0.0	0.0	0.0	0.0	0.0	0.0	0.0	0.0	0.0	0.0	0.0	0.0	0.0
ANT(3'')	multiple	aadA2 | aadA17 | aadA15 | aadA12 | aadA3 | aadA23 | aadA24 | aadA25 | aadA8 | aadA21 | aadA22 | aadA8b	aminoglycoside antibiotic	antibiotic inactivation	0.0	3536910.91	0.0	0.0	0.0	0.0	0.0	0.0	0.0	0.0	0.0	0.0	0.0	0.0	0.0	0.0	0.0	0.0	0.0	0.0	0.0	0.0	0.0	0.0	0.0	0.0	0.0	0.0	0.0	0.0	0.0	0.0	0.0	0.0	0.0	0.0
ANT(3'')	multiple	aadA2 | aadA23 | aadA22 | aadA3 | aadA | aadA12 | aadA8 | aadA8b | aadA21 | aadA24 | aadA15 | aadA25 | aadA17	aminoglycoside antibiotic	antibiotic inactivation	0.0	0.0	0.0	0.0	0.0	0.0	0.0	0.0	0.0	0.0	0.0	0.0	0.0	0.0	0.0	0.0	0.0	0.0	0.0	0.0	0.0	0.0	0.0	0.0	8167975.33	0.0	0.0	0.0	0.0	0.0	0.0	0.0	0.0	0.0	0.0	0.0
ANT(3'')	multiple	aadA2 | aadA25 | aadA15 | aadA22 | aadA21 | aadA8b | aadA24 | aadA17 | aadA3 | aadA8 | aadA12 | aadA23 | aadA	aminoglycoside antibiotic	antibiotic inactivation	0.0	0.0	3114845.06	0.0	0.0	0.0	0.0	0.0	0.0	0.0	0.0	0.0	0.0	0.0	0.0	0.0	0.0	0.0	0.0	0.0	0.0	0.0	0.0	0.0	0.0	0.0	0.0	0.0	0.0	0.0	0.0	0.0	0.0	0.0	0.0	0.0
ANT(3'')	multiple	aadA21 | aadA22 | aadA | aadA23 | aadA15 | aadA24 | aadA25 | aadA8b | aadA2 | aadA3 | aadA17 | aadA8 | aadA12	aminoglycoside antibiotic	antibiotic inactivation	0.0	0.0	0.0	0.0	0.0	0.0	0.0	0.0	0.0	0.0	0.0	0.0	0.0	0.0	0.0	0.0	0.0	0.0	0.0	0.0	0.0	0.0	0.0	0.0	0.0	0.0	0.0	0.0	0.0	1135424.47	0.0	0.0	0.0	0.0	0.0	0.0
ANT(3'')	multiple	aadA21 | aadA22 | aadA23 | aadA | aadA2 | aadA12 | aadA25 | aadA24 | aadA17 | aadA8 | aadA3 | aadA15 | aadA8b	aminoglycoside antibiotic	antibiotic inactivation	0.0	0.0	0.0	0.0	0.0	0.0	0.0	916727.22	0.0	0.0	0.0	0.0	0.0	0.0	0.0	0.0	0.0	0.0	0.0	0.0	0.0	0.0	0.0	0.0	0.0	0.0	0.0	0.0	0.0	0.0	0.0	0.0	0.0	0.0	0.0	0.0
ANT(3'')	multiple	aadA22 | aadA13 | aadA12 | aadA21 | aadA17 | aadA8b | aadA2 | aadA23 | aadA15 | aadA24 | aadA3 | aadA | aadA25 | aadA8	aminoglycoside antibiotic	antibiotic inactivation	0.0	0.0	0.0	0.0	0.0	0.0	0.0	0.0	0.0	0.0	0.0	0.0	0.0	0.0	0.0	0.0	0.0	0.0	0.0	0.0	0.0	151199231.18	0.0	0.0	0.0	0.0	0.0	0.0	0.0	0.0	0.0	0.0	0.0	0.0	0.0	0.0
ANT(3'')	multiple	aadA22 | aadA2 | aadA | aadA23 | aadA8b | aadA12 | aadA24 | aadA21 | aadA25 | aadA3 | aadA8 | aadA17 | aadA13 | aadA15	aminoglycoside antibiotic	antibiotic inactivation	0.0	0.0	0.0	0.0	0.0	6021483.55	0.0	0.0	0.0	0.0	0.0	0.0	0.0	0.0	0.0	0.0	0.0	0.0	0.0	0.0	0.0	0.0	0.0	0.0	0.0	0.0	0.0	0.0	0.0	0.0	0.0	0.0	0.0	0.0	0.0	0.0
ANT(3'')	multiple	aadA22 | aadA8 | aadA | aadA24 | aadA2 | aadA25 | aadA3 | aadA15 | aadA8b | aadA12 | aadA23 | aadA13 | aadA17 | aadA21	aminoglycoside antibiotic	antibiotic inactivation	0.0	0.0	0.0	0.0	4119923.48	0.0	0.0	0.0	0.0	0.0	0.0	0.0	0.0	0.0	0.0	0.0	0.0	0.0	0.0	0.0	0.0	0.0	0.0	0.0	0.0	0.0	0.0	0.0	0.0	0.0	0.0	0.0	0.0	0.0	0.0	0.0
ANT(3'')	multiple	aadA22 | aadA8b | aadA24 | aadA | aadA23 | aadA21 | aadA3 | aadA15 | aadA2 | aadA12 | aadA17 | aadA25 | aadA8	aminoglycoside antibiotic	antibiotic inactivation	0.0	0.0	0.0	0.0	0.0	0.0	0.0	0.0	0.0	0.0	0.0	0.0	0.0	0.0	0.0	0.0	0.0	0.0	0.0	0.0	25553149.71	0.0	0.0	0.0	0.0	0.0	0.0	0.0	0.0	0.0	0.0	0.0	0.0	0.0	0.0	0.0
ANT(3'')	multiple	aadA23 | aadA24 | aadA22 | aadA17 | aadA8b | aadA2 | aadA21 | aadA12 | aadA | aadA25 | aadA8 | aadA3 | aadA15	aminoglycoside antibiotic	antibiotic inactivation	0.0	0.0	0.0	0.0	0.0	0.0	0.0	0.0	0.0	0.0	0.0	0.0	0.0	0.0	0.0	0.0	0.0	0.0	0.0	0.0	0.0	0.0	0.0	0.0	0.0	14598292.96	0.0	0.0	0.0	0.0	0.0	0.0	0.0	0.0	0.0	0.0
ANT(3'')	multiple	aadA23 | aadA8 | aadA16 | aadA21 | aadA | aadA22 | aadA4 | aadA5 | aadA6 | aadA17 | aadA12 | aadA2 | aadA11 | aadA6/aadA10 | aadA8b | aadA10 | aadA15 | aadA24 | aadA25 | aadA3	aminoglycoside antibiotic	antibiotic inactivation	0.0	0.0	0.0	0.0	0.0	0.0	0.0	0.0	0.0	0.0	0.0	0.0	0.0	0.0	0.0	0.0	0.0	0.0	0.0	0.0	0.0	0.0	0.0	0.0	0.0	0.0	0.0	0.0	0.0	0.0	0.0	0.0	0.0	53091568.74	0.0	0.0
ANT(3'')	multiple	aadA24 | aadA22 | aadA25 | aadA8 | aadA23 | aadA21 | aadA8b | aadA15 | aadA3 | aadA12 | aadA | aadA17 | aadA2	aminoglycoside antibiotic	antibiotic inactivation	0.0	0.0	0.0	0.0	0.0	0.0	0.0	0.0	0.0	0.0	0.0	0.0	0.0	0.0	0.0	0.0	0.0	0.0	0.0	0.0	0.0	0.0	0.0	0.0	0.0	0.0	0.0	12416724.84	0.0	0.0	0.0	0.0	0.0	0.0	0.0	0.0
ANT(3'')	multiple	aadA24 | aadA25 | aadA | aadA8b | aadA12 | aadA2 | aadA21 | aadA23 | aadA22 | aadA8 | aadA3 | aadA17 | aadA15	aminoglycoside antibiotic	antibiotic inactivation	0.0	0.0	0.0	0.0	0.0	0.0	0.0	0.0	0.0	0.0	0.0	0.0	0.0	0.0	0.0	0.0	0.0	0.0	0.0	0.0	0.0	0.0	0.0	0.0	0.0	0.0	0.0	0.0	8154973.39	0.0	0.0	0.0	0.0	0.0	0.0	0.0
ANT(3'')	multiple	aadA25 | aadA | aadA24 | aadA17 | aadA15 | aadA8b | aadA21 | aadA22 | aadA23 | aadA8 | aadA2 | aadA12 | aadA3	aminoglycoside antibiotic	antibiotic inactivation	0.0	0.0	0.0	0.0	0.0	0.0	0.0	0.0	0.0	0.0	0.0	0.0	0.0	0.0	0.0	0.0	0.0	0.0	0.0	0.0	0.0	0.0	8953797.39	0.0	0.0	0.0	0.0	0.0	0.0	0.0	0.0	0.0	0.0	0.0	0.0	0.0
ANT(3'')	multiple	aadA25 | aadA13 | aadA12 | aadA17 | aadA23 | aadA21 | aadA24 | aadA15 | aadA8b | aadA2 | aadA8 | aadA | aadA22 | aadA3	aminoglycoside antibiotic	antibiotic inactivation	0.0	0.0	0.0	0.0	0.0	0.0	0.0	0.0	0.0	0.0	0.0	0.0	0.0	0.0	0.0	0.0	223413140.83	0.0	0.0	0.0	0.0	0.0	0.0	0.0	0.0	0.0	0.0	0.0	0.0	0.0	0.0	0.0	0.0	0.0	0.0	0.0
ANT(3'')	multiple	aadA25 | aadA17 | aadA8 | aadA12 | aadA3 | aadA2 | aadA23 | aadA8b | aadA24 | aadA22 | aadA15 | aadA | aadA21	aminoglycoside antibiotic	antibiotic inactivation	0.0	0.0	0.0	0.0	0.0	0.0	0.0	0.0	0.0	0.0	826652.05	0.0	0.0	0.0	0.0	0.0	0.0	0.0	0.0	0.0	0.0	0.0	0.0	0.0	0.0	0.0	0.0	0.0	0.0	0.0	0.0	0.0	0.0	0.0	0.0	0.0
ANT(3'')	multiple	aadA3 | aadA22 | aadA24 | aadA25 | aadA8 | aadA15 | aadA12 | aadA21 | aadA23 | aadA2 | aadA17 | aadA | aadA8b	aminoglycoside antibiotic	antibiotic inactivation	0.0	0.0	0.0	0.0	0.0	0.0	0.0	0.0	0.0	0.0	0.0	0.0	0.0	0.0	0.0	0.0	0.0	203851.0	0.0	0.0	0.0	0.0	0.0	0.0	0.0	0.0	0.0	0.0	0.0	0.0	0.0	0.0	0.0	0.0	0.0	0.0
ANT(3'')	multiple	aadA8 | aadA | aadA8b | aadA12 | aadA2 | aadA25 | aadA24 | aadA21 | aadA23 | aadA3 | aadA15 | aadA22 | aadA17	aminoglycoside antibiotic	antibiotic inactivation	0.0	0.0	0.0	0.0	0.0	0.0	0.0	0.0	0.0	373196.22	0.0	0.0	0.0	0.0	0.0	0.0	0.0	0.0	0.0	0.0	0.0	0.0	0.0	0.0	0.0	0.0	0.0	0.0	0.0	0.0	0.0	0.0	0.0	0.0	0.0	0.0
ANT(3'')	multiple	aadA8 | aadA25 | aadA21 | aadA23 | aadA24 | aadA17 | aadA15 | aadA12 | aadA8b | aadA2 | aadA3 | aadA | aadA22	aminoglycoside antibiotic	antibiotic inactivation	0.0	0.0	0.0	0.0	0.0	0.0	0.0	0.0	0.0	0.0	0.0	0.0	0.0	0.0	0.0	0.0	0.0	0.0	0.0	13720453.08	0.0	0.0	0.0	0.0	0.0	0.0	0.0	0.0	0.0	0.0	0.0	0.0	0.0	0.0	0.0	0.0
ANT(3'')	multiple	aadA8 | aadA8b | aadA23 | aadA | aadA21 | aadA25 | aadA12 | aadA15 | aadA17 | aadA24 | aadA22	aminoglycoside antibiotic	antibiotic inactivation	0.0	0.0	0.0	0.0	0.0	0.0	0.0	0.0	0.0	0.0	0.0	0.0	0.0	0.0	0.0	0.0	0.0	0.0	0.0	0.0	0.0	0.0	0.0	2558404.53	0.0	0.0	0.0	0.0	0.0	0.0	0.0	0.0	0.0	0.0	0.0	0.0
ANT(3'')	multiple	aadA8 | aadA8b | aadA25 | aadA23 | aadA | aadA21 | aadA22 | aadA12 | aadA17 | aadA3 | aadA2 | aadA15 | aadA24	aminoglycoside antibiotic	antibiotic inactivation	0.0	0.0	0.0	0.0	0.0	0.0	0.0	0.0	231914.39	0.0	0.0	0.0	0.0	0.0	0.0	0.0	0.0	0.0	0.0	0.0	0.0	0.0	0.0	0.0	0.0	0.0	0.0	0.0	0.0	0.0	0.0	0.0	0.0	0.0	0.0	0.0
ANT(3'')	multiple	aadA8b | aadA11 | aadA2 | ANT(3'')-II-AAC(6')-IId bifunctional protein | aadA6/aadA10 | aadA | aadA23 | aadA24 | aadA3 | aadA8 | aadA21 | aadA17 | aadA22 | aadA12 | aadA6 | aadA25 | aadA10 | aadA16 | aadA15	aminoglycoside antibiotic	antibiotic inactivation	0.0	0.0	0.0	0.0	0.0	0.0	0.0	0.0	0.0	0.0	0.0	0.0	0.0	0.0	0.0	0.0	0.0	0.0	0.0	0.0	0.0	0.0	0.0	0.0	0.0	0.0	0.0	0.0	0.0	0.0	0.0	0.0	56045673.29	0.0	0.0	0.0
ANT(4')	ARO_3002623__ANT_4'_-Ia__H	ANT(4')-Ia	aminoglycoside antibiotic	antibiotic inactivation	0.0	0.0	0.0	0.0	0.0	0.0	0.0	0.0	0.0	0.0	0.0	0.0	0.0	0.0	0.0	37240.84	0.0	0.0	0.0	0.0	0.0	0.0	0.0	0.0	0.0	0.0	0.0	0.0	0.0	0.0	0.0	52601.3	0.0	0.0	0.0	0.0
ANT(6)	ARO_3004683__aadS__H	aadS	aminoglycoside antibiotic	antibiotic inactivation	2364111.5	3456546.16	3729055.84	1992109.23	2070070.6	11009518.04	9078093.2	6826038.52	7530122.51	6529553.71	995378.67	2856759.8	13263599.82	27773307.19	4606407.29	4943075.13	2573178.96	1717270.46	3703809.87	2932485.35	2756765.0	3105635.27	2829847.52	3099539.63	1070007.2	5874251.26	18246267.42	10595686.32	4903040.42	26818164.47	2873686.58	394327.1	2458338.24	4030673.44	0.0	1164033.3
ANT(9)	ARO_3002630__ANT_9_-Ia__H	ANT(9)-Ia	aminoglycoside antibiotic	antibiotic inactivation	0.0	0.0	0.0	0.0	0.0	0.0	0.0	0.0	0.0	0.0	0.0	0.0	0.0	0.0	0.0	0.0	0.0	0.0	0.0	0.0	0.0	0.0	0.0	0.0	0.0	0.0	0.0	53144.51	0.0	46712.64	107490.32	0.0	0.0	0.0	0.0	42113.13
APH(3'')	ARO_3002639__APH_3''_-Ib__H	APH(3'')-Ib	aminoglycoside antibiotic	antibiotic inactivation	10424965.16	953996.59	1042372.61	1971765.62	391861275.52	107353194.73	209871626.66	81698852.69	40191313.86	37310393.56	21430098.03	21225004.85	246325894.61	55412502.72	346894248.25	90797478.69	114570377.5	192591217.81	69891685.42	59052265.14	50498824.09	150865609.25	24662012.96	53051333.34	35272686.03	39027708.79	5510725.19	37833932.31	22161202.48	16377312.09	21250596.03	2841647.83	164989395.89	186370275.31	4277707.01	36050569.93
APH(3')	ARO_3002641__APH_3'_-Ia__H	APH(3')-Ia	aminoglycoside antibiotic	antibiotic inactivation	0.0	0.0	0.0	0.0	1735206.24	4459205.93	0.0	0.0	0.0	0.0	0.0	0.0	2262090.45	0.0	0.0	69552.75	0.0	0.0	0.0	0.0	0.0	24911.51	0.0	0.0	0.0	0.0	33241037.35	1045403.28	2985643.4	0.0	0.0	0.0	756670.46	374871.85	0.0	0.0
APH(3')	ARO_3002642__APH_3'_-Ib__H	APH(3')-Ib	aminoglycoside antibiotic	antibiotic inactivation	0.0	0.0	0.0	0.0	0.0	0.0	0.0	0.0	0.0	0.0	0.0	0.0	0.0	0.0	0.0	0.0	0.0	0.0	0.0	0.0	0.0	0.0	0.0	0.0	0.0	0.0	126271.75	535450.46	557023.02	0.0	0.0	0.0	242134.55	288362.96	0.0	0.0
APH(3')	ARO_3002644__APH_3'_-IIa__H	APH(3')-IIa	aminoglycoside antibiotic	antibiotic inactivation	0.0	0.0	0.0	0.0	0.0	0.0	0.0	0.0	0.0	0.0	0.0	0.0	0.0	0.0	0.0	0.0	0.0	0.0	0.0	0.0	78842.93	0.0	0.0	0.0	0.0	232996.06	0.0	104684.65	0.0	0.0	79400.87	0.0	31066.32	29598.01	0.0	0.0
APH(3')	ARO_3002645__APH_3'_-IIb__H	APH(3')-IIb	aminoglycoside antibiotic	antibiotic inactivation	320023.3	0.0	46155.45	0.0	4309440.66	1189365.23	708698.73	380351.12	61856.7	0.0	404225.05	184566.97	254146.47	109319.82	761989.74	1898867.58	0.0	0.0	150858.27	159980.26	912628.91	428218.72	110843.61	301678.75	61923.46	826313.15	0.0	180474.01	270352.88	113308.54	156440.38	0.0	3458293.41	3265683.78	641562.01	551619.41
APH(3')	ARO_3002646__APH_3'_-IIc__H	APH(3')-IIc	aminoglycoside antibiotic	antibiotic inactivation	0.0	0.0	0.0	0.0	0.0	0.0	0.0	0.0	0.0	0.0	0.0	0.0	0.0	3099808.32	106226.8	900033.32	949250.25	800425.29	5472793.69	1465266.95	136430.63	429816.55	37085.73	0.0	217540.79	391659.42	64078.2	25878.2	45226.94	90985.07	130853.42	0.0	0.0	0.0	0.0	0.0
APH(3')	ARO_3002647__APH_3'_-IIIa__H	APH(3')-IIIa	aminoglycoside antibiotic	antibiotic inactivation	0.0	0.0	0.0	0.0	0.0	0.0	0.0	0.0	0.0	0.0	0.0	0.0	64495.66	0.0	0.0	0.0	0.0	0.0	0.0	0.0	0.0	0.0	0.0	0.0	0.0	0.0	0.0	0.0	0.0	0.0	0.0	0.0	0.0	0.0	0.0	0.0
APH(3')	ARO_3002652__APH_3'_-VIa__H	APH(3')-VIa	aminoglycoside antibiotic	antibiotic inactivation	180600.56	0.0	23876.57	0.0	18630635.43	1689690.63	1178406.33	4469230.14	191993.68	0.0	342177.92	0.0	4272837.52	537243.84	1007356.95	1437066.77	21270.82	0.0	0.0	2255183.25	3756789.88	1016389.73	152907.33	468182.21	64066.96	593691.87	1287971.82	533489.1	606041.05	468923.04	512542.8	0.0	2153134.89	2715048.22	1635718.73	549576.38
APH(3')	ARO_3004675__aphA15__H	aphA15	aminoglycoside antibiotic	antibiotic inactivation	0.0	0.0	0.0	0.0	0.0	0.0	0.0	0.0	0.0	0.0	0.0	0.0	0.0	0.0	0.0	0.0	0.0	0.0	0.0	0.0	39421.47	102278.21	0.0	0.0	0.0	0.0	0.0	52342.33	0.0	23003.77	0.0	0.0	0.0	0.0	0.0	0.0
APH(3')	multiple	APH(3')-VIa | APH(3')-VIb	aminoglycoside antibiotic	antibiotic inactivation	90300.28	0.0	0.0	0.0	0.0	0.0	0.0	0.0	298656.84	0.0	0.0	27279.4	2760910.4	0.0	503678.47	782200.9	0.0	91672.64	0.0	2110354.97	0.0	651531.88	229361.0	156060.74	0.0	569944.2	957722.63	0.0	0.0	0.0	0.0	0.0	1931488.65	0.0	521533.51	0.0
APH(3')	multiple	APH(3')-VIb | APH(3')-VIa	aminoglycoside antibiotic	antibiotic inactivation	0.0	0.0	0.0	0.0	13821702.18	1652958.22	1073659.1	2895161.66	0.0	58094.27	0.0	0.0	0.0	537243.84	0.0	0.0	42541.65	0.0	22297.18	0.0	2290235.54	0.0	0.0	0.0	32033.48	0.0	0.0	240070.1	303020.52	234461.52	350687.18	0.0	0.0	2353041.79	0.0	422751.06
APH(6)	ARO_3002659__APH_6_-Ic__H	APH(6)-Ic	aminoglycoside antibiotic	antibiotic inactivation	0.0	0.0	0.0	0.0	0.0	0.0	0.0	0.0	0.0	0.0	0.0	0.0	0.0	0.0	0.0	0.0	0.0	0.0	0.0	0.0	117378.52	0.0	0.0	0.0	62387.3	185000.61	0.0	25975.12	0.0	0.0	0.0	0.0	0.0	29376.3	0.0	0.0
APH(6)	ARO_3002660__APH_6_-Id__H	APH(6)-Id	aminoglycoside antibiotic	antibiotic inactivation	10070045.56	1618294.83	1424036.24	2164600.86	379468426.27	106680646.66	209162195.75	84004722.08	41787489.5	39114725.15	21152073.52	20464441.7	256155843.86	51277851.8	347604863.68	90455467.3	109280197.15	188756922.48	70606148.34	57514551.4	49687295.84	146520411.32	22585344.79	62477992.91	36777649.51	42224898.18	4893369.63	31668983.85	21765345.15	15382020.24	18074844.41	2849331.33	182090386.26	183970197.02	5655469.27	40026494.69
APH(9)	ARO_3007539__APH_9_-Ic__H	APH(9)-Ic	aminoglycoside antibiotic	antibiotic inactivation	1714057.19	705450.91	751389.44	2153762.26	0.0	5036679.62	353182.3	147427.16	207793.35	435288.47	1310422.0	2084869.71	2117948.28	8898381.18	16408.52	4075350.04	6566371.08	8002202.47	69082713.62	7472161.5	2182665.45	26517910.61	1374844.03	3461220.25	1224103.58	1903920.22	6705866.72	8434355.07	7929182.58	3127054.5	5518017.23	211769.5	1637024.92	1401427.39	4174180.96	3183425.13
AQU beta-lactamase	ARO_3002993__AQU-1__H	AQU-1	cephalosporin	antibiotic inactivation	0.0	0.0	0.0	0.0	0.0	0.0	53610.79	0.0	0.0	0.0	0.0	0.0	0.0	0.0	0.0	0.0	0.0	0.0	0.0	0.0	0.0	0.0	0.0	0.0	0.0	0.0	0.0	0.0	0.0	0.0	0.0	0.0	605018.6	432317.39	0.0	0.0
ATP-binding cassette (ABC) antibiotic efflux pump	ARO_3000024__patA__H	patA	fluoroquinolone antibiotic	antibiotic efflux	0.0	0.0	0.0	0.0	29310.73	8451.7	36151.7	0.0	29450.36	0.0	0.0	0.0	0.0	52047.84	0.0	41854.75	0.0	0.0	0.0	0.0	0.0	0.0	0.0	0.0	0.0	0.0	0.0	0.0	0.0	0.0	0.0	0.0	0.0	0.0	0.0	0.0
ATP-binding cassette (ABC) antibiotic efflux pump	ARO_3000025__patB__H	patB	fluoroquinolone antibiotic	antibiotic efflux	0.0	0.0	0.0	0.0	0.0	0.0	23119.08	0.0	0.0	0.0	0.0	0.0	0.0	37445.29	0.0	8029.86	0.0	0.0	0.0	0.0	0.0	0.0	0.0	0.0	0.0	0.0	0.0	0.0	0.0	0.0	0.0	0.0	0.0	0.0	0.0	0.0
ATP-binding cassette (ABC) antibiotic efflux pump	ARO_3000533__macA__H	macA	macrolide antibiotic	antibiotic efflux	0.0	0.0	0.0	0.0	0.0	0.0	34649.21	0.0	0.0	0.0	0.0	0.0	0.0	0.0	0.0	0.0	0.0	0.0	0.0	0.0	0.0	0.0	0.0	0.0	0.0	0.0	0.0	0.0	0.0	0.0	0.0	0.0	0.0	0.0	0.0	0.0
ATP-binding cassette (ABC) antibiotic efflux pump	ARO_3000535__macB__H	macB	macrolide antibiotic	antibiotic efflux	0.0	0.0	0.0	0.0	0.0	0.0	31667.77	0.0	0.0	0.0	0.0	0.0	0.0	0.0	8827.53	14665.39	0.0	0.0	0.0	0.0	0.0	0.0	0.0	0.0	0.0	0.0	0.0	0.0	0.0	0.0	0.0	0.0	0.0	0.0	0.0	0.0
ATP-binding cassette (ABC) antibiotic efflux pump	ARO_3003950__msbA__H	msbA	nitroimidazole antibiotic	antibiotic efflux	255050.53	0.0	0.0	0.0	624926.97	122861.39	490497.32	0.0	19027.39	12954.13	0.0	36497.32	425085.04	920546.0	419951.18	32450.0	417389.77	0.0	815396.13	27680.98	35837.7	313808.15	0.0	13919.65	0.0	0.0	1296072.27	11895.98	582132.05	10456.26	36091.3	0.0	1412105.42	928301.22	0.0	28280.09
ATP-binding cassette (ABC) antibiotic efflux pump	ARO_3003952__YojI__H	YojI	peptide antibiotic	antibiotic efflux	42843.2	0.0	0.0	0.0	1057700.31	34855.57	74546.39	0.0	0.0	0.0	0.0	0.0	421046.03	496377.81	290921.87	0.0	302759.92	0.0	751105.84	19632.61	28594.95	173107.74	0.0	0.0	0.0	11267.15	329043.9	0.0	66354.86	0.0	0.0	0.0	255390.09	229006.5	0.0	10028.77
ATP-binding cassette (ABC) antibiotic efflux pump	ARO_3004032__tetA_46__H	tetA(46)	tetracycline antibiotic	antibiotic efflux	95273.34	0.0	0.0	0.0	0.0	0.0	71045.95	0.0	0.0	0.0	51574.64	0.0	29724.09	12785.67	19804.37	0.0	9618.11	0.0	0.0	0.0	0.0	23568.46	17285.18	0.0	0.0	0.0	0.0	0.0	0.0	0.0	0.0	11618.03	0.0	0.0	0.0	9557.85
ATP-binding cassette (ABC) antibiotic efflux pump	ARO_3004033__tetB_46__H	tetB(46)	tetracycline antibiotic	antibiotic efflux	40549.35	0.0	0.0	0.0	0.0	0.0	47036.75	0.0	0.0	0.0	17072.78	0.0	0.0	12697.34	9833.78	0.0	0.0	0.0	0.0	0.0	18042.64	0.0	0.0	0.0	0.0	0.0	0.0	0.0	20934.06	0.0	12113.55	0.0	0.0	0.0	0.0	0.0
ATP-binding cassette (ABC) antibiotic efflux pump	ARO_3004035__tetA_60__H	tetA(60)	tetracycline antibiotic	antibiotic efflux	0.0	0.0	0.0	0.0	0.0	0.0	70433.48	0.0	0.0	0.0	0.0	0.0	0.0	0.0	0.0	0.0	0.0	0.0	0.0	0.0	0.0	0.0	0.0	0.0	0.0	0.0	0.0	0.0	0.0	0.0	0.0	0.0	0.0	0.0	0.0	0.0
ATP-binding cassette (ABC) antibiotic efflux pump	ARO_3004036__tetB_60__H	tetB(60)	tetracycline antibiotic	antibiotic efflux	0.0	0.0	0.0	0.0	0.0	0.0	70433.48	0.0	0.0	0.0	17043.34	0.0	0.0	50701.78	9816.82	0.0	0.0	0.0	0.0	0.0	0.0	0.0	0.0	0.0	0.0	0.0	0.0	0.0	0.0	21020.69	0.0	0.0	0.0	0.0	0.0	0.0
ATP-binding cassette (ABC) antibiotic efflux pump	ARO_3005059__LptD__H	LptD	aminocoumarin antibiotic;carbapenem;peptide antibiotic;rifamycin antibiotic	antibiotic efflux	139928.91	0.0	0.0	0.0	126900.88	30493.06	1886921.67	0.0	0.0	0.0	0.0	9058.3	43656.07	122059.84	276325.35	6040.34	70631.09	0.0	44423.51	54961.29	140089.69	112499.5	38080.37	0.0	31910.75	7885.56	636035.47	35429.67	464399.27	0.0	107490.32	0.0	483650.61	230395.75	0.0	0.0
ATP-binding cassette (ABC) antibiotic efflux pump;major facilitator superfamily (MFS) antibiotic efflux pump;resistance-nodulation-cell division (RND) antibiotic efflux pump	ARO_3000237__TolC__H	TolC	aminocoumarin antibiotic;aminoglycoside antibiotic;carbapenem;cephalosporin;disinfecting agents and antiseptics;fluoroquinolone antibiotic;glycylcycline;macrolide antibiotic;penicillin beta-lactam;peptide antibiotic;phenicol antibiotic;rifamycin antibiotic;tetracycline antibiotic	antibiotic efflux	94669.65	0.0	0.0	0.0	484129.42	19254.89	13726.96	0.0	0.0	45678.96	0.0	0.0	241208.57	652172.06	585446.75	0.0	44600.12	0.0	1963590.65	21690.87	42123.74	327867.65	0.0	0.0	0.0	24896.76	1090621.3	41947.73	109967.13	0.0	14140.61	0.0	796700.77	537657.4	0.0	0.0
ATP-binding cassette (ABC) antibiotic efflux pump;major facilitator superfamily (MFS) antibiotic efflux pump;resistance-nodulation-cell division (RND) antibiotic efflux pump	ARO_3004107__Paer_soxR__H	Pseudomonas aeruginosa soxR	cephalosporin;disinfecting agents and antiseptics;fluoroquinolone antibiotic;glycylcycline;penicillin beta-lactam;phenicol antibiotic;rifamycin antibiotic;tetracycline antibiotic	antibiotic efflux;antibiotic target alteration	0.0	0.0	0.0	0.0	0.0	0.0	0.0	0.0	0.0	0.0	0.0	0.0	0.0	0.0	0.0	0.0	0.0	0.0	73850.54	0.0	0.0	0.0	0.0	0.0	0.0	0.0	0.0	0.0	0.0	0.0	0.0	0.0	0.0	0.0	0.0	0.0
AXC beta-lactamase	multiple	AXC-1 | AXC-5 | AXC-4 | AXC-7 | AXC-8 | AXC-3 | AXC-2 | AXC-6	carbapenem	antibiotic inactivation	0.0	0.0	0.0	0.0	0.0	0.0	0.0	0.0	0.0	0.0	0.0	0.0	0.0	0.0	0.0	0.0	0.0	0.0	0.0	0.0	0.0	0.0	0.0	0.0	0.0	0.0	0.0	0.0	0.0	0.0	0.0	0.0	881078.22	0.0	0.0	0.0
AXC beta-lactamase	multiple	AXC-2 | AXC-6 | AXC-8 | AXC-3	carbapenem	antibiotic inactivation	78521.98	0.0	0.0	0.0	0.0	0.0	0.0	0.0	0.0	0.0	0.0	0.0	0.0	0.0	0.0	0.0	0.0	0.0	0.0	0.0	0.0	0.0	0.0	0.0	0.0	0.0	0.0	0.0	0.0	0.0	0.0	0.0	0.0	0.0	0.0	0.0
AXC beta-lactamase	multiple	AXC-3 | AXC-2 | AXC-6 | AXC-8	carbapenem	antibiotic inactivation	0.0	0.0	0.0	0.0	0.0	0.0	0.0	0.0	0.0	0.0	0.0	0.0	0.0	0.0	0.0	0.0	0.0	0.0	0.0	35982.18	0.0	0.0	0.0	0.0	0.0	0.0	0.0	0.0	0.0	0.0	0.0	0.0	0.0	0.0	0.0	0.0
AXC beta-lactamase	multiple	AXC-4 | AXC-5 | AXC-7 | AXC-2 | AXC-3 | AXC-8 | AXC-1 | AXC-6	carbapenem	antibiotic inactivation	0.0	0.0	0.0	0.0	0.0	0.0	0.0	0.0	0.0	0.0	0.0	0.0	0.0	0.0	0.0	0.0	0.0	0.0	0.0	0.0	0.0	0.0	0.0	0.0	0.0	0.0	0.0	0.0	0.0	0.0	0.0	0.0	0.0	655808.75	0.0	0.0
BRO Beta-lactamase	multiple	BRO-1 | BRO-2	penicillin beta-lactam	antibiotic inactivation	0.0	0.0	0.0	0.0	0.0	0.0	0.0	0.0	0.0	0.0	0.0	0.0	0.0	0.0	0.0	0.0	0.0	0.0	0.0	0.0	0.0	0.0	0.0	0.0	0.0	0.0	0.0	0.0	19269.99	0.0	0.0	0.0	0.0	0.0	0.0	0.0
BlaB beta-lactamase	ARO_3005528__BlaB-15__H	BlaB-15	carbapenem;penicillin beta-lactam	antibiotic inactivation	0.0	0.0	0.0	0.0	0.0	0.0	0.0	0.0	0.0	0.0	0.0	0.0	0.0	0.0	0.0	0.0	0.0	0.0	0.0	0.0	0.0	0.0	0.0	0.0	33314.82	0.0	0.0	0.0	0.0	0.0	0.0	0.0	0.0	0.0	0.0	0.0
BlaB beta-lactamase	ARO_3005529__BlaB-16__H	BlaB-16	carbapenem;penicillin beta-lactam	antibiotic inactivation	31304.1	21759.24	24831.63	301961.82	2749053.76	38201.7	0.0	29232.7	0.0	30209.02	39540.56	0.0	34182.7	0.0	0.0	0.0	0.0	0.0	0.0	21517.34	0.0	352348.44	278291.35	129842.53	333148.19	617439.55	3846742.5	138707.17	266658.06	219455.98	84164.92	0.0	0.0	156869.45	123271.56	285779.72
BlaB beta-lactamase	ARO_3005535__BlaB-22__H	BlaB-22	carbapenem;penicillin beta-lactam	antibiotic inactivation	0.0	0.0	0.0	241569.46	0.0	0.0	0.0	0.0	0.0	0.0	79081.12	0.0	0.0	88221.09	0.0	397285.29	66364.97	71504.66	23189.07	43034.69	0.0	54207.45	357803.16	0.0	166574.09	469254.06	0.0	55482.87	72724.93	170687.99	0.0	293936.06	0.0	0.0	0.0	0.0
BlaB beta-lactamase	ARO_3005544__BlaB-30__H	BlaB-30	carbapenem;penicillin beta-lactam	antibiotic inactivation	0.0	0.0	0.0	0.0	0.0	0.0	0.0	0.0	0.0	0.0	0.0	0.0	34182.7	0.0	0.0	0.0	0.0	0.0	0.0	0.0	0.0	0.0	0.0	0.0	0.0	0.0	0.0	0.0	0.0	0.0	0.0	0.0	0.0	0.0	0.0	0.0
BlaB beta-lactamase	ARO_3005550__BlaB-36__H	BlaB-36	carbapenem;penicillin beta-lactam	antibiotic inactivation	0.0	0.0	0.0	0.0	0.0	0.0	0.0	0.0	0.0	0.0	0.0	0.0	0.0	0.0	0.0	0.0	0.0	0.0	23189.07	0.0	0.0	0.0	0.0	0.0	0.0	0.0	0.0	0.0	0.0	0.0	0.0	0.0	0.0	0.0	0.0	0.0
BlaB beta-lactamase	ARO_3005551__BlaB-38__H	BlaB-38	carbapenem;penicillin beta-lactam	antibiotic inactivation	0.0	0.0	0.0	0.0	0.0	0.0	0.0	0.0	0.0	0.0	0.0	0.0	0.0	0.0	0.0	0.0	0.0	0.0	0.0	0.0	0.0	0.0	0.0	0.0	0.0	0.0	0.0	0.0	0.0	0.0	0.0	0.0	98790.9	125495.56	0.0	0.0
BlaB beta-lactamase	ARO_3005552__BlaB-39__H	BlaB-39	carbapenem;penicillin beta-lactam	antibiotic inactivation	0.0	0.0	0.0	0.0	0.0	0.0	0.0	0.0	0.0	0.0	0.0	0.0	0.0	0.0	0.0	0.0	0.0	0.0	0.0	0.0	0.0	0.0	0.0	0.0	0.0	0.0	0.0	0.0	0.0	0.0	0.0	0.0	32930.3	0.0	0.0	0.0
BlaB beta-lactamase	ARO_3005554__BlaB-6__H	BlaB-6	carbapenem;penicillin beta-lactam	antibiotic inactivation	0.0	0.0	0.0	0.0	0.0	0.0	0.0	0.0	0.0	0.0	0.0	0.0	0.0	0.0	0.0	0.0	0.0	0.0	0.0	0.0	0.0	0.0	0.0	0.0	0.0	0.0	0.0	0.0	0.0	0.0	0.0	0.0	131721.19	219617.23	0.0	0.0
BlaB beta-lactamase	ARO_3005555__BlaB-7__H	BlaB-7	carbapenem;penicillin beta-lactam	antibiotic inactivation	0.0	0.0	0.0	0.0	0.0	0.0	0.0	0.0	0.0	0.0	0.0	0.0	0.0	0.0	0.0	0.0	0.0	0.0	0.0	0.0	0.0	0.0	39915.57	0.0	0.0	0.0	0.0	0.0	0.0	0.0	0.0	0.0	0.0	0.0	0.0	0.0
BlaB beta-lactamase	multiple	BlaB-1 | BlaB-18 | BlaB-15 | Chryseobacterium meningosepticum BlaB | BlaB-30 | BlaB-27 | BlaB-6 | BlaB-33 | BlaB-29 | BlaB-32 | BlaB-34 | BlaB-16 | BlaB-26 | BlaB-7 | BlaB-38 | BlaB-20 | BlaB-9 | BlaB-36 | BlaB-14 | BlaB-2 | BlaB-5 | BlaB-25 | BlaB-31 | BlaB-17 | BlaB-24 | BlaB-11 | BlaB-10 | BlaB-22	carbapenem;penicillin beta-lactam	antibiotic inactivation	0.0	0.0	0.0	0.0	0.0	0.0	0.0	0.0	0.0	0.0	0.0	0.0	14433347.11	0.0	0.0	0.0	0.0	0.0	0.0	0.0	0.0	0.0	0.0	0.0	0.0	0.0	0.0	0.0	0.0	0.0	0.0	0.0	0.0	0.0	0.0	0.0
BlaB beta-lactamase	multiple	BlaB-10 | BlaB-27 | BlaB-7 | BlaB-9 | BlaB-36 | BlaB-34 | BlaB-26 | BlaB-24 | BlaB-25 | BlaB-6 | BlaB-5 | BlaB-38 | BlaB-8 | BlaB-28 | BlaB-15 | BlaB-22 | BlaB-39 | BlaB-16	carbapenem;penicillin beta-lactam	antibiotic inactivation	0.0	0.0	0.0	0.0	0.0	0.0	0.0	0.0	0.0	0.0	0.0	0.0	0.0	0.0	0.0	0.0	0.0	0.0	0.0	0.0	0.0	11447948.33	0.0	0.0	0.0	0.0	0.0	0.0	0.0	0.0	0.0	0.0	0.0	0.0	0.0	0.0
BlaB beta-lactamase	multiple	BlaB-10 | BlaB-36 | BlaB-26 | BlaB-24 | BlaB-16 | BlaB-28 | BlaB-34 | BlaB-9 | BlaB-6 | BlaB-25 | BlaB-15 | BlaB-39 | BlaB-27 | BlaB-7 | BlaB-38 | BlaB-8 | BlaB-5 | BlaB-22	carbapenem;penicillin beta-lactam	antibiotic inactivation	0.0	0.0	0.0	0.0	0.0	0.0	0.0	0.0	0.0	0.0	0.0	0.0	0.0	0.0	0.0	0.0	0.0	0.0	0.0	0.0	0.0	0.0	0.0	0.0	0.0	98581584.9	0.0	0.0	0.0	0.0	0.0	0.0	0.0	0.0	0.0	0.0
BlaB beta-lactamase	multiple	BlaB-10 | BlaB-38 | BlaB-28 | BlaB-39 | BlaB-26 | BlaB-24 | BlaB-5 | BlaB-34 | BlaB-6 | BlaB-16 | BlaB-9 | BlaB-7 | BlaB-15 | BlaB-25 | BlaB-8 | BlaB-27 | BlaB-36 | BlaB-22	carbapenem;penicillin beta-lactam	antibiotic inactivation	0.0	0.0	0.0	0.0	0.0	0.0	0.0	0.0	0.0	2328163.99	0.0	0.0	0.0	0.0	0.0	0.0	0.0	0.0	0.0	0.0	0.0	0.0	0.0	0.0	0.0	0.0	0.0	0.0	0.0	0.0	0.0	0.0	0.0	0.0	0.0	0.0
BlaB beta-lactamase	multiple	BlaB-10 | BlaB-8 | BlaB-24 | BlaB-15 | BlaB-26 | BlaB-36 | BlaB-28 | BlaB-16 | BlaB-34 | BlaB-25 | BlaB-22 | BlaB-6 | BlaB-7 | BlaB-9 | BlaB-38 | BlaB-39 | BlaB-27 | BlaB-5	carbapenem;penicillin beta-lactam	antibiotic inactivation	0.0	0.0	0.0	0.0	0.0	0.0	0.0	0.0	0.0	0.0	0.0	0.0	0.0	0.0	0.0	0.0	0.0	0.0	0.0	0.0	0.0	0.0	0.0	0.0	0.0	0.0	0.0	0.0	0.0	32044673.53	0.0	0.0	0.0	0.0	0.0	0.0
BlaB beta-lactamase	multiple	BlaB-10 | Chryseobacterium meningosepticum BlaB | BlaB-31 | BlaB-16 | BlaB-18 | BlaB-26 | BlaB-28 | BlaB-2 | BlaB-30 | BlaB-6 | BlaB-33 | BlaB-14 | BlaB-34 | BlaB-1 | BlaB-39 | BlaB-24 | BlaB-29 | BlaB-9 | BlaB-27 | BlaB-22 | BlaB-36 | BlaB-11 | BlaB-15 | BlaB-38 | BlaB-7 | BlaB-5 | BlaB-25 | BlaB-32 | BlaB-17 | BlaB-20 | BlaB-8	carbapenem;penicillin beta-lactam	antibiotic inactivation	0.0	0.0	0.0	0.0	0.0	0.0	0.0	0.0	0.0	0.0	0.0	0.0	0.0	0.0	0.0	0.0	0.0	0.0	0.0	0.0	0.0	0.0	0.0	0.0	0.0	0.0	0.0	0.0	0.0	0.0	0.0	0.0	0.0	29855831.76	0.0	0.0
BlaB beta-lactamase	multiple	BlaB-11 | BlaB-27 | BlaB-33 | BlaB-39 | BlaB-30 | BlaB-31 | Chryseobacterium meningosepticum BlaB | BlaB-25 | BlaB-8 | BlaB-38 | BlaB-24 | BlaB-2 | BlaB-29 | BlaB-15 | BlaB-34 | BlaB-7 | BlaB-6 | BlaB-22 | BlaB-9 | BlaB-26 | BlaB-1 | BlaB-18 | BlaB-20 | BlaB-14 | BlaB-16 | BlaB-36 | BlaB-17 | BlaB-32 | BlaB-5 | BlaB-10	carbapenem;penicillin beta-lactam	antibiotic inactivation	1754198.9	0.0	0.0	0.0	0.0	0.0	0.0	0.0	0.0	0.0	0.0	0.0	0.0	0.0	0.0	0.0	0.0	0.0	0.0	0.0	0.0	0.0	0.0	0.0	0.0	0.0	0.0	0.0	0.0	0.0	0.0	0.0	0.0	0.0	0.0	0.0
BlaB beta-lactamase	multiple	BlaB-14 | BlaB-25 | BlaB-24 | BlaB-20 | BlaB-33 | BlaB-28 | BlaB-16 | BlaB-18 | BlaB-30 | BlaB-2 | BlaB-31 | BlaB-1 | BlaB-26 | BlaB-32 | BlaB-15 | BlaB-36 | BlaB-34 | BlaB-11 | BlaB-38 | Chryseobacterium meningosepticum BlaB | BlaB-6 | BlaB-29 | BlaB-22 | BlaB-17	carbapenem;penicillin beta-lactam	antibiotic inactivation	0.0	0.0	0.0	0.0	30211505.49	0.0	0.0	0.0	0.0	0.0	0.0	0.0	0.0	0.0	0.0	0.0	0.0	0.0	0.0	0.0	0.0	0.0	0.0	0.0	0.0	0.0	0.0	0.0	0.0	0.0	0.0	0.0	0.0	0.0	0.0	0.0
BlaB beta-lactamase	multiple	BlaB-15 | BlaB-24 | BlaB-27 | BlaB-16 | BlaB-8 | BlaB-38 | BlaB-36 | BlaB-10 | BlaB-7 | BlaB-9 | BlaB-39 | BlaB-6 | BlaB-26 | BlaB-5 | BlaB-22 | BlaB-34 | BlaB-28 | BlaB-25	carbapenem;penicillin beta-lactam	antibiotic inactivation	0.0	0.0	0.0	0.0	0.0	0.0	0.0	0.0	0.0	0.0	0.0	0.0	0.0	0.0	0.0	0.0	0.0	0.0	0.0	0.0	0.0	0.0	0.0	0.0	0.0	0.0	0.0	8524197.08	0.0	0.0	0.0	0.0	0.0	0.0	0.0	0.0
BlaB beta-lactamase	multiple	BlaB-15 | BlaB-34 | Chryseobacterium meningosepticum BlaB | BlaB-36 | BlaB-39 | BlaB-16 | BlaB-30 | BlaB-28 | BlaB-29 | BlaB-8 | BlaB-31 | BlaB-7 | BlaB-2 | BlaB-22 | BlaB-33 | BlaB-10 | BlaB-11 | BlaB-18 | BlaB-1 | BlaB-9 | BlaB-24 | BlaB-6 | BlaB-20 | BlaB-26 | BlaB-5 | BlaB-27 | BlaB-25 | BlaB-38 | BlaB-32 | BlaB-14 | BlaB-17	carbapenem;penicillin beta-lactam	antibiotic inactivation	0.0	0.0	0.0	94816791.26	0.0	0.0	0.0	0.0	0.0	0.0	0.0	0.0	0.0	0.0	0.0	0.0	0.0	0.0	0.0	0.0	0.0	0.0	0.0	0.0	0.0	0.0	0.0	0.0	0.0	0.0	0.0	0.0	0.0	0.0	0.0	0.0
BlaB beta-lactamase	multiple	BlaB-16 | BlaB-22 | BlaB-26 | BlaB-5 | BlaB-15 | BlaB-39 | BlaB-7 | BlaB-8 | BlaB-38 | BlaB-10 | BlaB-9 | BlaB-25 | BlaB-24 | BlaB-6 | BlaB-28 | BlaB-34 | BlaB-36 | BlaB-27	carbapenem;penicillin beta-lactam	antibiotic inactivation	0.0	0.0	0.0	0.0	0.0	0.0	0.0	0.0	0.0	0.0	0.0	0.0	0.0	0.0	0.0	0.0	0.0	0.0	0.0	0.0	0.0	0.0	0.0	0.0	69789951.41	0.0	0.0	0.0	0.0	0.0	0.0	0.0	0.0	0.0	0.0	0.0
BlaB beta-lactamase	multiple	BlaB-16 | BlaB-24 | BlaB-25 | BlaB-8 | BlaB-28 | BlaB-15 | BlaB-10 | BlaB-22 | BlaB-34 | BlaB-26 | BlaB-36 | BlaB-9 | BlaB-39 | BlaB-7 | BlaB-27 | BlaB-38 | BlaB-5 | BlaB-6	carbapenem;penicillin beta-lactam	antibiotic inactivation	0.0	0.0	0.0	0.0	0.0	0.0	3243762.62	0.0	0.0	0.0	0.0	0.0	0.0	0.0	0.0	0.0	0.0	0.0	0.0	0.0	0.0	0.0	0.0	0.0	0.0	0.0	0.0	0.0	0.0	0.0	0.0	0.0	0.0	0.0	0.0	0.0
BlaB beta-lactamase	multiple	BlaB-22 | BlaB-26 | BlaB-8 | BlaB-36 | BlaB-28 | BlaB-9 | BlaB-5 | BlaB-24 | BlaB-27 | BlaB-25 | BlaB-7 | BlaB-34 | BlaB-6 | BlaB-15 | BlaB-39 | BlaB-10	carbapenem;penicillin beta-lactam	antibiotic inactivation	0.0	0.0	0.0	0.0	0.0	0.0	0.0	0.0	0.0	0.0	0.0	0.0	0.0	0.0	0.0	0.0	26328980.23	0.0	0.0	0.0	0.0	0.0	0.0	0.0	0.0	0.0	0.0	0.0	0.0	0.0	0.0	0.0	0.0	0.0	0.0	0.0
BlaB beta-lactamase	multiple	BlaB-24 | BlaB-28 | BlaB-34 | BlaB-7 | BlaB-8 | BlaB-26 | BlaB-22 | BlaB-5 | BlaB-15 | BlaB-36 | BlaB-6 | BlaB-25 | BlaB-39 | BlaB-27 | BlaB-10 | BlaB-9	carbapenem;penicillin beta-lactam	antibiotic inactivation	0.0	0.0	0.0	0.0	0.0	0.0	0.0	0.0	0.0	0.0	0.0	0.0	0.0	31114346.27	0.0	0.0	0.0	0.0	0.0	0.0	0.0	0.0	0.0	0.0	0.0	0.0	0.0	0.0	0.0	0.0	0.0	0.0	0.0	0.0	0.0	0.0
BlaB beta-lactamase	multiple	BlaB-24 | BlaB-8 | BlaB-27 | BlaB-5 | BlaB-34 | BlaB-7 | BlaB-39 | BlaB-28 | BlaB-16 | BlaB-25 | BlaB-36 | BlaB-9 | BlaB-6 | BlaB-10 | BlaB-26 | BlaB-22 | BlaB-15 | BlaB-38	carbapenem;penicillin beta-lactam	antibiotic inactivation	0.0	0.0	0.0	0.0	0.0	0.0	0.0	0.0	0.0	0.0	30077560.86	0.0	0.0	0.0	0.0	0.0	0.0	0.0	0.0	0.0	0.0	0.0	0.0	0.0	0.0	0.0	0.0	0.0	0.0	0.0	0.0	0.0	0.0	0.0	0.0	0.0
BlaB beta-lactamase	multiple	BlaB-25 | BlaB-24 | BlaB-34 | BlaB-7 | BlaB-6 | BlaB-26 | BlaB-36 | BlaB-5 | BlaB-38 | BlaB-16 | BlaB-10 | BlaB-39 | BlaB-28 | BlaB-8 | BlaB-15 | BlaB-22 | BlaB-9 | BlaB-27	carbapenem;penicillin beta-lactam	antibiotic inactivation	0.0	0.0	0.0	0.0	0.0	0.0	0.0	3042905.64	0.0	0.0	0.0	0.0	0.0	0.0	0.0	0.0	0.0	0.0	0.0	0.0	0.0	0.0	0.0	0.0	0.0	0.0	0.0	0.0	0.0	0.0	0.0	0.0	0.0	0.0	0.0	0.0
BlaB beta-lactamase	multiple	BlaB-25 | BlaB-36 | BlaB-24 | BlaB-32 | BlaB-9 | BlaB-33 | BlaB-15 | BlaB-16 | BlaB-31 | BlaB-11 | BlaB-5 | BlaB-22 | BlaB-38 | BlaB-30 | BlaB-14 | BlaB-20 | BlaB-17 | BlaB-1 | BlaB-7 | BlaB-29 | BlaB-6 | Chryseobacterium meningosepticum BlaB | BlaB-2 | BlaB-34 | BlaB-18 | BlaB-26	carbapenem;penicillin beta-lactam	antibiotic inactivation	0.0	0.0	0.0	0.0	0.0	0.0	0.0	0.0	0.0	0.0	0.0	0.0	0.0	0.0	0.0	0.0	0.0	0.0	0.0	0.0	0.0	0.0	0.0	0.0	0.0	0.0	0.0	0.0	0.0	0.0	0.0	0.0	0.0	0.0	6437746.53	0.0
BlaB beta-lactamase	multiple	BlaB-27 | BlaB-28 | BlaB-9 | BlaB-22 | BlaB-6 | BlaB-7 | BlaB-25 | BlaB-10 | BlaB-5 | BlaB-39 | BlaB-24 | BlaB-34 | BlaB-26 | BlaB-8 | BlaB-36 | BlaB-15	carbapenem;penicillin beta-lactam	antibiotic inactivation	0.0	0.0	0.0	0.0	0.0	0.0	0.0	0.0	0.0	0.0	0.0	0.0	0.0	0.0	1573049.88	0.0	0.0	0.0	0.0	0.0	0.0	0.0	0.0	0.0	0.0	0.0	0.0	0.0	0.0	0.0	0.0	0.0	0.0	0.0	0.0	0.0
BlaB beta-lactamase	multiple	BlaB-27 | BlaB-36 | BlaB-9 | BlaB-10 | BlaB-15 | BlaB-5 | BlaB-8 | BlaB-38 | BlaB-39 | BlaB-25 | BlaB-26 | BlaB-24 | BlaB-34 | BlaB-6 | BlaB-16 | BlaB-7 | BlaB-22	carbapenem;penicillin beta-lactam	antibiotic inactivation	0.0	0.0	0.0	0.0	0.0	0.0	0.0	0.0	0.0	0.0	0.0	0.0	0.0	0.0	0.0	0.0	0.0	0.0	0.0	0.0	564652.61	0.0	0.0	0.0	0.0	0.0	0.0	0.0	0.0	0.0	0.0	0.0	0.0	0.0	0.0	0.0
BlaB beta-lactamase	multiple	BlaB-27 | BlaB-5 | BlaB-26 | BlaB-38 | BlaB-12 | BlaB-7 | BlaB-10 | BlaB-9 | BlaB-6 | BlaB-36 | BlaB-13 | BlaB-16 | BlaB-22 | BlaB-28 | BlaB-23 | BlaB-15 | BlaB-25 | BlaB-35 | BlaB-3 | BlaB-39 | BlaB-34 | BlaB-24 | BlaB-19 | BlaB-8	carbapenem;penicillin beta-lactam	antibiotic inactivation	0.0	0.0	720597.73	0.0	0.0	0.0	0.0	0.0	0.0	0.0	0.0	0.0	0.0	0.0	0.0	0.0	0.0	0.0	0.0	0.0	0.0	0.0	0.0	0.0	0.0	0.0	0.0	0.0	0.0	0.0	0.0	0.0	0.0	0.0	0.0	0.0
BlaB beta-lactamase	multiple	BlaB-28 | BlaB-7 | BlaB-36 | BlaB-24 | BlaB-38 | BlaB-39 | BlaB-25 | BlaB-22 | BlaB-26 | BlaB-15 | BlaB-6 | BlaB-9 | BlaB-27 | BlaB-8 | BlaB-10 | BlaB-34 | BlaB-5 | BlaB-16	carbapenem;penicillin beta-lactam	antibiotic inactivation	0.0	0.0	0.0	0.0	0.0	0.0	0.0	0.0	0.0	0.0	0.0	0.0	0.0	0.0	0.0	0.0	0.0	0.0	0.0	0.0	0.0	0.0	93469708.8	0.0	0.0	0.0	0.0	0.0	0.0	0.0	0.0	0.0	0.0	0.0	0.0	0.0
BlaB beta-lactamase	multiple	BlaB-29 | BlaB-30 | BlaB-5 | BlaB-27 | BlaB-16 | BlaB-38 | BlaB-1 | BlaB-39 | BlaB-14 | BlaB-18 | BlaB-2 | BlaB-22 | BlaB-11 | Chryseobacterium meningosepticum BlaB | BlaB-10 | BlaB-36 | BlaB-28 | BlaB-25 | BlaB-8 | BlaB-26 | BlaB-32 | BlaB-33 | BlaB-17 | BlaB-7 | BlaB-9 | BlaB-34 | BlaB-24 | BlaB-31 | BlaB-15 | BlaB-20 | BlaB-6	carbapenem;penicillin beta-lactam	antibiotic inactivation	0.0	0.0	0.0	0.0	0.0	0.0	0.0	0.0	0.0	0.0	0.0	0.0	0.0	0.0	0.0	0.0	0.0	0.0	0.0	0.0	0.0	0.0	0.0	7405802.3	0.0	0.0	0.0	0.0	0.0	0.0	0.0	0.0	0.0	0.0	0.0	0.0
BlaB beta-lactamase	multiple	BlaB-34 | BlaB-2 | Chryseobacterium meningosepticum BlaB | BlaB-31 | BlaB-26 | BlaB-39 | BlaB-30 | BlaB-7 | BlaB-14 | BlaB-25 | BlaB-29 | BlaB-22 | BlaB-33 | BlaB-6 | BlaB-8 | BlaB-16 | BlaB-32 | BlaB-10 | BlaB-5 | BlaB-24 | BlaB-20 | BlaB-27 | BlaB-17 | BlaB-11 | BlaB-36 | BlaB-38 | BlaB-28 | BlaB-18 | BlaB-9 | BlaB-1 | BlaB-15	carbapenem;penicillin beta-lactam	antibiotic inactivation	0.0	0.0	0.0	0.0	0.0	0.0	0.0	0.0	0.0	0.0	0.0	0.0	0.0	0.0	0.0	0.0	0.0	0.0	0.0	0.0	0.0	0.0	0.0	0.0	0.0	0.0	0.0	0.0	0.0	0.0	0.0	0.0	31995962.25	0.0	0.0	0.0
BlaB beta-lactamase	multiple	BlaB-34 | BlaB-26 | BlaB-8 | BlaB-9 | BlaB-15 | BlaB-6 | BlaB-39 | BlaB-7 | BlaB-25 | BlaB-5 | BlaB-10 | BlaB-16 | BlaB-38 | BlaB-36 | BlaB-22 | BlaB-27 | BlaB-28 | BlaB-24	carbapenem;penicillin beta-lactam	antibiotic inactivation	0.0	0.0	0.0	0.0	0.0	0.0	0.0	0.0	1332340.49	0.0	0.0	0.0	0.0	0.0	0.0	0.0	0.0	0.0	0.0	0.0	0.0	0.0	0.0	0.0	0.0	0.0	0.0	0.0	0.0	0.0	0.0	0.0	0.0	0.0	0.0	0.0
BlaB beta-lactamase	multiple	BlaB-36 | BlaB-18 | BlaB-11 | BlaB-34 | BlaB-32 | Chryseobacterium meningosepticum BlaB | BlaB-30 | BlaB-22 | BlaB-17 | BlaB-14 | BlaB-29 | BlaB-25 | BlaB-20 | BlaB-1 | BlaB-15 | BlaB-7 | BlaB-26 | BlaB-5 | BlaB-9 | BlaB-24 | BlaB-38 | BlaB-2 | BlaB-6 | BlaB-33 | BlaB-31 | BlaB-16 | BlaB-10 | BlaB-8	carbapenem;penicillin beta-lactam	antibiotic inactivation	0.0	0.0	0.0	0.0	0.0	19879083.95	0.0	0.0	0.0	0.0	0.0	0.0	0.0	0.0	0.0	0.0	0.0	0.0	0.0	0.0	0.0	0.0	0.0	0.0	0.0	0.0	0.0	0.0	0.0	0.0	0.0	0.0	0.0	0.0	0.0	0.0
BlaB beta-lactamase	multiple	BlaB-36 | BlaB-26 | BlaB-10 | BlaB-34 | BlaB-16 | BlaB-25 | BlaB-22 | BlaB-15 | BlaB-28 | BlaB-8 | BlaB-7 | BlaB-24 | BlaB-27 | BlaB-38 | BlaB-39 | BlaB-9 | BlaB-5 | BlaB-6	carbapenem;penicillin beta-lactam	antibiotic inactivation	0.0	0.0	0.0	0.0	0.0	0.0	0.0	0.0	0.0	0.0	0.0	7837246.53	0.0	0.0	0.0	0.0	0.0	0.0	0.0	0.0	0.0	0.0	0.0	0.0	0.0	0.0	0.0	0.0	0.0	0.0	0.0	0.0	0.0	0.0	0.0	0.0
BlaB beta-lactamase	multiple	BlaB-38 | BlaB-24 | BlaB-10 | BlaB-7 | BlaB-28 | BlaB-27 | BlaB-8 | BlaB-16 | BlaB-6 | BlaB-15 | BlaB-34 | BlaB-25 | BlaB-22 | BlaB-39 | BlaB-36 | BlaB-5 | BlaB-9 | BlaB-26	carbapenem;penicillin beta-lactam	antibiotic inactivation	0.0	0.0	0.0	0.0	0.0	0.0	0.0	0.0	0.0	0.0	0.0	0.0	0.0	0.0	0.0	0.0	0.0	0.0	0.0	24831571.0	0.0	0.0	0.0	0.0	0.0	0.0	0.0	0.0	0.0	0.0	0.0	0.0	0.0	0.0	0.0	0.0
BlaB beta-lactamase	multiple	BlaB-38 | BlaB-27 | BlaB-26 | BlaB-24 | BlaB-1 | BlaB-29 | BlaB-8 | BlaB-10 | BlaB-30 | BlaB-20 | BlaB-14 | Chryseobacterium meningosepticum BlaB | BlaB-28 | BlaB-15 | BlaB-7 | BlaB-32 | BlaB-31 | BlaB-5 | BlaB-6 | BlaB-34 | BlaB-2 | BlaB-11 | BlaB-9 | BlaB-18 | BlaB-39 | BlaB-16 | BlaB-17 | BlaB-25 | BlaB-33 | BlaB-22 | BlaB-36	carbapenem;penicillin beta-lactam	antibiotic inactivation	0.0	0.0	0.0	0.0	0.0	0.0	0.0	0.0	0.0	0.0	0.0	0.0	0.0	0.0	0.0	0.0	0.0	0.0	0.0	0.0	0.0	0.0	0.0	0.0	0.0	0.0	0.0	0.0	0.0	0.0	0.0	0.0	0.0	0.0	0.0	12076488.56
BlaB beta-lactamase	multiple	BlaB-38 | BlaB-39 | BlaB-16 | BlaB-26 | BlaB-36 | BlaB-15 | BlaB-22 | BlaB-34 | BlaB-7 | BlaB-6 | BlaB-28 | BlaB-10 | BlaB-27 | BlaB-8 | BlaB-5 | BlaB-25 | BlaB-9 | BlaB-24	carbapenem;penicillin beta-lactam	antibiotic inactivation	0.0	0.0	0.0	0.0	0.0	0.0	0.0	0.0	0.0	0.0	0.0	0.0	0.0	0.0	0.0	0.0	0.0	0.0	0.0	0.0	0.0	0.0	0.0	0.0	0.0	0.0	0.0	0.0	0.0	0.0	5222867.73	0.0	0.0	0.0	0.0	0.0
BlaB beta-lactamase	multiple	BlaB-39 | BlaB-22 | BlaB-27 | BlaB-26 | BlaB-9 | BlaB-38 | BlaB-24 | BlaB-6 | BlaB-7 | BlaB-8 | BlaB-25 | BlaB-10 | BlaB-36 | BlaB-5 | BlaB-34 | BlaB-15 | BlaB-16 | BlaB-28	carbapenem;penicillin beta-lactam	antibiotic inactivation	0.0	0.0	0.0	0.0	0.0	0.0	0.0	0.0	0.0	0.0	0.0	0.0	0.0	0.0	0.0	0.0	0.0	0.0	0.0	0.0	0.0	0.0	0.0	0.0	0.0	0.0	28291836.46	0.0	0.0	0.0	0.0	0.0	0.0	0.0	0.0	0.0
BlaB beta-lactamase	multiple	BlaB-39 | BlaB-28 | BlaB-6 | BlaB-15 | BlaB-7 | BlaB-5 | BlaB-9 | BlaB-8 | BlaB-22 | BlaB-34 | BlaB-25 | BlaB-27 | BlaB-26 | BlaB-36 | BlaB-24 | BlaB-10	carbapenem;penicillin beta-lactam	antibiotic inactivation	0.0	0.0	0.0	0.0	0.0	0.0	0.0	0.0	0.0	0.0	0.0	0.0	0.0	0.0	0.0	110517993.18	0.0	0.0	0.0	0.0	0.0	0.0	0.0	0.0	0.0	0.0	0.0	0.0	0.0	0.0	0.0	0.0	0.0	0.0	0.0	0.0
BlaB beta-lactamase	multiple	BlaB-5 | BlaB-36 | BlaB-8 | BlaB-27 | BlaB-22 | BlaB-15 | BlaB-7 | BlaB-6 | BlaB-10 | BlaB-26 | BlaB-34 | BlaB-28 | BlaB-39 | BlaB-25 | BlaB-24 | BlaB-9	carbapenem;penicillin beta-lactam	antibiotic inactivation	0.0	0.0	0.0	0.0	0.0	0.0	0.0	0.0	0.0	0.0	0.0	0.0	0.0	0.0	0.0	0.0	0.0	0.0	6453014.61	0.0	0.0	0.0	0.0	0.0	0.0	0.0	0.0	0.0	0.0	0.0	0.0	0.0	0.0	0.0	0.0	0.0
BlaB beta-lactamase	multiple	BlaB-9 | BlaB-15 | BlaB-34 | BlaB-24 | BlaB-26 | BlaB-28 | BlaB-5 | BlaB-39 | BlaB-27 | BlaB-7 | BlaB-16 | BlaB-8 | BlaB-36 | BlaB-10 | BlaB-22 | BlaB-6 | BlaB-25 | BlaB-38	carbapenem;penicillin beta-lactam	antibiotic inactivation	0.0	1176044.41	0.0	0.0	0.0	0.0	0.0	0.0	0.0	0.0	0.0	0.0	0.0	0.0	0.0	0.0	0.0	0.0	0.0	0.0	0.0	0.0	0.0	0.0	0.0	0.0	0.0	0.0	0.0	0.0	0.0	0.0	0.0	0.0	0.0	0.0
BlaB beta-lactamase	multiple	BlaB-9 | BlaB-15 | BlaB-5 | BlaB-27 | BlaB-36 | BlaB-34 | BlaB-10 | BlaB-26 | BlaB-8 | BlaB-6 | BlaB-16 | BlaB-38 | BlaB-7 | BlaB-24 | BlaB-39 | BlaB-22 | BlaB-28 | BlaB-25	carbapenem;penicillin beta-lactam	antibiotic inactivation	0.0	0.0	0.0	0.0	0.0	0.0	0.0	0.0	0.0	0.0	0.0	0.0	0.0	0.0	0.0	0.0	0.0	0.0	0.0	0.0	0.0	0.0	0.0	0.0	0.0	0.0	0.0	0.0	0.0	0.0	0.0	85023098.22	0.0	0.0	0.0	0.0
BlaB beta-lactamase	multiple	BlaB-9 | BlaB-15 | BlaB-6 | BlaB-39 | BlaB-28 | BlaB-22 | BlaB-7 | BlaB-34 | BlaB-8 | BlaB-25 | BlaB-36 | BlaB-26 | BlaB-5 | BlaB-27 | BlaB-10 | BlaB-24	carbapenem;penicillin beta-lactam	antibiotic inactivation	0.0	0.0	0.0	0.0	0.0	0.0	0.0	0.0	0.0	0.0	0.0	0.0	0.0	0.0	0.0	0.0	0.0	7467787.21	0.0	0.0	0.0	0.0	0.0	0.0	0.0	0.0	0.0	0.0	0.0	0.0	0.0	0.0	0.0	0.0	0.0	0.0
BlaB beta-lactamase	multiple	BlaB-9 | BlaB-24 | BlaB-22 | BlaB-5 | BlaB-25 | BlaB-7 | BlaB-27 | BlaB-8 | BlaB-28 | BlaB-10 | BlaB-36 | BlaB-38 | BlaB-26 | BlaB-6 | BlaB-34 | BlaB-16 | BlaB-39 | BlaB-15	carbapenem;penicillin beta-lactam	antibiotic inactivation	0.0	0.0	0.0	0.0	0.0	0.0	0.0	0.0	0.0	0.0	0.0	0.0	0.0	0.0	0.0	0.0	0.0	0.0	0.0	0.0	0.0	0.0	0.0	0.0	0.0	0.0	0.0	0.0	18998092.8	0.0	0.0	0.0	0.0	0.0	0.0	0.0
BlaZ beta-lactamase	ARO_3000621__PC1_blaZ__H	PC1 beta-lactamase (blaZ)	penicillin beta-lactam	antibiotic inactivation	0.0	0.0	0.0	0.0	0.0	0.0	0.0	0.0	0.0	0.0	0.0	0.0	0.0	0.0	0.0	0.0	0.0	0.0	0.0	0.0	0.0	0.0	0.0	0.0	0.0	0.0	0.0	0.0	0.0	21617.02	0.0	0.0	0.0	0.0	0.0	0.0
BlaZ beta-lactamase	ARO_3008823__PC1__H	PC1	penicillin beta-lactam	antibiotic inactivation	0.0	0.0	0.0	0.0	29362.7	0.0	0.0	0.0	0.0	0.0	0.0	0.0	0.0	0.0	0.0	0.0	0.0	0.0	0.0	0.0	0.0	0.0	0.0	0.0	0.0	0.0	0.0	0.0	0.0	0.0	0.0	0.0	0.0	0.0	0.0	0.0
BlaZ beta-lactamase	multiple	PC1 beta-lactamase (blaZ) | PC1	penicillin beta-lactam	antibiotic inactivation	0.0	0.0	0.0	0.0	29362.7	0.0	0.0	0.0	0.0	0.0	0.0	0.0	0.0	0.0	0.0	0.0	0.0	0.0	0.0	0.0	0.0	0.0	0.0	0.0	0.0	43790.04	0.0	0.0	0.0	0.0	0.0	0.0	0.0	0.0	0.0	0.0
Bleomycin resistant protein	ARO_3005036__BLMT__H	BLMT	glycopeptide antibiotic	antibiotic inactivation	0.0	0.0	0.0	0.0	0.0	0.0	0.0	0.0	0.0	0.0	0.0	0.0	0.0	0.0	0.0	0.0	0.0	0.0	0.0	0.0	0.0	0.0	0.0	0.0	0.0	48617.29	0.0	0.0	0.0	0.0	0.0	0.0	0.0	0.0	0.0	0.0
CARB beta-lactamase	ARO_3002242__CARB-3__H	CARB-3	penicillin beta-lactam	antibiotic inactivation	0.0	0.0	0.0	0.0	0.0	0.0	0.0	0.0	0.0	0.0	0.0	0.0	0.0	216937.12	18668.05	46520.53	0.0	0.0	0.0	0.0	0.0	0.0	0.0	0.0	0.0	0.0	0.0	0.0	0.0	0.0	0.0	0.0	0.0	25716.3	0.0	0.0
CARB beta-lactamase	ARO_3002250__CARB-12__H	CARB-12	penicillin beta-lactam	antibiotic inactivation	0.0	0.0	0.0	0.0	0.0	0.0	0.0	0.0	0.0	0.0	0.0	0.0	0.0	0.0	0.0	0.0	0.0	0.0	0.0	0.0	0.0	0.0	0.0	0.0	0.0	0.0	0.0	47995.56	0.0	0.0	0.0	0.0	0.0	0.0	0.0	0.0
CARB beta-lactamase	multiple	CARB-1 | CARB-3 | CARB-58 | CARB-12 | CARB-6 | CARB-53 | CARB-55 | CARB-11 | CARB-51 | CARB-2	penicillin beta-lactam	antibiotic inactivation	0.0	0.0	0.0	0.0	0.0	0.0	0.0	0.0	0.0	0.0	0.0	0.0	0.0	0.0	0.0	0.0	0.0	0.0	0.0	0.0	0.0	0.0	0.0	0.0	0.0	0.0	0.0	0.0	0.0	0.0	0.0	0.0	0.0	425841.75	0.0	0.0
CARB beta-lactamase	multiple	CARB-1 | CARB-3 | CARB-58 | CARB-53 | CARB-2 | CARB-12 | CARB-11 | CARB-6 | CARB-55 | CARB-51	penicillin beta-lactam	antibiotic inactivation	0.0	0.0	0.0	0.0	0.0	0.0	0.0	0.0	0.0	0.0	0.0	0.0	0.0	0.0	0.0	1316003.12	0.0	0.0	0.0	0.0	0.0	0.0	0.0	0.0	0.0	0.0	0.0	0.0	0.0	0.0	0.0	0.0	0.0	0.0	0.0	0.0
CARB beta-lactamase	multiple	CARB-11 | CARB-3 | CARB-6 | CARB-53 | CARB-12 | CARB-51 | CARB-58 | CARB-2 | CARB-1 | CARB-55	penicillin beta-lactam	antibiotic inactivation	0.0	0.0	0.0	0.0	0.0	0.0	0.0	0.0	0.0	0.0	0.0	0.0	0.0	9554541.0	0.0	0.0	0.0	0.0	0.0	0.0	0.0	0.0	0.0	0.0	0.0	0.0	0.0	0.0	0.0	0.0	0.0	0.0	0.0	0.0	0.0	0.0
CARB beta-lactamase	multiple	CARB-51 | CARB-11 | CARB-6 | CARB-2 | CARB-53 | CARB-3 | CARB-1 | CARB-58 | CARB-55 | CARB-12	penicillin beta-lactam	antibiotic inactivation	0.0	0.0	0.0	0.0	0.0	0.0	0.0	0.0	0.0	0.0	0.0	0.0	0.0	0.0	0.0	0.0	0.0	0.0	0.0	0.0	0.0	0.0	0.0	0.0	0.0	0.0	0.0	0.0	0.0	0.0	0.0	0.0	251418.97	0.0	0.0	0.0
CARB beta-lactamase	multiple	CARB-51 | CARB-53 | CARB-1 | CARB-58 | CARB-2 | CARB-55 | CARB-6 | CARB-12 | CARB-11 | CARB-3	penicillin beta-lactam	antibiotic inactivation	371782.63	0.0	0.0	0.0	0.0	0.0	0.0	0.0	0.0	0.0	0.0	0.0	0.0	0.0	0.0	0.0	0.0	0.0	0.0	0.0	0.0	0.0	0.0	0.0	0.0	0.0	0.0	0.0	0.0	0.0	0.0	0.0	0.0	0.0	0.0	0.0
CARB beta-lactamase	multiple	CARB-53 | CARB-11 | CARB-6 | CARB-1 | CARB-51 | CARB-2 | CARB-55 | CARB-12 | CARB-3 | CARB-58	penicillin beta-lactam	antibiotic inactivation	0.0	0.0	0.0	0.0	0.0	0.0	0.0	0.0	0.0	0.0	0.0	48134.68	0.0	0.0	0.0	0.0	0.0	0.0	0.0	0.0	0.0	0.0	0.0	0.0	0.0	0.0	0.0	0.0	0.0	0.0	0.0	0.0	0.0	0.0	0.0	0.0
CARB beta-lactamase	multiple	CARB-55 | CARB-1 | CARB-11 | CARB-12 | CARB-2 | CARB-58 | CARB-53 | CARB-3 | CARB-6 | CARB-51	penicillin beta-lactam	antibiotic inactivation	0.0	0.0	0.0	0.0	0.0	0.0	23103.39	0.0	0.0	0.0	0.0	0.0	0.0	0.0	0.0	0.0	0.0	0.0	0.0	0.0	0.0	0.0	0.0	0.0	0.0	0.0	0.0	0.0	0.0	0.0	0.0	0.0	0.0	0.0	0.0	0.0
CARB beta-lactamase	multiple	CARB-55 | CARB-2 | CARB-58 | CARB-53 | CARB-51 | CARB-11 | CARB-1 | CARB-12 | CARB-3	penicillin beta-lactam	antibiotic inactivation	0.0	0.0	0.0	0.0	0.0	0.0	0.0	0.0	0.0	0.0	0.0	0.0	0.0	0.0	0.0	0.0	18726.01	0.0	0.0	0.0	0.0	0.0	0.0	0.0	0.0	0.0	0.0	0.0	0.0	0.0	0.0	0.0	0.0	0.0	0.0	0.0
CARB beta-lactamase	multiple	CARB-55 | CARB-51 | CARB-1 | CARB-12 | CARB-2 | CARB-3 | CARB-58 | CARB-11 | CARB-6 | CARB-53	penicillin beta-lactam	antibiotic inactivation	0.0	0.0	0.0	0.0	0.0	0.0	0.0	0.0	0.0	0.0	0.0	0.0	0.0	0.0	0.0	0.0	0.0	0.0	0.0	0.0	0.0	0.0	0.0	0.0	0.0	0.0	0.0	0.0	863716.46	0.0	0.0	0.0	0.0	0.0	0.0	0.0
CARB beta-lactamase	multiple	CARB-58 | CARB-1 | CARB-6 | CARB-11 | CARB-12 | CARB-3 | CARB-53 | CARB-51 | CARB-2 | CARB-55	penicillin beta-lactam	antibiotic inactivation	0.0	0.0	0.0	0.0	0.0	0.0	0.0	0.0	0.0	0.0	0.0	0.0	0.0	0.0	0.0	0.0	0.0	0.0	0.0	0.0	0.0	0.0	0.0	0.0	0.0	0.0	0.0	423605.19	0.0	0.0	0.0	0.0	0.0	0.0	0.0	0.0
CARB beta-lactamase	multiple	CARB-58 | CARB-55 | CARB-12 | CARB-1 | CARB-2 | CARB-53 | CARB-3 | CARB-6 | CARB-51 | CARB-11	penicillin beta-lactam	antibiotic inactivation	0.0	0.0	0.0	0.0	0.0	0.0	0.0	0.0	0.0	0.0	0.0	0.0	0.0	0.0	1159231.08	0.0	0.0	0.0	0.0	0.0	0.0	0.0	0.0	0.0	0.0	0.0	0.0	0.0	0.0	0.0	0.0	0.0	0.0	0.0	0.0	0.0
CIA beta-lactamase	ARO_3004768__CIA-1__H	CIA-1	carbapenem;cephalosporin	antibiotic inactivation	0.0	0.0	0.0	0.0	0.0	0.0	0.0	0.0	0.0	0.0	0.0	0.0	0.0	0.0	0.0	0.0	0.0	0.0	0.0	0.0	0.0	0.0	0.0	0.0	0.0	63219.07	0.0	0.0	0.0	0.0	0.0	0.0	0.0	0.0	0.0	0.0
CIA beta-lactamase	ARO_3004771__CIA-4__H	CIA-4	carbapenem;cephalosporin	antibiotic inactivation	0.0	0.0	0.0	0.0	0.0	0.0	0.0	0.0	18929.98	0.0	0.0	0.0	0.0	0.0	0.0	0.0	0.0	0.0	0.0	0.0	0.0	0.0	0.0	0.0	0.0	0.0	0.0	0.0	0.0	0.0	0.0	0.0	0.0	0.0	0.0	0.0
CIA beta-lactamase	multiple	CIA-1 | CIA-4 | CIA-2 | CIA-3	carbapenem;cephalosporin	antibiotic inactivation	0.0	0.0	0.0	0.0	0.0	0.0	0.0	0.0	0.0	0.0	0.0	0.0	0.0	0.0	0.0	0.0	0.0	0.0	39571.79	0.0	0.0	0.0	0.0	0.0	0.0	0.0	0.0	0.0	0.0	0.0	0.0	0.0	0.0	0.0	0.0	0.0
CIA beta-lactamase	multiple	CIA-2 | CIA-1 | CIA-4 | CIA-3	carbapenem;cephalosporin	antibiotic inactivation	0.0	0.0	0.0	0.0	0.0	0.0	0.0	0.0	0.0	0.0	0.0	0.0	0.0	0.0	0.0	0.0	0.0	0.0	0.0	0.0	0.0	0.0	0.0	0.0	540086.65	0.0	0.0	0.0	0.0	0.0	0.0	0.0	0.0	0.0	0.0	0.0
CIA beta-lactamase	multiple	CIA-4 | CIA-2 | CIA-3 | CIA-1	carbapenem;cephalosporin	antibiotic inactivation	0.0	0.0	0.0	0.0	0.0	0.0	0.0	0.0	0.0	0.0	0.0	0.0	0.0	0.0	0.0	0.0	0.0	0.0	0.0	0.0	0.0	0.0	0.0	0.0	0.0	0.0	293053.88	0.0	0.0	0.0	0.0	0.0	0.0	0.0	0.0	0.0
CIA beta-lactamase	multiple	CIA-4 | CIA-3 | CIA-2 | CIA-1	carbapenem;cephalosporin	antibiotic inactivation	0.0	0.0	0.0	0.0	0.0	0.0	0.0	0.0	0.0	0.0	0.0	0.0	0.0	0.0	0.0	0.0	0.0	0.0	0.0	0.0	0.0	0.0	644507.02	0.0	0.0	5162890.43	0.0	0.0	0.0	0.0	0.0	0.0	0.0	0.0	0.0	0.0
CIM beta-lactamase	ARO_3007840__CIM-1__H	CIM-1	carbapenem;cephalosporin	antibiotic inactivation	0.0	0.0	0.0	0.0	0.0	0.0	0.0	0.0	0.0	0.0	0.0	0.0	0.0	0.0	0.0	0.0	0.0	0.0	0.0	0.0	0.0	0.0	867688.44	0.0	1090663.71	4116263.66	136293.31	0.0	0.0	0.0	0.0	0.0	0.0	0.0	0.0	0.0
CME beta-lactamase	ARO_3006155__CME-2__H	CME-2	penicillin beta-lactam	antibiotic inactivation	0.0	18254.4	20831.91	810635.76	416792.74	0.0	0.0	24524.08	18612.36	50686.27	563917.38	71402.47	0.0	246703.28	0.0	1174461.16	241259.69	59987.13	77815.67	198566.1	17528.0	45476.05	667045.41	54464.15	586922.14	1098130.74	547460.06	69819.04	122021.69	306845.61	117680.26	1076031.96	276260.89	289524.16	0.0	36884.32
CME beta-lactamase	ARO_3008084__CME-3__H	CME-3	penicillin beta-lactam	antibiotic inactivation	182607.23	163194.31	269009.35	8681402.33	3919333.68	4361360.88	0.0	24360.58	18488.28	75522.55	494256.99	141852.9	3076443.02	833199.22	18979.19	2238671.1	553041.45	99312.03	135269.58	394484.65	0.0	316210.14	1722755.95	2136991.68	749583.42	1852318.65	1202107.03	115589.31	383826.0	548639.96	93516.58	1625555.5	1564189.17	1725563.98	1499803.94	1996794.18
CME beta-lactamase	multiple	CME-1 | CME-2 | CME-3	penicillin beta-lactam	antibiotic inactivation	0.0	0.0	0.0	45142278.8	0.0	0.0	0.0	0.0	0.0	0.0	0.0	0.0	0.0	0.0	0.0	0.0	9557595.49	0.0	2353924.1	0.0	0.0	0.0	0.0	0.0	0.0	33917736.29	0.0	0.0	5877377.94	0.0	0.0	0.0	0.0	11344082.91	4901905.87	0.0
CME beta-lactamase	multiple	CME-1 | CME-3 | CME-2	penicillin beta-lactam	antibiotic inactivation	0.0	0.0	0.0	0.0	0.0	0.0	0.0	0.0	0.0	0.0	11377862.35	0.0	0.0	0.0	0.0	0.0	0.0	0.0	0.0	9097937.71	0.0	0.0	0.0	0.0	0.0	0.0	0.0	0.0	0.0	0.0	0.0	0.0	0.0	0.0	0.0	0.0
CME beta-lactamase	multiple	CME-2 | CME-1 | CME-3	penicillin beta-lactam	antibiotic inactivation	393927.4	0.0	0.0	0.0	0.0	0.0	0.0	0.0	558370.88	0.0	0.0	0.0	9606715.24	0.0	0.0	0.0	0.0	0.0	0.0	0.0	0.0	0.0	0.0	6454001.73	0.0	0.0	5705110.06	0.0	0.0	9409932.11	0.0	26071357.61	0.0	0.0	0.0	0.0
CME beta-lactamase	multiple	CME-2 | CME-3 | CME-1	penicillin beta-lactam	antibiotic inactivation	0.0	328579.15	0.0	0.0	0.0	0.0	1005292.2	0.0	0.0	633578.43	0.0	2094472.35	0.0	10558900.45	0.0	0.0	0.0	0.0	0.0	0.0	0.0	0.0	0.0	0.0	21408683.94	0.0	0.0	0.0	0.0	0.0	1929956.27	0.0	10774174.79	0.0	0.0	7690380.87
CME beta-lactamase	multiple	CME-3 | CME-1 | CME-2	penicillin beta-lactam	antibiotic inactivation	0.0	0.0	395806.21	0.0	12892788.72	0.0	0.0	1103583.48	0.0	0.0	0.0	0.0	0.0	0.0	0.0	40026906.07	0.0	2779403.69	0.0	0.0	245392.01	0.0	0.0	0.0	0.0	0.0	0.0	0.0	0.0	0.0	0.0	0.0	0.0	0.0	0.0	0.0
CME beta-lactamase	multiple	CME-3 | CME-2 | CME-1	penicillin beta-lactam	antibiotic inactivation	0.0	0.0	0.0	0.0	0.0	15831913.07	0.0	0.0	0.0	0.0	0.0	0.0	0.0	0.0	668729.81	0.0	0.0	0.0	0.0	0.0	0.0	2637610.92	29516759.52	0.0	0.0	0.0	0.0	2560031.59	0.0	0.0	0.0	0.0	0.0	0.0	0.0	0.0
CMH beta-lactamase	ARO_3006856__CMH-4__H	CMH-4	cephalosporin	antibiotic inactivation	0.0	0.0	0.0	0.0	0.0	0.0	0.0	0.0	0.0	0.0	0.0	0.0	44741.75	0.0	0.0	0.0	0.0	0.0	0.0	0.0	0.0	0.0	0.0	0.0	0.0	0.0	0.0	0.0	0.0	0.0	0.0	0.0	0.0	0.0	0.0	0.0
CMY beta-lactamase	ARO_3002069__CMY-59__H	CMY-59	cephalosporin	antibiotic inactivation	0.0	0.0	0.0	0.0	0.0	0.0	0.0	0.0	28012.55	0.0	0.0	0.0	0.0	55695.13	143781.73	0.0	13965.69	0.0	512384.76	0.0	0.0	0.0	0.0	0.0	0.0	0.0	65049.08	0.0	0.0	0.0	0.0	0.0	83157.32	99033.75	0.0	0.0
CMY beta-lactamase	ARO_3002097__CMY-84__H	CMY-84	cephalosporin	antibiotic inactivation	0.0	0.0	0.0	0.0	0.0	0.0	0.0	0.0	0.0	0.0	0.0	0.0	0.0	0.0	0.0	0.0	0.0	0.0	0.0	0.0	0.0	0.0	0.0	0.0	0.0	0.0	0.0	0.0	0.0	0.0	0.0	0.0	0.0	20532.65	0.0	0.0
CMY beta-lactamase	ARO_3002100__CMY-87__H	CMY-87	cephalosporin	antibiotic inactivation	0.0	0.0	0.0	0.0	0.0	0.0	0.0	0.0	0.0	0.0	0.0	0.0	0.0	0.0	0.0	0.0	14515.52	0.0	0.0	0.0	0.0	0.0	0.0	0.0	0.0	0.0	0.0	0.0	0.0	0.0	0.0	0.0	0.0	0.0	0.0	0.0
CMY beta-lactamase	multiple	CMY-103 | CMY-48 | CMY-50 | CMY-170 | CMY-117 | CMY-85 | CMY-89 | CMY-41 | CMY-180 | CMY-105 | CMY-113 | CMY-150 | CMY-128 | CMY-168 | CMY-40 | CMY-68 | CMY-76 | CMY-151 | CMY-67 | CMY-47 | CMY-51 | CMY-81 | CMY-112 | CMY-169 | CMY-181 | CMY-65 | CMY-110 | CMY-152 | CMY-118 | CMY-114 | CMY-87 | CMY-97 | CMY-72 | CMY-75	cephalosporin	antibiotic inactivation	0.0	0.0	0.0	0.0	0.0	0.0	0.0	0.0	0.0	0.0	0.0	0.0	0.0	0.0	0.0	0.0	0.0	0.0	0.0	0.0	0.0	0.0	0.0	0.0	0.0	0.0	0.0	145310.23	0.0	0.0	0.0	0.0	0.0	0.0	0.0	0.0
CMY beta-lactamase	multiple	CMY-103 | CMY-72 | CMY-112 | CMY-169 | CMY-97 | CMY-109 | CMY-181 | CMY-78 | CMY-118 | CMY-59 | CMY-79 | CMY-188 | CMY-51 | CMY-168 | CMY-68 | CMY-75 | CMY-87 | CMY-48 | CMY-65 | CMY-180 | CMY-135 | CMY-84 | CMY-89 | CMY-47 | CMY-50 | CMY-90 | CMY-110 | CMY-151 | CMY-128 | CMY-66 | CMY-85 | CMY-113 | CMY-41 | CMY-115 | CMY-76 | CMY-152 | CMY-105 | CMY-81 | CMY-67 | CMY-40 | CMY-189 | CMY-150 | CMY-117 | CMY-114 | CMY-116 | CMY-170	cephalosporin	antibiotic inactivation	0.0	0.0	0.0	0.0	0.0	0.0	0.0	0.0	0.0	0.0	0.0	0.0	0.0	0.0	0.0	0.0	593308.4	0.0	0.0	0.0	0.0	0.0	0.0	0.0	0.0	0.0	0.0	0.0	0.0	0.0	0.0	0.0	0.0	0.0	0.0	0.0
CMY beta-lactamase	multiple	CMY-105 | CMY-90 | CMY-85 | CMY-89 | CMY-66 | CMY-81 | CMY-41 | CMY-84 | CMY-116 | CMY-87 | CMY-78 | CMY-150 | CMY-117 | CMY-50 | CMY-110 | CMY-75 | CMY-65 | CMY-118 | CMY-189 | CMY-112 | CMY-79 | CMY-152 | CMY-76 | CMY-180 | CMY-72 | CMY-103 | CMY-48 | CMY-170 | CMY-188 | CMY-135 | CMY-68 | CMY-113 | CMY-51 | CMY-47 | CMY-168 | CMY-181 | CMY-151	cephalosporin	antibiotic inactivation	0.0	0.0	0.0	0.0	0.0	0.0	0.0	0.0	0.0	0.0	0.0	0.0	0.0	0.0	0.0	0.0	0.0	0.0	0.0	0.0	0.0	53217.89	0.0	0.0	0.0	0.0	0.0	0.0	0.0	0.0	0.0	0.0	0.0	0.0	0.0	0.0
CMY beta-lactamase	multiple	CMY-129 | CMY-56 | CMY-12 | CMY-175 | CMY-139 | CMY-173 | CMY-16 | CMY-154 | CMY-156 | CMY-195 | CMY-131 | CMY-165 | CMY-146 | CMY-199 | CMY-45 | CMY-64 | CMY-194 | CMY-26 | CMY-144 | CMY-61 | CMY-124 | CMY-14 | CMY-5 | CMY-28 | CMY-31 | CMY-55 | CMY-197 | CMY-158 | CMY-63 | CMY-122 | CMY-145 | CMY-191 | CMY-86 | CMY-177 | CMY-134 | CMY-142 | CMY-164 | CMY-69 | CMY-27 | CMY-138 | CMY-59 | CMY-4 | CMY-17 | CMY-166 | CMY-34 | CMY-20 | CMY-57 | CMY-80 | CMY-29 | CMY-178 | CMY-38 | CMY-183 | CMY-42 | CMY-111 | CMY-162 | CMY-149 | CMY-46 | CMY-99 | LAT-1 | CMY-167 | CMY-121 | CMY-94 | CMY-143 | CMY-39 | CMY-163 | CMY-22 | CMY-96 | CMY-147 | CMY-102 | CMY-13 | CMY-44 | CMY-95 | CMY-133 | CMY-155 | CMY-172 | CMY-25 | CMY-106 | CMY-2 | CMY-196 | CMY-62 | CMY-77 | CMY-136 | CMY-40 | BIL-1 | CMY-24 | CMY-23 | CMY-107 | CMY-32 | CMY-36 | CMY-192 | CMY-108 | CMY-132 | CMY-186 | CMY-60 | CMY-119 | CMY-15 | CMY-198 | CMY-54 | CMY-71 | CMY-174 | CMY-176 | CMY-185 | CMY-141 | CMY-53 | CMY-171 | CMY-153 | CMY-58 | CMY-184 | CMY-140 | CMY-30 | CMY-148 | CMY-21 | CMY-161 | CMY-127 | CMY-6 | CMY-125 | CMY-18 | CMY-37 | CMY-130 | CMY-33 | CMY-35 | CMY-7 | CMY-160 | CMY-43	cephalosporin | carbapenem;cephalosporin;penicillin beta-lactam	antibiotic inactivation	0.0	0.0	0.0	0.0	0.0	0.0	0.0	0.0	203269.99	0.0	0.0	0.0	0.0	0.0	0.0	0.0	0.0	0.0	0.0	0.0	0.0	0.0	0.0	0.0	0.0	0.0	0.0	0.0	0.0	0.0	0.0	0.0	0.0	0.0	0.0	0.0
CMY beta-lactamase	multiple	CMY-181 | CMY-128 | CMY-51 | CMY-50 | CMY-47 | CMY-84 | CMY-151 | CMY-81 | CMY-72 | CMY-189 | CMY-170 | CMY-79 | CMY-114 | CMY-168 | CMY-66 | CMY-117 | CMY-65 | CMY-97 | CMY-152 | CMY-75 | CMY-150 | CMY-118 | CMY-59 | CMY-110 | CMY-78 | CMY-87 | CMY-112 | CMY-169 | CMY-76 | CMY-180 | CMY-41 | CMY-113 | CMY-105 | CMY-115 | CMY-116 | CMY-135 | CMY-48 | CMY-68 | CMY-90 | CMY-188 | CMY-103 | CMY-89 | CMY-40 | CMY-67 | CMY-85 | CMY-109	cephalosporin	antibiotic inactivation	0.0	0.0	0.0	0.0	1841632.78	0.0	0.0	0.0	0.0	0.0	0.0	0.0	0.0	0.0	0.0	0.0	0.0	0.0	0.0	0.0	0.0	0.0	0.0	0.0	0.0	0.0	0.0	0.0	0.0	0.0	0.0	0.0	0.0	0.0	0.0	0.0
CMY beta-lactamase	multiple	CMY-189 | CMY-151 | CMY-89 | CMY-188 | CMY-181 | CMY-72 | CMY-50 | CMY-135 | CMY-79 | CMY-112 | CMY-169 | CMY-180 | CMY-66 | CMY-105 | CMY-65 | CMY-78 | CMY-110 | CMY-68 | CMY-75 | CMY-84 | CMY-103 | CMY-168 | CMY-41 | CMY-170 | CMY-150 | CMY-90 | CMY-67 | CMY-97 | CMY-48 | CMY-76 | CMY-152 | CMY-87 | CMY-128 | CMY-114 | CMY-81 | CMY-118 | CMY-85 | CMY-113 | CMY-117 | CMY-47 | CMY-116 | CMY-51	cephalosporin	antibiotic inactivation	122967.83	0.0	0.0	0.0	0.0	0.0	0.0	0.0	0.0	0.0	0.0	0.0	0.0	0.0	0.0	0.0	0.0	0.0	0.0	0.0	0.0	0.0	0.0	0.0	0.0	0.0	0.0	0.0	0.0	0.0	0.0	0.0	0.0	0.0	0.0	0.0
CMY beta-lactamase	multiple	CMY-197 | CMY-141 | CMY-99 | CMY-113 | CMY-142 | CMY-184 | CMY-47 | CMY-103 | CMY-162 | CMY-171 | CMY-143 | CMY-188 | CMY-40 | CMY-45 | CMY-65 | CMY-194 | CMY-79 | CMY-68 | CMY-186 | CMY-150 | CMY-22 | CMY-89 | CMY-107 | CMY-53 | CMY-15 | CMY-198 | CMY-152 | CMY-181 | CMY-5 | CMY-199 | CMY-109 | CMY-105 | CMY-6 | CMY-24 | CMY-55 | CMY-191 | CMY-173 | CMY-29 | CMY-42 | CMY-85 | CMY-169 | CMY-168 | LAT-1 | CMY-153 | CMY-48 | CMY-66 | CMY-115 | CMY-128 | CMY-112 | CMY-134 | CMY-163 | CMY-180 | CMY-50 | CMY-160 | CMY-16 | CMY-7 | CMY-148 | CMY-30 | CMY-67 | CMY-62 | CMY-2 | CMY-111 | CMY-132 | CMY-154 | CMY-97 | CMY-177 | CMY-158 | CMY-131 | CMY-145 | CMY-110 | CMY-31 | CMY-21 | CMY-43 | CMY-130 | CMY-174 | CMY-175 | CMY-118 | CMY-87 | CMY-189 | CMY-54 | CMY-60 | CMY-151 | CMY-75 | CMY-25 | CMY-147 | CMY-61 | CMY-23 | CMY-135 | CMY-136 | CMY-161 | CMY-195 | BIL-1 | CMY-117 | CMY-139 | CMY-81 | CMY-51 | CMY-36 | CMY-4 | CMY-72 | CMY-58 | CMY-114 | CMY-167 | CMY-185 | CMY-116 | CMY-78 | CMY-32 | CMY-138 | CMY-27 | CMY-166 | CMY-57 | CMY-41 | CMY-59 | CMY-90 | CMY-121 | CMY-84 | CMY-76 | CMY-38 | CMY-170 | CMY-12 | CMY-196 | CMY-149	cephalosporin | carbapenem;cephalosporin;penicillin beta-lactam	antibiotic inactivation	0.0	0.0	0.0	0.0	0.0	0.0	0.0	0.0	0.0	0.0	0.0	0.0	0.0	0.0	0.0	0.0	0.0	0.0	0.0	0.0	0.0	0.0	0.0	0.0	0.0	0.0	0.0	0.0	0.0	0.0	0.0	0.0	7305238.98	0.0	0.0	0.0
CMY beta-lactamase	multiple	CMY-21 | CMY-69 | CMY-184 | CMY-186 | CMY-51 | CMY-146 | CMY-189 | CMY-148 | CMY-192 | CMY-48 | CMY-63 | CMY-108 | CMY-54 | CMY-75 | CMY-188 | CMY-156 | CMY-84 | CMY-38 | CMY-26 | CMY-33 | CMY-72 | CMY-151 | CMY-17 | CMY-23 | CMY-30 | CMY-60 | CMY-106 | CMY-15 | CMY-87 | CMY-102 | CMY-158 | CMY-13 | CMY-53 | CMY-76 | CMY-71 | CMY-27 | CMY-194 | CMY-28 | CMY-14 | CMY-115 | CMY-4 | CMY-109 | CMY-111 | CMY-168 | CMY-165 | CMY-181 | CMY-113 | CMY-130 | CMY-86 | CMY-176 | CMY-103 | CMY-80 | CMY-22 | CMY-198 | CMY-116 | CMY-57 | CMY-46 | CMY-160 | CMY-2 | CMY-94 | CMY-18 | CMY-145 | CMY-128 | CMY-6 | CMY-138 | CMY-119 | CMY-174 | CMY-152 | CMY-117 | CMY-196 | CMY-177 | CMY-142 | CMY-44 | CMY-180 | CMY-50 | CMY-118 | CMY-79 | CMY-166 | CMY-110 | CMY-78 | CMY-41 | CMY-121 | CMY-40 | CMY-195 | CMY-131 | CMY-134 | CMY-154 | CMY-49 | CMY-31 | CMY-89 | CMY-61 | CMY-16 | CMY-43 | CMY-163 | CMY-96 | CMY-68 | CMY-34 | CMY-107 | CMY-150 | CMY-171 | CMY-132 | CMY-135 | CMY-169 | CMY-172 | CMY-12 | CMY-161 | CMY-97 | CMY-133 | CMY-173 | CMY-114 | CMY-35 | CMY-7 | CMY-39 | CMY-178 | CMY-67 | CMY-129 | CMY-58 | CMY-140 | CMY-147 | CMY-64 | CMY-59 | CMY-191 | CMY-85 | CMY-42 | CMY-90 | CMY-56 | CMY-32 | CMY-122 | CMY-112 | CMY-162 | CMY-47 | CMY-105 | CMY-139 | CMY-95 | CMY-77 | CMY-170 | CMY-66 | CMY-136 | CMY-175 | CMY-149 | CMY-81 | CMY-155 | CMY-62 | CMY-124 | CMY-153 | CMY-65 | CMY-143 | CMY-164 | CMY-99 | CMY-24	cephalosporin | carbapenem;cephalosporin;penicillin beta-lactam	antibiotic inactivation	0.0	0.0	0.0	0.0	0.0	0.0	178244.15	0.0	0.0	0.0	0.0	0.0	0.0	0.0	0.0	0.0	0.0	0.0	0.0	0.0	0.0	0.0	0.0	0.0	0.0	0.0	0.0	0.0	0.0	0.0	0.0	0.0	0.0	0.0	0.0	0.0
CMY beta-lactamase	multiple	CMY-37 | CMY-153 | CMY-130 | CMY-195 | CMY-106 | CMY-189 | CMY-113 | CMY-197 | CMY-54 | CMY-26 | CMY-6 | CMY-48 | CMY-21 | CMY-194 | CMY-154 | CMY-49 | CMY-53 | CMY-60 | CMY-199 | CMY-33 | CMY-43 | CMY-138 | CMY-25 | CMY-103 | CMY-24 | CMY-118 | CMY-177 | CMY-42 | CMY-149 | CMY-184 | CMY-87 | CMY-79 | CMY-134 | CMY-150 | CMY-178 | CMY-23 | CMY-146 | CMY-192 | CMY-148 | CMY-32 | CMY-68 | CMY-158 | CMY-22 | CMY-139 | CMY-169 | CMY-115 | CMY-173 | CMY-45 | CMY-116 | CMY-110 | CMY-14 | CMY-175 | CMY-58 | CMY-161 | CMY-44 | CMY-121 | CMY-73 | CMY-27 | CMY-147 | CMY-7 | CMY-35 | CMY-140 | CMY-56 | CMY-164 | CMY-30 | CMY-188 | CMY-168 | CMY-109 | CMY-13 | CMY-59 | CMY-151 | CMY-72 | CMY-136 | CMY-2 | CMY-17 | CMY-196 | CMY-185 | CMY-105 | CMY-142 | CMY-75 | CMY-65 | CMY-167 | CMY-133 | CMY-90 | CMY-128 | CMY-181 | CMY-81 | CMY-41 | CMY-28 | CMY-163 | CMY-31 | CMY-18 | CMY-156 | CMY-16 | CMY-198 | CMY-84 | CMY-34 | CMY-4 | CMY-50 | CMY-172 | CMY-114 | CMY-162 | CMY-55 | CMY-20 | CMY-61 | CMY-76 | CMY-94 | CMY-51 | CMY-78 | CMY-117 | CMY-111 | CMY-97 | CMY-171 | CMY-165 | CMY-191 | CMY-145 | CMY-66 | CMY-124 | CMY-131 | CMY-112 | CMY-95 | CMY-29 | CMY-89 | CMY-174 | CMY-40 | CMY-15 | CMY-141 | CMY-108 | CMY-152 | CMY-69 | CMY-62 | CMY-180 | CMY-107 | CMY-57 | CMY-12 | CMY-170 | CMY-135 | CMY-85 | CMY-67 | CMY-166 | CMY-99 | CMY-186 | CMY-160 | CMY-102 | CMY-143 | CMY-132 | CMY-38 | CMY-47	cephalosporin | carbapenem;cephalosporin;penicillin beta-lactam	antibiotic inactivation	0.0	0.0	0.0	0.0	0.0	0.0	0.0	0.0	0.0	0.0	0.0	0.0	0.0	0.0	0.0	0.0	0.0	0.0	0.0	0.0	0.0	0.0	0.0	0.0	0.0	0.0	0.0	0.0	0.0	0.0	0.0	0.0	0.0	7166528.96	0.0	0.0
CMY beta-lactamase	multiple	CMY-43 | CMY-153 | CMY-103 | CMY-168 | CMY-90 | CMY-107 | CMY-163 | CMY-199 | CMY-114 | CMY-89 | CMY-181 | CMY-158 | CMY-66 | CMY-134 | CMY-189 | CMY-59 | CMY-25 | CMY-87 | CMY-115 | CMY-14 | CMY-47 | CMY-143 | CMY-55 | CMY-110 | CMY-41 | CMY-97 | CMY-148 | CMY-152 | CMY-198 | CMY-40 | CMY-136 | CMY-23 | CMY-32 | CMY-30 | CMY-197 | CMY-149 | CMY-117 | CMY-174 | CMY-161 | CMY-67 | CMY-22 | CMY-61 | CMY-57 | CMY-145 | CMY-118 | CMY-75 | CMY-50 | CMY-38 | CMY-185 | CMY-121 | CMY-171 | CMY-5 | CMY-142 | CMY-131 | CMY-147 | CMY-65 | CMY-151 | CMY-130 | CMY-191 | CMY-128 | CMY-105 | CMY-195 | CMY-138 | CMY-111 | CMY-99 | CMY-194 | CMY-51 | CMY-154 | CMY-188 | CMY-36 | CMY-173 | CMY-2 | CMY-24 | CMY-16 | CMY-27 | CMY-78 | CMY-81 | CMY-42 | LAT-1 | CMY-132 | CMY-170 | CMY-58 | CMY-175 | CMY-6 | CMY-180 | CMY-112 | CMY-84 | CMY-186 | CMY-62 | CMY-31 | CMY-167 | CMY-54 | CMY-21 | CMY-29 | CMY-15 | CMY-109 | CMY-144 | CMY-79 | CMY-45 | CMY-150 | CMY-53 | CMY-169 | CMY-76 | CMY-113 | CMY-72 | CMY-7 | CMY-48 | CMY-166 | CMY-196 | CMY-116 | CMY-177 | CMY-68 | CMY-4 | CMY-141 | CMY-139 | CMY-12 | CMY-60 | CMY-162 | CMY-184 | CMY-85 | CMY-135 | CMY-160	cephalosporin | carbapenem;cephalosporin;penicillin beta-lactam	antibiotic inactivation	0.0	0.0	0.0	0.0	0.0	0.0	0.0	0.0	0.0	0.0	0.0	0.0	0.0	4887922.04	0.0	0.0	0.0	0.0	0.0	0.0	0.0	0.0	0.0	0.0	0.0	0.0	0.0	0.0	0.0	0.0	0.0	0.0	0.0	0.0	0.0	0.0
CMY beta-lactamase	multiple	CMY-59 | CMY-80 | CMY-49 | CMY-73 | CMY-25 | CMY-176 | CMY-86 | CMY-96 | CMY-183 | CMY-106 | CMY-71 | CMY-35 | CMY-155 | CMY-77 | CMY-119 | CMY-39 | CMY-37 | CMY-127 | CMY-63 | CMY-129 | CMY-13 | CMY-46 | CMY-64 | CMY-122 | CMY-144 | CMY-124 | CMY-108	cephalosporin	antibiotic inactivation	0.0	0.0	0.0	0.0	0.0	0.0	0.0	114632.49	0.0	0.0	0.0	0.0	0.0	0.0	0.0	0.0	0.0	0.0	0.0	0.0	0.0	0.0	0.0	0.0	0.0	0.0	0.0	0.0	0.0	0.0	0.0	0.0	0.0	0.0	0.0	0.0
CMY beta-lactamase	multiple	CMY-60 | CMY-38 | CMY-5 | CMY-48 | CMY-22 | CMY-111 | CMY-110 | CMY-27 | CMY-50 | CMY-115 | CMY-59 | CMY-198 | CMY-18 | CMY-78 | CMY-180 | CMY-87 | CMY-158 | CMY-72 | CMY-25 | CMY-94 | CMY-12 | CMY-81 | CMY-32 | CMY-85 | CMY-155 | CMY-177 | CMY-75 | CMY-139 | CMY-147 | CMY-53 | CMY-151 | CMY-112 | CMY-160 | CMY-42 | CMY-131 | CMY-165 | BIL-1 | CMY-134 | CMY-188 | CMY-186 | CMY-2 | CMY-169 | CMY-31 | CMY-142 | CMY-140 | CMY-54 | CMY-68 | CMY-100 | CMY-65 | CMY-79 | CMY-181 | CMY-7 | CMY-175 | CMY-150 | CMY-104 | CMY-14 | CMY-197 | CMY-132 | CMY-166 | CMY-133 | CMY-6 | CMY-23 | CMY-33 | CMY-107 | CMY-162 | CMY-149 | CMY-128 | CMY-62 | CMY-164 | CMY-146 | CMY-152 | CMY-93 | CMY-137 | CMY-45 | CMY-113 | CMY-154 | CMY-145 | CMY-69 | CMY-167 | CMY-43 | CMY-163 | CMY-185 | CMY-178 | CMY-118 | CMY-192 | CMY-99 | CMY-117 | CMY-29 | CMY-138 | CMY-21 | CMY-17 | CMY-135 | CMY-182 | CMY-57 | CMY-67 | CMY-28 | CMY-55 | CMY-47 | CMY-195 | CMY-70 | CMY-4 | CMY-89 | CMY-196 | CMY-114 | CMY-156 | CMY-168 | CMY-66 | CMY-194 | CMY-51 | CMY-191 | CMY-184 | CMY-141 | CMY-105 | CMY-90 | CMY-40 | CMY-95 | CMY-102 | CMY-103 | CMY-34 | CMY-170 | CMY-84 | CMY-173 | CMY-136 | CMY-16 | LAT-1 | CMY-116 | CMY-30 | CMY-121 | CMY-15 | CMY-161 | CMY-130 | CFE-1 | CMY-109 | CMY-58 | CMY-44 | CMY-97 | CMY-171 | CMY-24 | CMY-41 | CMY-174 | CMY-148 | CMY-153 | CMY-61 | CMY-172 | CMY-83 | CMY-143 | CMY-189 | CMY-36 | CMY-76 | CMY-125 | CMY-199 | CMY-82	cephalosporin | carbapenem;cephalosporin;penicillin beta-lactam	antibiotic inactivation	0.0	0.0	0.0	0.0	0.0	0.0	0.0	0.0	0.0	0.0	0.0	0.0	0.0	0.0	0.0	0.0	0.0	0.0	16907332.63	0.0	0.0	0.0	0.0	0.0	0.0	0.0	0.0	0.0	0.0	0.0	0.0	0.0	0.0	0.0	0.0	0.0
CMY beta-lactamase	multiple	CMY-60 | CMY-95 | CMY-129 | CMY-49 | CMY-174 | CMY-160 | CMY-132 | CMY-161 | CMY-44 | CMY-27 | CMY-46 | CMY-37 | CMY-153 | CMY-144 | CMY-134 | CMY-86 | CMY-154 | CMY-17 | CMY-2 | CMY-7 | CMY-57 | CMY-53 | CMY-133 | CMY-136 | CMY-107 | CMY-173 | CMY-80 | CMY-102 | CMY-158 | CMY-184 | CMY-13 | CMY-175 | CMY-138 | CMY-199 | CMY-14 | CMY-164 | CMY-5 | CMY-94 | CMY-142 | CMY-21 | CMY-23 | CMY-63 | CMY-143 | CMY-185 | CMY-58 | CMY-194 | CMY-124 | CMY-183 | CMY-6 | CMY-163 | CMY-119 | CMY-30 | CMY-149 | CMY-24 | CMY-42 | CMY-155 | CMY-32 | CMY-127 | CMY-106 | CMY-28 | CMY-148 | CMY-166 | CMY-140 | CMY-191 | CMY-167 | CMY-56 | CMY-38 | CMY-12 | CMY-192 | CMY-125 | CMY-33 | CMY-31 | CMY-141 | CMY-122 | CMY-178 | CMY-34 | BIL-1 | CMY-146 | CMY-195 | CMY-198 | CMY-77 | CMY-18 | CMY-177 | CMY-197 | CMY-62 | CMY-71 | CMY-69 | CMY-96 | CMY-43 | CMY-99 | CMY-59 | CMY-45 | CMY-4 | CMY-176 | CMY-196 | CMY-39 | CMY-130 | CMY-36 | CMY-20 | CMY-54 | CMY-22 | CMY-29 | CMY-108 | CMY-139 | CMY-121 | CMY-35 | CMY-147 | CMY-131 | CMY-165 | CMY-64 | CMY-156 | CMY-145 | CMY-61 | CMY-172 | CMY-16 | CMY-162 | CMY-25 | CMY-15 | CMY-111 | CMY-186	cephalosporin | carbapenem;cephalosporin;penicillin beta-lactam	antibiotic inactivation	0.0	0.0	0.0	0.0	0.0	0.0	0.0	0.0	0.0	237238.43	0.0	0.0	0.0	0.0	0.0	0.0	0.0	0.0	0.0	0.0	0.0	0.0	0.0	0.0	0.0	0.0	0.0	0.0	0.0	0.0	0.0	0.0	0.0	0.0	0.0	0.0
CMY beta-lactamase	multiple	CMY-62 | LAT-1 | CMY-191 | CMY-141 | CMY-40 | CMY-184 | CMY-138 | CMY-121 | CMY-75 | CMY-171 | CMY-196 | CMY-33 | CMY-87 | CMY-48 | CMY-139 | CMY-85 | CMY-149 | CMY-36 | CMY-50 | CMY-78 | CMY-81 | CMY-76 | CMY-170 | CMY-115 | CMY-116 | CMY-99 | CMY-118 | CMY-22 | CMY-21 | CMY-44 | CMY-58 | CMY-169 | CMY-43 | CMY-111 | CMY-59 | CMY-38 | CMY-186 | CMY-30 | CMY-154 | CMY-68 | CMY-32 | CMY-194 | CMY-16 | CMY-5 | CMY-66 | CMY-119 | CMY-51 | CMY-113 | CMY-131 | CMY-145 | CMY-152 | CMY-65 | CMY-97 | CMY-124 | CMY-31 | CMY-25 | CMY-128 | CMY-136 | CMY-45 | CMY-167 | CMY-130 | CMY-134 | CMY-162 | CMY-105 | CMY-24 | CMY-73 | CMY-110 | CMY-57 | CMY-60 | CMY-42 | CMY-132 | CMY-143 | CMY-173 | CMY-197 | CMY-53 | CMY-163 | CMY-61 | CMY-89 | CMY-150 | CMY-72 | CMY-84 | CMY-41 | CMY-23 | CMY-112 | CMY-6 | CMY-12 | CMY-4 | CMY-174 | CMY-148 | CMY-199 | CMY-151 | CMY-90 | CMY-67 | CMY-181 | CMY-185 | CMY-29 | CMY-114 | CMY-2 | CMY-161 | CMY-147 | CMY-107 | CMY-109 | CMY-160 | CMY-135 | CMY-7 | CMY-47 | CMY-188 | CMY-55 | CMY-27 | CMY-79 | CMY-158 | CMY-198 | CMY-180 | CMY-168 | CMY-189 | CMY-177 | CMY-153 | CMY-15 | CMY-166 | CMY-103 | CMY-142 | CMY-117 | CMY-54 | CMY-175 | CMY-195	cephalosporin | carbapenem;cephalosporin;penicillin beta-lactam	antibiotic inactivation	0.0	0.0	0.0	0.0	0.0	0.0	0.0	0.0	0.0	0.0	0.0	0.0	0.0	0.0	0.0	0.0	0.0	0.0	0.0	0.0	0.0	0.0	0.0	0.0	0.0	0.0	0.0	0.0	1189921.01	0.0	0.0	0.0	0.0	0.0	0.0	0.0
CMY beta-lactamase	multiple	CMY-65 | CMY-48 | CMY-81 | CMY-50 | CMY-168 | CMY-79 | CMY-115 | CMY-97 | CMY-128 | CMY-47 | CMY-150 | CMY-151 | CMY-118 | CMY-78 | CMY-68 | CMY-188 | CMY-103 | CMY-72 | CMY-90 | CMY-114 | CMY-180 | CMY-105 | CMY-112 | CMY-67 | CMY-109 | CMY-51 | CMY-169 | CMY-170 | CMY-189 | CMY-181 | CMY-122 | CMY-59 | CMY-40 | CMY-89 | CMY-73 | CMY-113 | CMY-85 | CMY-152 | CMY-117 | CMY-76 | CMY-66 | CMY-41 | CMY-84 | CMY-135 | CMY-119 | CMY-116 | CMY-110 | CMY-75 | CMY-87	cephalosporin	antibiotic inactivation	0.0	0.0	0.0	0.0	0.0	0.0	0.0	0.0	0.0	0.0	0.0	0.0	0.0	0.0	0.0	0.0	0.0	0.0	0.0	0.0	0.0	0.0	0.0	0.0	0.0	0.0	1437957.78	0.0	0.0	0.0	0.0	0.0	0.0	0.0	0.0	0.0
CMY beta-lactamase	multiple	CMY-66 | CMY-79 | CMY-113 | CMY-150 | CMY-117 | CMY-68 | CMY-98 | CMY-85 | CMY-188 | CMY-110 | CMY-76 | CMY-168 | CMY-105 | CMY-81 | CMY-112 | CMY-181 | CMY-89 | CMY-75 | CMY-180 | CFE-2 | CMY-152 | CMY-115 | CMY-114 | CMY-189 | CMY-41 | CMY-48 | CMY-159 | CMY-170 | CMY-135 | CMY-103 | CMY-116 | CMY-128 | CMY-118 | CMY-169 | CMY-72 | CMY-78 | CMY-90 | CMY-65 | CMY-84 | CMY-97 | CMY-109	cephalosporin	antibiotic inactivation	0.0	0.0	0.0	0.0	0.0	0.0	0.0	0.0	0.0	0.0	0.0	0.0	0.0	0.0	0.0	49556.11	0.0	0.0	0.0	0.0	0.0	0.0	0.0	0.0	0.0	0.0	0.0	0.0	0.0	0.0	0.0	0.0	0.0	0.0	0.0	0.0
CMY beta-lactamase	multiple	CMY-75 | CMY-85 | CMY-118 | CMY-84 | CMY-89 | LAT-1 | CMY-32 | CMY-189 | CMY-153 | CMY-163 | CMY-196 | CMY-191 | CMY-97 | CMY-99 | CMY-109 | CMY-181 | CMY-53 | CMY-43 | CMY-161 | CMY-138 | CMY-23 | CMY-50 | CMY-195 | CMY-113 | CMY-31 | CMY-57 | CMY-24 | CMY-65 | CMY-198 | CMY-21 | CMY-7 | CMY-5 | CMY-76 | CMY-66 | CMY-148 | CMY-30 | CMY-67 | CMY-194 | CMY-38 | CMY-15 | CMY-142 | CMY-2 | CMY-132 | CMY-72 | CMY-121 | CMY-107 | CMY-154 | CMY-150 | CMY-117 | CMY-188 | CMY-51 | CMY-78 | CMY-197 | CMY-48 | CMY-62 | CMY-54 | CMY-45 | CMY-147 | CMY-40 | CMY-134 | CMY-173 | CMY-162 | CMY-27 | CMY-60 | CMY-90 | CMY-152 | CMY-103 | CMY-16 | CMY-14 | CMY-170 | CMY-61 | CMY-160 | CMY-158 | CMY-110 | CMY-199 | CMY-177 | CMY-116 | CMY-130 | CMY-105 | CMY-143 | CMY-111 | CMY-135 | CMY-128 | CMY-168 | CMY-55 | CMY-145 | CMY-166 | CMY-87 | CMY-175 | CMY-79 | CMY-59 | CMY-149 | CMY-25 | CMY-47 | CMY-184 | CMY-167 | CMY-169 | CMY-136 | CMY-68 | CMY-29 | CMY-112 | CMY-12 | CMY-41 | CMY-22 | CMY-42 | CMY-6 | CMY-131 | CMY-151 | CMY-81 | CMY-141 | CMY-4 | CMY-186 | CMY-171 | CMY-115 | CMY-58 | CMY-139 | CMY-180 | CMY-174 | CMY-36 | CMY-114 | CMY-185	cephalosporin | carbapenem;cephalosporin;penicillin beta-lactam	antibiotic inactivation	0.0	0.0	0.0	0.0	0.0	0.0	0.0	0.0	0.0	0.0	0.0	0.0	0.0	0.0	6870666.71	0.0	0.0	0.0	0.0	0.0	0.0	0.0	0.0	0.0	0.0	0.0	0.0	0.0	0.0	0.0	0.0	0.0	0.0	0.0	0.0	0.0
CMY beta-lactamase	multiple	CMY-75 | CMY-97 | CMY-78 | CMY-113 | CMY-112 | CMY-90 | CMY-67 | CMY-76 | CMY-188 | CMY-41 | CMY-48 | CMY-51 | CMY-152 | CMY-109 | CMY-89 | CMY-128 | CMY-150 | CMY-151 | CMY-66 | CMY-85 | CMY-72 | CMY-180 | CMY-189 | CMY-65 | CMY-114 | CMY-110 | CMY-84 | CMY-68 | CMY-50 | CMY-81 | CMY-135 | CMY-181 | CMY-105 | CMY-87 | CMY-115 | CMY-118 | CMY-170 | CMY-168 | CMY-117 | CMY-103 | CMY-79 | CMY-116 | CMY-47	cephalosporin	antibiotic inactivation	0.0	0.0	0.0	0.0	0.0	0.0	0.0	0.0	0.0	0.0	0.0	0.0	0.0	0.0	0.0	0.0	0.0	0.0	0.0	0.0	0.0	0.0	0.0	0.0	0.0	0.0	0.0	0.0	0.0	0.0	0.0	0.0	0.0	0.0	0.0	57550.77
CMY beta-lactamase	multiple	CMY-85 | CMY-81 | CMY-150 | CMY-84 | CMY-109 | CMY-78 | CMY-66 | CMY-180 | CMY-181 | CMY-117 | CMY-48 | CMY-72 | CMY-118 | CMY-105 | CMY-47 | CMY-189 | CMY-114 | CMY-135 | CMY-59 | CMY-68 | CMY-97 | CMY-170 | CMY-113 | CMY-128 | CMY-90 | CMY-65 | CMY-151 | CMY-115 | CMY-75 | CMY-116 | CMY-89 | CMY-188 | CMY-79	cephalosporin	antibiotic inactivation	0.0	0.0	0.0	0.0	0.0	62433.45	0.0	0.0	0.0	0.0	0.0	0.0	0.0	0.0	0.0	0.0	0.0	0.0	0.0	0.0	0.0	0.0	0.0	0.0	0.0	0.0	0.0	0.0	0.0	0.0	0.0	0.0	0.0	0.0	0.0	0.0
CPS beta-lactamase	ARO_3003716__CPS-1__H	CPS-1	carbapenem	antibiotic inactivation	0.0	18693.51	0.0	0.0	0.0	0.0	46794.29	0.0	0.0	0.0	0.0	0.0	0.0	0.0	0.0	0.0	0.0	0.0	0.0	0.0	0.0	0.0	0.0	0.0	0.0	0.0	0.0	0.0	0.0	0.0	0.0	0.0	28290.63	0.0	0.0	0.0
CepA beta-lactamase	multiple	cepA | CepA-29 | CepA-49 | CepA-44	cephalosporin	antibiotic inactivation	0.0	0.0	0.0	0.0	0.0	0.0	22619.83	0.0	0.0	0.0	0.0	0.0	0.0	0.0	0.0	0.0	0.0	0.0	0.0	0.0	0.0	0.0	0.0	0.0	0.0	0.0	0.0	0.0	0.0	0.0	0.0	0.0	0.0	0.0	0.0	0.0
CepS beta-lactamase	ARO_3003553__CepS__H	CepS	cephalosporin	antibiotic inactivation	0.0	0.0	0.0	0.0	21619.54	0.0	17776.94	0.0	0.0	0.0	0.0	0.0	0.0	0.0	0.0	0.0	0.0	0.0	0.0	0.0	0.0	0.0	0.0	0.0	0.0	0.0	0.0	0.0	0.0	0.0	0.0	0.0	0.0	0.0	0.0	0.0
CfxA beta-lactamase	multiple	CfxA | CfxA2 | CfxA4 | CfxA5 | CfxA3	cephalosporin	antibiotic inactivation	0.0	0.0	0.0	0.0	0.0	0.0	359458.66	0.0	0.0	0.0	0.0	0.0	0.0	0.0	0.0	0.0	0.0	0.0	0.0	0.0	0.0	0.0	0.0	0.0	0.0	0.0	0.0	0.0	0.0	0.0	0.0	0.0	0.0	0.0	0.0	0.0
CfxA beta-lactamase	multiple	CfxA | CfxA3 | CfxA4 | CfxA5 | CfxA2	cephalosporin	antibiotic inactivation	0.0	0.0	0.0	0.0	0.0	0.0	0.0	0.0	0.0	0.0	0.0	0.0	0.0	0.0	0.0	0.0	0.0	0.0	0.0	0.0	0.0	0.0	0.0	0.0	0.0	0.0	0.0	0.0	37642.3	0.0	0.0	0.0	0.0	0.0	0.0	0.0
CfxA beta-lactamase	multiple	CfxA | CfxA4 | CfxA3 | CfxA2 | CfxA5	cephalosporin	antibiotic inactivation	0.0	0.0	0.0	0.0	0.0	0.0	0.0	0.0	0.0	0.0	0.0	0.0	0.0	91326.18	0.0	0.0	0.0	0.0	0.0	0.0	0.0	0.0	0.0	0.0	0.0	0.0	0.0	0.0	0.0	0.0	0.0	0.0	0.0	0.0	0.0	0.0
CfxA beta-lactamase	multiple	CfxA4 | CfxA3 | CfxA | CfxA5 | CfxA2	cephalosporin	antibiotic inactivation	0.0	0.0	0.0	0.0	0.0	0.0	0.0	0.0	0.0	0.0	0.0	0.0	0.0	0.0	0.0	0.0	0.0	0.0	0.0	0.0	0.0	21043.27	0.0	0.0	0.0	0.0	0.0	0.0	0.0	0.0	0.0	0.0	0.0	0.0	0.0	0.0
CfxA beta-lactamase	multiple	CfxA5 | CfxA2 | CfxA3 | CfxA4 | CfxA	cephalosporin	antibiotic inactivation	0.0	0.0	0.0	0.0	0.0	0.0	0.0	0.0	0.0	46908.42	0.0	0.0	0.0	0.0	0.0	0.0	0.0	0.0	0.0	0.0	0.0	0.0	0.0	0.0	0.0	0.0	0.0	0.0	0.0	0.0	0.0	0.0	0.0	0.0	0.0	0.0
CphA beta-lactamase	ARO_3003094__imiH__H	imiH	carbapenem	antibiotic inactivation	0.0	0.0	0.0	0.0	0.0	0.0	0.0	0.0	0.0	0.0	0.0	0.0	0.0	0.0	0.0	0.0	0.0	0.0	0.0	0.0	0.0	0.0	0.0	0.0	0.0	0.0	0.0	0.0	0.0	0.0	0.0	0.0	32284.61	61517.43	0.0	0.0
CphA beta-lactamase	ARO_3003095__imiS__H	imiS	carbapenem	antibiotic inactivation	0.0	0.0	0.0	0.0	0.0	0.0	0.0	0.0	0.0	0.0	0.0	0.0	0.0	0.0	0.0	0.0	0.0	0.0	0.0	0.0	0.0	0.0	0.0	0.0	0.0	0.0	0.0	0.0	0.0	0.0	0.0	0.0	32158.49	0.0	0.0	0.0
CphA beta-lactamase	ARO_3003099__cphA2__H	cphA2	carbapenem	antibiotic inactivation	0.0	0.0	0.0	0.0	0.0	0.0	0.0	0.0	0.0	0.0	0.0	0.0	0.0	0.0	0.0	0.0	0.0	0.0	0.0	0.0	0.0	0.0	0.0	0.0	0.0	0.0	0.0	0.0	0.0	0.0	0.0	0.0	0.0	30758.72	0.0	0.0
CphA beta-lactamase	ARO_3003101__cphA5__H	cphA5	carbapenem	antibiotic inactivation	0.0	0.0	0.0	0.0	0.0	0.0	0.0	0.0	21750.92	0.0	0.0	0.0	0.0	0.0	0.0	0.0	0.0	0.0	0.0	0.0	0.0	0.0	0.0	0.0	0.0	0.0	0.0	0.0	0.0	0.0	0.0	0.0	0.0	0.0	0.0	0.0
CphA beta-lactamase	ARO_3003102__cphA6__H	cphA6	carbapenem	antibiotic inactivation	0.0	0.0	0.0	0.0	0.0	0.0	0.0	0.0	0.0	0.0	0.0	0.0	0.0	0.0	0.0	0.0	0.0	0.0	0.0	0.0	0.0	0.0	0.0	0.0	0.0	0.0	0.0	0.0	0.0	0.0	0.0	0.0	32284.61	0.0	0.0	0.0
CphA beta-lactamase	ARO_3003103__cphA7__H	cphA7	carbapenem	antibiotic inactivation	0.0	0.0	0.0	0.0	0.0	0.0	0.0	0.0	0.0	0.0	0.0	0.0	0.0	0.0	0.0	0.0	0.0	0.0	0.0	0.0	0.0	0.0	0.0	0.0	0.0	0.0	0.0	0.0	0.0	0.0	0.0	0.0	32284.61	0.0	0.0	0.0
CphA beta-lactamase	multiple	cphA2 | cphA8 | imiH | cphA7 | imiS | cphA3 | cphA6	carbapenem	antibiotic inactivation	0.0	0.0	0.0	0.0	0.0	0.0	133426.62	0.0	0.0	0.0	0.0	0.0	0.0	0.0	0.0	0.0	0.0	0.0	0.0	0.0	0.0	0.0	0.0	0.0	0.0	0.0	0.0	0.0	0.0	0.0	0.0	0.0	0.0	0.0	0.0	0.0
CphA beta-lactamase	multiple	cphA6 | cphA5 | imiS | imiH | cphA2 | cphA8 | cphA7 | cphA3	carbapenem	antibiotic inactivation	0.0	0.0	0.0	0.0	0.0	0.0	0.0	0.0	0.0	0.0	0.0	0.0	0.0	0.0	0.0	0.0	0.0	0.0	0.0	0.0	0.0	0.0	0.0	0.0	0.0	0.0	0.0	0.0	0.0	0.0	0.0	0.0	2194277.6	0.0	0.0	0.0
CphA beta-lactamase	multiple	imiH | cphA2 | cphA3 | cphA7 | imiS | cphA5 | cphA6 | cphA8	carbapenem	antibiotic inactivation	0.0	0.0	0.0	0.0	0.0	0.0	0.0	0.0	0.0	0.0	0.0	0.0	0.0	0.0	0.0	0.0	0.0	0.0	0.0	0.0	0.0	0.0	0.0	0.0	0.0	0.0	0.0	0.0	0.0	0.0	0.0	0.0	0.0	1506438.65	0.0	0.0
CphA beta-lactamase	multiple	imiS | cphA8 | cphA2 | imiH | cphA3 | cphA5	carbapenem	antibiotic inactivation	0.0	0.0	0.0	0.0	0.0	0.0	0.0	0.0	65210.13	0.0	0.0	0.0	0.0	0.0	0.0	0.0	0.0	0.0	0.0	0.0	0.0	0.0	0.0	0.0	0.0	0.0	0.0	0.0	0.0	0.0	0.0	0.0	0.0	0.0	0.0	0.0
DES beta-lactamase	ARO_3004780__DES-1__H	DES-1	penicillin beta-lactam	antibiotic inactivation	0.0	0.0	0.0	0.0	50955.58	14692.96	83797.78	0.0	0.0	0.0	0.0	21823.52	26294.38	22620.79	17519.25	0.0	0.0	0.0	17837.75	0.0	0.0	0.0	0.0	0.0	0.0	0.0	0.0	0.0	0.0	18756.92	0.0	0.0	0.0	0.0	0.0	0.0
DHA beta-lactamase	ARO_3002153__DHA-22__H	DHA-22	cephalosporin	antibiotic inactivation	0.0	0.0	0.0	0.0	0.0	0.0	0.0	0.0	0.0	0.0	0.0	0.0	0.0	96733.66	89901.42	0.0	0.0	47042.54	1800204.16	0.0	0.0	0.0	0.0	0.0	0.0	0.0	0.0	0.0	0.0	0.0	0.0	0.0	0.0	0.0	0.0	0.0
DHA beta-lactamase	multiple	DHA-1 | MOR-2 | DHA-25 | DHA-29 | DHA-4 | DHA-10 | DHA-26 | DHA-7 | DHA-15 | DHA-27 | DHA-6 | DHA-5 | DHA-33 | DHA-13 | DHA-32 | DHA-2 | DHA-28 | DHA-22 | DHA-9 | DHA-3 | DHA-21 | DHA-19 | DHA-31 | DHA-12 | DHA-17 | DHA-14 | DHA-24 | DHA-23 | DHA-20 | DHA-34 | DHA-18	cephalosporin	antibiotic inactivation	0.0	0.0	0.0	0.0	0.0	0.0	0.0	0.0	0.0	0.0	0.0	0.0	0.0	0.0	0.0	0.0	0.0	439063.7	0.0	0.0	0.0	0.0	0.0	0.0	0.0	0.0	0.0	0.0	0.0	0.0	0.0	0.0	0.0	0.0	0.0	0.0
DHA beta-lactamase	multiple	DHA-13 | DHA-19 | DHA-33 | DHA-21 | DHA-1 | DHA-12 | DHA-14 | DHA-22 | DHA-34 | DHA-24 | DHA-3 | DHA-15 | DHA-17 | DHA-29 | MOR-2 | DHA-26 | DHA-10 | DHA-7 | DHA-31 | DHA-18 | DHA-2 | DHA-20 | DHA-28 | DHA-23 | DHA-5 | DHA-4 | DHA-9 | DHA-6 | DHA-32 | DHA-25 | DHA-27	cephalosporin	antibiotic inactivation	0.0	0.0	0.0	0.0	0.0	0.0	0.0	0.0	0.0	0.0	0.0	0.0	0.0	2128140.41	0.0	0.0	0.0	0.0	0.0	0.0	0.0	0.0	0.0	0.0	0.0	0.0	0.0	0.0	0.0	0.0	0.0	0.0	0.0	0.0	0.0	0.0
DHA beta-lactamase	multiple	DHA-17 | DHA-20 | MOR-2 | DHA-21 | DHA-22 | DHA-9 | DHA-34 | DHA-4 | DHA-1 | DHA-15 | DHA-29 | DHA-6 | DHA-28 | DHA-14 | DHA-2 | DHA-12 | DHA-24 | DHA-33 | DHA-13 | DHA-31 | DHA-23 | DHA-18 | DHA-5 | DHA-16 | DHA-10 | DHA-27 | DHA-25 | DHA-30 | DHA-32 | DHA-7 | DHA-19 | DHA-3 | DHA-26	cephalosporin	antibiotic inactivation	0.0	0.0	0.0	0.0	0.0	0.0	0.0	0.0	0.0	0.0	0.0	0.0	0.0	0.0	1528324.15	0.0	0.0	0.0	0.0	0.0	0.0	0.0	0.0	0.0	0.0	0.0	0.0	0.0	0.0	0.0	0.0	0.0	0.0	0.0	0.0	0.0
DHA beta-lactamase	multiple	DHA-2 | DHA-15 | DHA-7 | DHA-21 | DHA-25 | DHA-13 | DHA-27 | DHA-3 | DHA-26 | DHA-9 | DHA-14 | DHA-34 | DHA-24 | DHA-33 | DHA-6 | DHA-10 | DHA-19 | DHA-23 | DHA-5 | DHA-1 | DHA-29 | DHA-17	cephalosporin	antibiotic inactivation	0.0	0.0	0.0	0.0	0.0	0.0	0.0	0.0	0.0	0.0	0.0	0.0	0.0	0.0	0.0	0.0	0.0	0.0	0.0	0.0	0.0	71325.59	0.0	0.0	0.0	0.0	0.0	0.0	0.0	0.0	0.0	0.0	0.0	0.0	0.0	0.0
DHA beta-lactamase	multiple	DHA-25 | DHA-27 | DHA-13 | DHA-24 | DHA-5 | DHA-12 | DHA-19 | DHA-14 | DHA-22 | DHA-1 | DHA-33 | DHA-29 | DHA-17 | DHA-3 | DHA-9 | DHA-26 | DHA-10 | MOR-2 | DHA-23 | DHA-21 | DHA-31 | DHA-7 | DHA-18 | DHA-20 | DHA-28 | DHA-4 | DHA-34 | DHA-6 | DHA-15 | DHA-2 | DHA-32	cephalosporin	antibiotic inactivation	0.0	0.0	0.0	0.0	0.0	0.0	0.0	0.0	0.0	0.0	0.0	0.0	0.0	0.0	0.0	0.0	0.0	0.0	0.0	608714.36	0.0	0.0	0.0	0.0	0.0	0.0	0.0	0.0	0.0	0.0	0.0	0.0	0.0	0.0	0.0	0.0
DHA beta-lactamase	multiple	DHA-28 | DHA-3 | DHA-22 | DHA-26 | DHA-13 | DHA-19 | DHA-6 | MOR-2 | DHA-29 | DHA-5 | DHA-25 | DHA-34 | DHA-1 | DHA-2 | DHA-33 | DHA-23 | DHA-9 | DHA-24 | DHA-21 | DHA-27 | DHA-14 | DHA-7 | DHA-32 | DHA-15 | DHA-18 | DHA-31 | DHA-17	cephalosporin	antibiotic inactivation	0.0	0.0	0.0	0.0	0.0	0.0	0.0	0.0	0.0	0.0	0.0	0.0	0.0	0.0	0.0	0.0	0.0	0.0	0.0	0.0	0.0	0.0	0.0	0.0	0.0	0.0	0.0	0.0	0.0	0.0	36914.44	0.0	0.0	0.0	0.0	0.0
DHA beta-lactamase	multiple	DHA-32 | DHA-4 | DHA-21 | DHA-14 | DHA-31 | DHA-6 | DHA-5 | DHA-19 | DHA-9 | DHA-3 | DHA-18 | DHA-1 | DHA-34 | DHA-13 | DHA-29 | DHA-10 | DHA-22 | DHA-7 | DHA-17 | DHA-24 | MOR-2 | DHA-2 | DHA-23 | DHA-33 | DHA-27 | DHA-26 | DHA-12 | DHA-25 | DHA-15 | DHA-28 | DHA-20	cephalosporin	antibiotic inactivation	0.0	0.0	0.0	0.0	0.0	0.0	0.0	0.0	0.0	0.0	0.0	0.0	0.0	0.0	0.0	0.0	0.0	0.0	28147259.91	0.0	0.0	0.0	0.0	0.0	0.0	0.0	0.0	0.0	0.0	0.0	0.0	0.0	0.0	0.0	0.0	0.0
ESP beta-lactamase	ARO_3003717__ESP-1__H	ESP-1	carbapenem	antibiotic inactivation	0.0	0.0	0.0	0.0	0.0	0.0	0.0	0.0	0.0	0.0	0.0	0.0	0.0	0.0	0.0	0.0	0.0	0.0	0.0	0.0	0.0	0.0	0.0	0.0	0.0	0.0	826190.4	0.0	0.0	0.0	0.0	0.0	28290.63	0.0	0.0	0.0
Erm 23S ribosomal RNA methyltransferase	ARO_3000250__ErmC__H	ErmC	lincosamide antibiotic;macrolide antibiotic;streptogramin A antibiotic;streptogramin B antibiotic;streptogramin antibiotic	antibiotic target alteration	0.0	0.0	0.0	0.0	0.0	0.0	0.0	0.0	0.0	0.0	0.0	0.0	0.0	0.0	0.0	0.0	0.0	0.0	0.0	0.0	0.0	0.0	0.0	0.0	0.0	0.0	0.0	0.0	0.0	0.0	0.0	0.0	0.0	0.0	0.0	67295.07
Erm 23S ribosomal RNA methyltransferase	ARO_3000347__ErmA__H	ErmA	lincosamide antibiotic;macrolide antibiotic;streptogramin A antibiotic;streptogramin B antibiotic;streptogramin antibiotic	antibiotic target alteration	0.0	0.0	0.0	0.0	0.0	0.0	0.0	0.0	0.0	0.0	0.0	0.0	0.0	0.0	0.0	0.0	0.0	0.0	0.0	0.0	85628.59	0.0	0.0	0.0	0.0	0.0	0.0	28423.6	0.0	0.0	28744.85	0.0	0.0	0.0	0.0	22523.62
Erm 23S ribosomal RNA methyltransferase	ARO_3000375__ErmB__H	ErmB	lincosamide antibiotic;macrolide antibiotic;streptogramin A antibiotic;streptogramin B antibiotic;streptogramin antibiotic	antibiotic target alteration	0.0	0.0	0.0	0.0	66508.29	0.0	27343.65	0.0	0.0	0.0	79398.71	0.0	0.0	0.0	22866.49	0.0	0.0	0.0	0.0	0.0	0.0	27212.58	0.0	0.0	0.0	0.0	0.0	55705.69	48678.0	24481.93	0.0	0.0	0.0	0.0	0.0	0.0
Erm 23S ribosomal RNA methyltransferase	ARO_3000498__ErmF__H	ErmF	lincosamide antibiotic;macrolide antibiotic;streptogramin A antibiotic;streptogramin B antibiotic;streptogramin antibiotic	antibiotic target alteration	732773.81	1324298.4	1046276.63	2035697.66	4651844.05	36055538.17	6298564.66	4543659.41	4840190.24	4101411.83	592367.93	2497036.07	13826710.19	26515890.44	4456910.63	5863270.58	2278447.91	1874653.98	3756282.02	2981804.33	87173115.4	52456368.6	7668274.12	3069778.98	2682653.95	15771302.33	14310797.97	10545900.66	4335349.82	22009526.29	16523013.76	175140.66	3730867.13	3995177.08	0.0	2408256.04
Erm 23S ribosomal RNA methyltransferase	ARO_3000522__ErmG__H	ErmG	lincosamide antibiotic;macrolide antibiotic;streptogramin A antibiotic;streptogramin B antibiotic;streptogramin antibiotic	antibiotic target alteration	0.0	0.0	0.0	0.0	0.0	97453.32	0.0	0.0	0.0	0.0	0.0	0.0	0.0	0.0	0.0	0.0	0.0	0.0	0.0	0.0	0.0	0.0	0.0	0.0	0.0	0.0	0.0	0.0	0.0	0.0	0.0	0.0	0.0	0.0	0.0	0.0
Erm 23S ribosomal RNA methyltransferase	ARO_3000596__ErmX__H	ErmX	lincosamide antibiotic;macrolide antibiotic;streptogramin A antibiotic;streptogramin B antibiotic;streptogramin antibiotic	antibiotic target alteration	0.0	0.0	0.0	0.0	0.0	0.0	167228.03	0.0	0.0	0.0	0.0	0.0	0.0	0.0	0.0	0.0	0.0	0.0	0.0	18874.86	0.0	47550.4	0.0	0.0	0.0	43329.09	0.0	0.0	0.0	0.0	0.0	0.0	0.0	0.0	0.0	134983.67
Erm 23S ribosomal RNA methyltransferase	multiple	Erm(33) | ErmA	lincosamide antibiotic;macrolide antibiotic;streptogramin A antibiotic;streptogramin B antibiotic;streptogramin antibiotic	antibiotic target alteration	0.0	0.0	0.0	0.0	0.0	0.0	0.0	0.0	0.0	0.0	0.0	0.0	0.0	0.0	0.0	0.0	0.0	0.0	0.0	0.0	0.0	0.0	0.0	0.0	0.0	0.0	0.0	28423.6	0.0	0.0	28744.85	0.0	0.0	0.0	0.0	0.0
Erm 23S ribosomal RNA methyltransferase	multiple	ErmC | Erm(33)	lincosamide antibiotic;macrolide antibiotic;streptogramin A antibiotic;streptogramin B antibiotic;streptogramin antibiotic	antibiotic target alteration	0.0	0.0	0.0	0.0	0.0	0.0	0.0	0.0	0.0	0.0	0.0	0.0	0.0	0.0	0.0	19343.91	0.0	0.0	0.0	0.0	0.0	0.0	0.0	0.0	0.0	0.0	0.0	0.0	0.0	0.0	0.0	0.0	0.0	0.0	0.0	22477.56
FEZ beta-lactamase	ARO_3000606__FEZ-1__H	FEZ-1	carbapenem;cephalosporin;penicillin beta-lactam	antibiotic inactivation	0.0	0.0	0.0	0.0	0.0	0.0	0.0	0.0	0.0	0.0	0.0	50124.7	0.0	0.0	0.0	0.0	0.0	0.0	0.0	0.0	0.0	0.0	0.0	0.0	0.0	0.0	0.0	0.0	0.0	0.0	0.0	0.0	0.0	0.0	0.0	0.0
GES beta-lactamase	multiple	GES-40 | GES-14 | GES-10 | GES-61 | GES-2 | GES-41 | GES-54 | GES-13 | GES-26 | GES-43 | GES-5 | GES-65 | GES-3 | GES-57 | GES-27 | GES-31 | GES-8 | GES-16 | GES-21 | GES-39 | GES-34 | GES-55 | GES-6 | GES-15 | GES-37 | GES-33 | GES-28 | GES-11 | GES-35 | GES-56 | GES-19 | GES-25 | GES-60 | GES-51 | GES-17 | GES-36 | GES-7 | GES-50 | GES-53 | GES-46 | GES-12 | GES-30 | GES-42 | GES-66 | GES-20 | GES-1 | GES-24 | GES-22 | GES-4 | GES-58 | GES-49 | GES-47 | GES-29 | GES-52 | GES-38 | GES-48 | GES-62 | GES-18 | GES-9 | GES-45	carbapenem;cephalosporin;penicillin beta-lactam	antibiotic inactivation	0.0	0.0	0.0	0.0	0.0	0.0	0.0	0.0	0.0	340841.22	0.0	0.0	0.0	0.0	0.0	0.0	0.0	0.0	0.0	0.0	0.0	0.0	0.0	0.0	0.0	0.0	0.0	0.0	0.0	0.0	0.0	0.0	0.0	0.0	0.0	0.0
GES beta-lactamase	multiple	GES-45 | GES-19 | GES-29 | GES-16 | GES-2 | GES-47 | GES-1 | GES-21 | GES-27 | GES-14 | GES-38 | GES-31 | GES-51 | GES-15 | GES-26 | GES-61 | GES-24 | GES-46 | GES-18 | GES-6 | GES-49 | GES-50 | GES-9 | GES-30 | GES-48 | GES-35 | GES-58 | GES-32 | GES-7 | GES-37 | GES-43 | GES-28 | GES-39 | GES-11 | GES-65 | GES-55 | GES-54 | GES-60 | GES-33 | GES-42 | GES-17 | GES-22 | GES-66 | GES-20 | GES-53 | GES-40 | GES-34 | GES-4 | GES-25 | GES-52 | GES-36 | GES-44 | GES-62 | GES-5 | GES-56 | GES-57 | GES-3 | GES-10 | GES-12 | GES-8 | GES-13	carbapenem;cephalosporin;penicillin beta-lactam	antibiotic inactivation	0.0	0.0	0.0	0.0	0.0	0.0	0.0	152227.65	0.0	0.0	0.0	0.0	0.0	0.0	0.0	0.0	0.0	0.0	0.0	0.0	0.0	0.0	0.0	0.0	0.0	0.0	0.0	0.0	0.0	0.0	0.0	0.0	0.0	0.0	0.0	0.0
GES beta-lactamase	multiple	GES-5 | GES-40 | GES-48 | GES-24 | GES-62 | GES-28 | GES-49 | GES-16 | GES-50 | GES-14 | GES-25 | GES-30 | GES-54 | GES-20 | GES-33 | GES-53 | GES-61 | GES-47 | GES-51 | GES-58 | GES-39 | GES-21 | GES-6 | GES-60 | GES-4 | GES-66	carbapenem;cephalosporin;penicillin beta-lactam	antibiotic inactivation	0.0	0.0	0.0	0.0	0.0	0.0	0.0	0.0	0.0	0.0	0.0	49254.48	0.0	0.0	0.0	0.0	0.0	0.0	0.0	0.0	0.0	0.0	0.0	0.0	0.0	0.0	0.0	0.0	0.0	0.0	0.0	0.0	0.0	0.0	0.0	0.0
GES beta-lactamase	multiple	GES-6 | GES-62 | GES-38 | GES-27 | GES-1 | GES-15 | GES-17 | GES-26 | GES-50 | GES-3 | GES-4 | GES-36 | GES-51 | GES-32 | GES-12 | GES-33 | GES-18 | GES-42 | GES-9 | GES-21 | GES-55 | GES-65 | GES-53 | GES-52 | GES-49 | GES-16 | GES-37 | GES-2 | GES-11 | GES-39 | GES-22 | GES-66 | GES-28 | GES-30 | GES-8 | GES-43 | GES-19 | GES-48 | GES-46 | GES-10 | GES-20 | GES-5 | GES-47 | GES-58 | GES-61 | GES-7 | GES-31 | GES-45 | GES-13 | GES-54 | GES-25 | GES-56 | GES-57 | GES-34 | GES-14 | GES-60 | GES-24 | GES-29 | GES-40 | GES-35	carbapenem;cephalosporin;penicillin beta-lactam	antibiotic inactivation	0.0	0.0	0.0	0.0	0.0	0.0	0.0	0.0	558403.19	0.0	0.0	0.0	0.0	0.0	0.0	0.0	0.0	0.0	0.0	0.0	0.0	0.0	0.0	0.0	0.0	0.0	0.0	0.0	0.0	0.0	0.0	0.0	0.0	0.0	0.0	0.0
GOB beta-lactamase	ARO_3004803__GOB-11__H	GOB-11	carbapenem;cephalosporin;penicillin beta-lactam	antibiotic inactivation	0.0	0.0	0.0	25764.66	0.0	0.0	0.0	0.0	0.0	0.0	0.0	0.0	0.0	0.0	0.0	0.0	0.0	0.0	0.0	0.0	0.0	0.0	0.0	0.0	0.0	0.0	0.0	0.0	0.0	0.0	0.0	0.0	84292.57	80308.59	0.0	0.0
GOB beta-lactamase	ARO_3004814__GOB-7__H	GOB-7	carbapenem;cephalosporin;penicillin beta-lactam	antibiotic inactivation	0.0	0.0	0.0	209695.71	0.0	0.0	27018.13	0.0	0.0	59938.53	156906.98	28145.42	0.0	116694.57	0.0	656887.06	175568.71	47291.44	92020.12	192119.15	0.0	26888.62	315523.07	0.0	198302.49	147009.42	0.0	55042.53	96196.99	120952.37	55664.63	503678.32	65337.89	0.0	0.0	0.0
GOB beta-lactamase	ARO_3005668__GOB-19__H	GOB-19	carbapenem;cephalosporin;penicillin beta-lactam	antibiotic inactivation	0.0	0.0	0.0	0.0	254343.15	0.0	0.0	0.0	0.0	0.0	0.0	0.0	29166.13	0.0	0.0	0.0	0.0	0.0	0.0	0.0	0.0	23126.05	67842.84	0.0	0.0	63219.07	146526.94	0.0	41367.99	0.0	0.0	0.0	0.0	0.0	0.0	0.0
GOB beta-lactamase	ARO_3005672__GOB-23__H	GOB-23	carbapenem;cephalosporin;penicillin beta-lactam	antibiotic inactivation	0.0	0.0	0.0	0.0	0.0	0.0	0.0	0.0	0.0	0.0	0.0	0.0	0.0	0.0	0.0	0.0	0.0	0.0	0.0	0.0	0.0	0.0	0.0	0.0	0.0	0.0	0.0	0.0	0.0	0.0	0.0	0.0	0.0	80860.54	0.0	0.0
GOB beta-lactamase	ARO_3005675__GOB-26__H	GOB-26	carbapenem;cephalosporin;penicillin beta-lactam	antibiotic inactivation	0.0	0.0	0.0	103058.64	0.0	48892.96	0.0	0.0	0.0	0.0	0.0	0.0	29166.13	0.0	0.0	0.0	0.0	0.0	0.0	0.0	0.0	0.0	0.0	27696.79	0.0	0.0	0.0	0.0	0.0	0.0	0.0	0.0	0.0	26769.53	63108.31	37513.75
GOB beta-lactamase	ARO_3005680__GOB-31__H	GOB-31	carbapenem;cephalosporin;penicillin beta-lactam	antibiotic inactivation	0.0	0.0	0.0	155650.42	0.0	0.0	0.0	0.0	0.0	0.0	135878.21	0.0	0.0	126318.86	19566.17	276298.89	57014.58	20476.71	0.0	36971.38	0.0	46569.98	239081.91	0.0	143104.89	297049.95	0.0	23832.85	20826.15	125690.71	48204.42	160696.07	0.0	0.0	0.0	0.0
GOB beta-lactamase	ARO_3005681__GOB-32__H	GOB-32	carbapenem;cephalosporin;penicillin beta-lactam	antibiotic inactivation	0.0	0.0	0.0	0.0	0.0	0.0	0.0	0.0	0.0	0.0	0.0	0.0	0.0	0.0	0.0	0.0	0.0	0.0	0.0	0.0	0.0	0.0	0.0	0.0	0.0	0.0	0.0	0.0	0.0	0.0	23937.69	0.0	309072.77	321234.37	0.0	0.0
GOB beta-lactamase	multiple	GOB-1 | GOB-14 | GOB-41 | GOB-13 | GOB-4 | GOB-52 | GOB-8 | GOB-23 | GOB-53 | GOB-6 | GOB-18 | GOB-43 | GOB-10 | GOB-42 | GOB-29 | GOB-45 | GOB-50 | GOB-12 | GOB-31 | GOB-49 | GOB-39 | GOB-21 | GOB-34 | GOB-25 | GOB-28 | GOB-3 | GOB-9 | GOB-7 | GOB-30 | GOB-26 | GOB-40 | GOB-5 | GOB-19 | GOB-20 | GOB-32 | GOB-11 | GOB-15 | GOB-38 | GOB-48	carbapenem;cephalosporin;penicillin beta-lactam	antibiotic inactivation	0.0	0.0	0.0	0.0	0.0	0.0	0.0	0.0	0.0	0.0	33645045.12	0.0	0.0	0.0	0.0	0.0	0.0	0.0	0.0	0.0	0.0	0.0	0.0	0.0	0.0	0.0	0.0	0.0	0.0	0.0	0.0	0.0	0.0	0.0	0.0	0.0
GOB beta-lactamase	multiple	GOB-12 | GOB-11 | GOB-7 | GOB-49 | GOB-23 | GOB-15 | GOB-26 | GOB-31 | GOB-14 | GOB-34 | GOB-32 | GOB-13 | GOB-25 | GOB-19 | GOB-29	carbapenem;cephalosporin;penicillin beta-lactam	antibiotic inactivation	0.0	1502710.04	0.0	0.0	0.0	0.0	0.0	0.0	0.0	0.0	0.0	0.0	0.0	0.0	0.0	0.0	0.0	0.0	0.0	0.0	0.0	0.0	0.0	0.0	0.0	0.0	0.0	0.0	0.0	0.0	0.0	0.0	0.0	0.0	0.0	0.0
GOB beta-lactamase	multiple	GOB-12 | GOB-7 | GOB-31 | GOB-23 | GOB-32 | GOB-26 | GOB-25 | GOB-49 | GOB-11 | GOB-19 | GOB-13 | GOB-14 | GOB-15 | GOB-29	carbapenem;cephalosporin;penicillin beta-lactam	antibiotic inactivation	0.0	0.0	578975.87	0.0	0.0	0.0	0.0	0.0	0.0	0.0	0.0	0.0	0.0	0.0	0.0	0.0	0.0	0.0	0.0	0.0	0.0	0.0	0.0	0.0	0.0	0.0	0.0	0.0	0.0	0.0	0.0	0.0	0.0	0.0	0.0	0.0
GOB beta-lactamase	multiple	GOB-13 | GOB-32 | GOB-11 | GOB-31 | GOB-19 | GOB-29 | GOB-49 | GOB-23 | GOB-15 | GOB-26 | GOB-14 | GOB-7 | GOB-25 | GOB-12	carbapenem;cephalosporin;penicillin beta-lactam	antibiotic inactivation	0.0	0.0	0.0	0.0	0.0	0.0	0.0	0.0	2222425.41	0.0	0.0	0.0	0.0	0.0	0.0	0.0	0.0	0.0	0.0	0.0	0.0	0.0	0.0	0.0	0.0	0.0	0.0	0.0	0.0	0.0	0.0	0.0	0.0	0.0	0.0	0.0
GOB beta-lactamase	multiple	GOB-14 | GOB-2 | GOB-1 | GOB-7 | GOB-50 | GOB-45 | GOB-21 | GOB-4 | GOB-40 | GOB-36 | GOB-49 | GOB-11 | GOB-41 | GOB-20 | GOB-3 | GOB-43 | GOB-12 | GOB-48 | GOB-31 | GOB-15 | GOB-18 | GOB-34 | GOB-37 | GOB-29 | GOB-30 | GOB-38 | GOB-5 | GOB-23 | GOB-52 | GOB-10 | GOB-26 | GOB-42 | GOB-25 | GOB-32 | GOB-9 | GOB-6 | GOB-19 | GOB-13 | GOB-53 | GOB-39 | GOB-8	carbapenem;cephalosporin;penicillin beta-lactam	antibiotic inactivation	0.0	0.0	0.0	0.0	0.0	0.0	0.0	0.0	0.0	0.0	0.0	0.0	0.0	0.0	0.0	0.0	0.0	0.0	0.0	0.0	0.0	0.0	0.0	0.0	0.0	0.0	0.0	0.0	0.0	0.0	0.0	0.0	0.0	0.0	0.0	14848648.35
GOB beta-lactamase	multiple	GOB-15 | GOB-13 | GOB-7 | GOB-49 | GOB-31 | GOB-37 | GOB-19 | GOB-32 | GOB-11 | GOB-36 | GOB-34 | GOB-14 | GOB-23 | GOB-26 | GOB-25 | GOB-12 | GOB-29	carbapenem;cephalosporin;penicillin beta-lactam	antibiotic inactivation	0.0	0.0	0.0	0.0	0.0	0.0	0.0	0.0	0.0	0.0	0.0	0.0	0.0	0.0	0.0	0.0	0.0	0.0	0.0	0.0	0.0	0.0	0.0	0.0	0.0	0.0	0.0	0.0	0.0	0.0	0.0	0.0	0.0	0.0	9146519.29	0.0
GOB beta-lactamase	multiple	GOB-15 | GOB-38 | GOB-21 | GOB-49 | GOB-31 | GOB-11 | GOB-13 | GOB-41 | GOB-48 | GOB-20 | GOB-52 | GOB-40 | GOB-19 | GOB-18 | GOB-6 | GOB-8 | GOB-10 | GOB-29 | GOB-45 | GOB-7 | GOB-3 | GOB-14 | GOB-28 | GOB-9 | GOB-2 | GOB-53 | GOB-5 | GOB-1 | GOB-4 | GOB-42 | GOB-43 | GOB-30 | GOB-39 | GOB-26 | GOB-12 | GOB-25 | GOB-50 | GOB-23 | GOB-32	carbapenem;cephalosporin;penicillin beta-lactam	antibiotic inactivation	0.0	0.0	0.0	0.0	0.0	0.0	0.0	0.0	0.0	0.0	0.0	0.0	0.0	0.0	0.0	0.0	0.0	0.0	0.0	0.0	0.0	0.0	0.0	0.0	0.0	0.0	0.0	0.0	0.0	0.0	0.0	87476599.26	0.0	0.0	0.0	0.0
GOB beta-lactamase	multiple	GOB-18 | GOB-14 | GOB-15 | GOB-30 | GOB-29 | GOB-13 | GOB-31 | GOB-49 | GOB-11 | GOB-7 | GOB-32 | GOB-19 | GOB-26 | GOB-12 | GOB-25 | GOB-23	carbapenem;cephalosporin;penicillin beta-lactam	antibiotic inactivation	0.0	0.0	0.0	0.0	0.0	0.0	0.0	0.0	0.0	0.0	0.0	0.0	0.0	0.0	0.0	0.0	0.0	0.0	0.0	0.0	0.0	0.0	0.0	0.0	0.0	0.0	0.0	8522934.41	0.0	0.0	0.0	0.0	0.0	0.0	0.0	0.0
GOB beta-lactamase	multiple	GOB-18 | GOB-7 | GOB-31 | GOB-29 | GOB-1 | GOB-28 | GOB-30 | GOB-41 | GOB-53 | GOB-43 | GOB-40 | GOB-45 | GOB-49	carbapenem;cephalosporin;penicillin beta-lactam	antibiotic inactivation	0.0	0.0	0.0	0.0	0.0	0.0	0.0	0.0	0.0	0.0	0.0	0.0	0.0	0.0	0.0	0.0	0.0	9972582.65	0.0	0.0	0.0	0.0	0.0	0.0	0.0	0.0	0.0	0.0	0.0	0.0	0.0	0.0	0.0	0.0	0.0	0.0
GOB beta-lactamase	multiple	GOB-19 | GOB-11 | GOB-32 | GOB-37 | GOB-15 | GOB-13 | GOB-49 | GOB-25 | GOB-26 | GOB-34 | GOB-29 | GOB-12 | GOB-31 | GOB-36 | GOB-23 | GOB-7 | GOB-14	carbapenem;cephalosporin;penicillin beta-lactam	antibiotic inactivation	0.0	0.0	0.0	0.0	0.0	20204015.82	0.0	0.0	0.0	0.0	0.0	0.0	0.0	0.0	0.0	0.0	0.0	0.0	0.0	0.0	0.0	0.0	0.0	0.0	0.0	0.0	0.0	0.0	0.0	0.0	0.0	0.0	0.0	0.0	0.0	0.0
GOB beta-lactamase	multiple	GOB-19 | GOB-13 | GOB-7 | GOB-25 | GOB-11 | GOB-31 | GOB-23 | GOB-14 | GOB-26 | GOB-12 | GOB-15 | GOB-29 | GOB-32 | GOB-49	carbapenem;cephalosporin;penicillin beta-lactam	antibiotic inactivation	0.0	0.0	0.0	0.0	0.0	0.0	0.0	0.0	0.0	0.0	0.0	0.0	0.0	0.0	0.0	0.0	0.0	0.0	0.0	0.0	270639.6	0.0	0.0	0.0	0.0	0.0	0.0	0.0	0.0	0.0	0.0	0.0	0.0	0.0	0.0	0.0
GOB beta-lactamase	multiple	GOB-23 | GOB-1 | GOB-9 | GOB-26 | GOB-10 | GOB-14 | GOB-45 | GOB-49 | GOB-29 | GOB-3 | GOB-38 | GOB-13 | GOB-39 | GOB-6 | GOB-53 | GOB-42 | GOB-43 | GOB-28 | GOB-7 | GOB-12 | GOB-19 | GOB-50 | GOB-25 | GOB-2 | GOB-5 | GOB-21 | GOB-11 | GOB-41 | GOB-31 | GOB-34 | GOB-4 | GOB-18 | GOB-8 | GOB-48 | GOB-52 | GOB-40 | GOB-32 | GOB-15 | GOB-20 | GOB-30	carbapenem;cephalosporin;penicillin beta-lactam	antibiotic inactivation	0.0	0.0	0.0	0.0	0.0	0.0	0.0	0.0	0.0	0.0	0.0	0.0	0.0	0.0	0.0	0.0	0.0	0.0	0.0	0.0	0.0	0.0	0.0	0.0	0.0	0.0	0.0	0.0	21389684.03	0.0	0.0	0.0	0.0	0.0	0.0	0.0
GOB beta-lactamase	multiple	GOB-24 | GOB-43 | GOB-45 | GOB-15 | GOB-26 | GOB-40 | GOB-28 | GOB-20 | GOB-12 | GOB-14 | GOB-39 | GOB-29 | GOB-49 | GOB-53 | GOB-10 | GOB-50 | GOB-48 | GOB-11 | GOB-30 | GOB-6 | GOB-3 | GOB-5 | GOB-21 | GOB-2 | GOB-23 | GOB-19 | GOB-13 | GOB-7 | GOB-1 | GOB-25 | GOB-52 | GOB-42 | GOB-34 | GOB-4 | GOB-18 | GOB-32 | GOB-31 | GOB-8 | GOB-41 | GOB-38 | GOB-9	carbapenem;cephalosporin;penicillin beta-lactam	antibiotic inactivation	0.0	0.0	0.0	0.0	0.0	0.0	0.0	0.0	0.0	0.0	0.0	0.0	0.0	0.0	0.0	0.0	0.0	0.0	0.0	0.0	0.0	0.0	0.0	0.0	0.0	111589219.83	0.0	0.0	0.0	0.0	0.0	0.0	0.0	0.0	0.0	0.0
GOB beta-lactamase	multiple	GOB-25 | GOB-13 | GOB-42 | GOB-28 | GOB-11 | GOB-52 | GOB-40 | GOB-45 | GOB-49 | GOB-32 | GOB-41 | GOB-48 | GOB-2 | GOB-14 | GOB-15 | GOB-19 | GOB-8 | GOB-9 | GOB-21 | GOB-18 | GOB-7 | GOB-34 | GOB-39 | GOB-4 | GOB-6 | GOB-1 | GOB-3 | GOB-31 | GOB-26 | GOB-20 | GOB-24 | GOB-30 | GOB-12 | GOB-5 | GOB-43 | GOB-29 | GOB-50 | GOB-53 | GOB-23 | GOB-10 | GOB-38	carbapenem;cephalosporin;penicillin beta-lactam	antibiotic inactivation	0.0	0.0	0.0	0.0	0.0	0.0	0.0	0.0	0.0	0.0	0.0	0.0	0.0	0.0	0.0	0.0	0.0	0.0	0.0	0.0	0.0	0.0	100874462.13	0.0	0.0	0.0	0.0	0.0	0.0	0.0	0.0	0.0	0.0	0.0	0.0	0.0
GOB beta-lactamase	multiple	GOB-26 | GOB-14 | GOB-34 | GOB-31 | GOB-13 | GOB-11 | GOB-49 | GOB-23 | GOB-7 | GOB-15 | GOB-19 | GOB-25 | GOB-51 | GOB-32 | GOB-29 | GOB-12	carbapenem;cephalosporin;penicillin beta-lactam	antibiotic inactivation	0.0	0.0	0.0	0.0	0.0	0.0	0.0	0.0	0.0	0.0	0.0	0.0	0.0	0.0	0.0	0.0	0.0	0.0	0.0	0.0	0.0	0.0	0.0	0.0	0.0	0.0	0.0	0.0	0.0	0.0	6585504.16	0.0	0.0	0.0	0.0	0.0
GOB beta-lactamase	multiple	GOB-26 | GOB-28 | GOB-9 | GOB-7 | GOB-40 | GOB-4 | GOB-30 | GOB-14 | GOB-18 | GOB-23 | GOB-32 | GOB-43 | GOB-41 | GOB-11 | GOB-13 | GOB-6 | GOB-19 | GOB-48 | GOB-10 | GOB-42 | GOB-53 | GOB-21 | GOB-29 | GOB-1 | GOB-39 | GOB-38 | GOB-25 | GOB-3 | GOB-31 | GOB-15 | GOB-34 | GOB-8 | GOB-50 | GOB-20 | GOB-5 | GOB-12 | GOB-2 | GOB-52 | GOB-45 | GOB-49	carbapenem;cephalosporin;penicillin beta-lactam	antibiotic inactivation	0.0	0.0	0.0	0.0	0.0	0.0	0.0	0.0	0.0	0.0	0.0	0.0	0.0	0.0	0.0	0.0	0.0	0.0	0.0	0.0	0.0	0.0	0.0	0.0	72613707.1	0.0	0.0	0.0	0.0	0.0	0.0	0.0	0.0	0.0	0.0	0.0
GOB beta-lactamase	multiple	GOB-28 | GOB-42 | GOB-11 | GOB-7 | GOB-31 | GOB-15 | GOB-40 | GOB-20 | GOB-5 | GOB-32 | GOB-50 | GOB-18 | GOB-10 | GOB-49 | GOB-21 | GOB-48 | GOB-30 | GOB-25 | GOB-38 | GOB-12 | GOB-52 | GOB-41 | GOB-19 | GOB-39 | GOB-14 | GOB-3 | GOB-43 | GOB-26 | GOB-53 | GOB-23 | GOB-6 | GOB-2 | GOB-4 | GOB-29 | GOB-9 | GOB-1 | GOB-45 | GOB-13 | GOB-8	carbapenem;cephalosporin;penicillin beta-lactam	antibiotic inactivation	0.0	0.0	0.0	0.0	0.0	0.0	0.0	0.0	0.0	0.0	0.0	0.0	0.0	0.0	0.0	127111310.44	0.0	0.0	0.0	0.0	0.0	0.0	0.0	0.0	0.0	0.0	0.0	0.0	0.0	0.0	0.0	0.0	0.0	0.0	0.0	0.0
GOB beta-lactamase	multiple	GOB-3 | GOB-34 | GOB-9 | GOB-36 | GOB-50 | GOB-32 | GOB-4 | GOB-7 | GOB-1 | GOB-49 | GOB-6 | GOB-21 | GOB-38 | GOB-8 | GOB-10 | GOB-29 | GOB-42 | GOB-31 | GOB-52 | GOB-23 | GOB-30 | GOB-15 | GOB-40 | GOB-20 | GOB-11 | GOB-25 | GOB-43 | GOB-12 | GOB-28 | GOB-19 | GOB-53 | GOB-5 | GOB-18 | GOB-14 | GOB-48 | GOB-2 | GOB-13 | GOB-26 | GOB-37 | GOB-39 | GOB-45 | GOB-41	carbapenem;cephalosporin;penicillin beta-lactam	antibiotic inactivation	0.0	0.0	0.0	100563396.74	0.0	0.0	0.0	0.0	0.0	0.0	0.0	0.0	0.0	0.0	0.0	0.0	0.0	0.0	0.0	0.0	0.0	0.0	0.0	0.0	0.0	0.0	0.0	0.0	0.0	0.0	0.0	0.0	0.0	0.0	0.0	0.0
GOB beta-lactamase	multiple	GOB-31 | GOB-23 | GOB-28 | GOB-43 | GOB-49 | GOB-19 | GOB-13 | GOB-1 | GOB-12 | GOB-29 | GOB-18 | GOB-26 | GOB-11 | GOB-53 | GOB-25 | GOB-41 | GOB-32 | GOB-40 | GOB-15 | GOB-30 | GOB-45 | GOB-7 | GOB-14	carbapenem;cephalosporin;penicillin beta-lactam	antibiotic inactivation	0.0	0.0	0.0	0.0	0.0	0.0	0.0	0.0	0.0	0.0	0.0	7335019.57	0.0	0.0	0.0	0.0	0.0	0.0	0.0	0.0	0.0	0.0	0.0	0.0	0.0	0.0	0.0	0.0	0.0	0.0	0.0	0.0	0.0	0.0	0.0	0.0
GOB beta-lactamase	multiple	GOB-31 | GOB-41 | GOB-32 | GOB-6 | GOB-5 | GOB-19 | GOB-48 | GOB-45 | GOB-49 | GOB-9 | GOB-39 | GOB-3 | GOB-12 | GOB-15 | GOB-13 | GOB-18 | GOB-50 | GOB-29 | GOB-4 | GOB-14 | GOB-40 | GOB-20 | GOB-10 | GOB-7 | GOB-38 | GOB-26 | GOB-21 | GOB-30 | GOB-28 | GOB-53 | GOB-42 | GOB-8 | GOB-52 | GOB-1 | GOB-43	carbapenem;cephalosporin;penicillin beta-lactam	antibiotic inactivation	0.0	0.0	0.0	0.0	0.0	0.0	0.0	0.0	0.0	0.0	0.0	0.0	0.0	0.0	0.0	0.0	29338511.51	0.0	0.0	0.0	0.0	0.0	0.0	0.0	0.0	0.0	0.0	0.0	0.0	0.0	0.0	0.0	0.0	0.0	0.0	0.0
GOB beta-lactamase	multiple	GOB-32 | GOB-12 | GOB-15 | GOB-37 | GOB-19 | GOB-36 | GOB-50 | GOB-23 | GOB-21 | GOB-13 | GOB-42 | GOB-39 | GOB-26 | GOB-11 | GOB-34 | GOB-25 | GOB-52 | GOB-14 | GOB-48	carbapenem;cephalosporin;penicillin beta-lactam	antibiotic inactivation	0.0	0.0	0.0	0.0	38033768.81	0.0	0.0	0.0	0.0	0.0	0.0	0.0	0.0	0.0	0.0	0.0	0.0	0.0	0.0	0.0	0.0	0.0	0.0	0.0	0.0	0.0	0.0	0.0	0.0	0.0	0.0	0.0	0.0	0.0	0.0	0.0
GOB beta-lactamase	multiple	GOB-32 | GOB-53 | GOB-19 | GOB-18 | GOB-12 | GOB-30 | GOB-50 | GOB-21 | GOB-15 | GOB-42 | GOB-36 | GOB-11 | GOB-40 | GOB-26 | GOB-29 | GOB-49 | GOB-38 | GOB-52 | GOB-7 | GOB-25 | GOB-37 | GOB-39 | GOB-31 | GOB-48 | GOB-14 | GOB-13 | GOB-23 | GOB-3	carbapenem;cephalosporin;penicillin beta-lactam	antibiotic inactivation	0.0	0.0	0.0	0.0	0.0	0.0	0.0	0.0	0.0	0.0	0.0	0.0	0.0	0.0	0.0	0.0	0.0	0.0	0.0	0.0	0.0	0.0	0.0	0.0	0.0	0.0	0.0	0.0	0.0	0.0	0.0	0.0	27274983.75	0.0	0.0	0.0
GOB beta-lactamase	multiple	GOB-37 | GOB-12 | GOB-49 | GOB-11 | GOB-36 | GOB-14 | GOB-26 | GOB-19 | GOB-13 | GOB-34 | GOB-15 | GOB-29 | GOB-25 | GOB-32 | GOB-7 | GOB-23 | GOB-31	carbapenem;cephalosporin;penicillin beta-lactam	antibiotic inactivation	0.0	0.0	0.0	0.0	0.0	0.0	0.0	0.0	0.0	0.0	0.0	0.0	17164212.13	0.0	0.0	0.0	0.0	0.0	0.0	0.0	0.0	0.0	0.0	0.0	0.0	0.0	0.0	0.0	0.0	0.0	0.0	0.0	0.0	0.0	0.0	0.0
GOB beta-lactamase	multiple	GOB-40 | GOB-19 | GOB-30 | GOB-21 | GOB-38 | GOB-12 | GOB-14 | GOB-31 | GOB-7 | GOB-28 | GOB-43 | GOB-42 | GOB-41 | GOB-26 | GOB-8 | GOB-4 | GOB-29 | GOB-32 | GOB-53 | GOB-15 | GOB-50 | GOB-20 | GOB-13 | GOB-1 | GOB-45 | GOB-10 | GOB-6 | GOB-5 | GOB-48 | GOB-25 | GOB-9 | GOB-3 | GOB-23 | GOB-52 | GOB-49 | GOB-11 | GOB-18 | GOB-39	carbapenem;cephalosporin;penicillin beta-lactam	antibiotic inactivation	0.0	0.0	0.0	0.0	0.0	0.0	0.0	0.0	0.0	0.0	0.0	0.0	0.0	37818885.25	0.0	0.0	0.0	0.0	0.0	0.0	0.0	0.0	0.0	0.0	0.0	0.0	0.0	0.0	0.0	0.0	0.0	0.0	0.0	0.0	0.0	0.0
GOB beta-lactamase	multiple	GOB-48 | GOB-14 | GOB-25 | GOB-49 | GOB-11 | GOB-23 | GOB-31 | GOB-52 | GOB-15 | GOB-39 | GOB-50 | GOB-32 | GOB-29 | GOB-34 | GOB-26 | GOB-19 | GOB-12 | GOB-13 | GOB-21 | GOB-7	carbapenem;cephalosporin;penicillin beta-lactam	antibiotic inactivation	0.0	0.0	0.0	0.0	0.0	0.0	0.0	0.0	0.0	0.0	0.0	0.0	0.0	0.0	0.0	0.0	0.0	0.0	0.0	0.0	0.0	0.0	0.0	0.0	0.0	0.0	38823499.52	0.0	0.0	0.0	0.0	0.0	0.0	0.0	0.0	0.0
GOB beta-lactamase	multiple	GOB-49 | GOB-13 | GOB-14 | GOB-19 | GOB-11 | GOB-32 | GOB-15 | GOB-23 | GOB-29 | GOB-7 | GOB-26 | GOB-25 | GOB-31 | GOB-12	carbapenem;cephalosporin;penicillin beta-lactam	antibiotic inactivation	0.0	0.0	0.0	0.0	0.0	0.0	0.0	0.0	0.0	2739159.8	0.0	0.0	0.0	0.0	0.0	0.0	0.0	0.0	0.0	0.0	0.0	0.0	0.0	0.0	0.0	0.0	0.0	0.0	0.0	0.0	0.0	0.0	0.0	0.0	0.0	0.0
GOB beta-lactamase	multiple	GOB-49 | GOB-39 | GOB-25 | GOB-7 | GOB-18 | GOB-21 | GOB-38 | GOB-36 | GOB-48 | GOB-26 | GOB-52 | GOB-23 | GOB-53 | GOB-12 | GOB-40 | GOB-11 | GOB-19 | GOB-37 | GOB-42 | GOB-15 | GOB-41 | GOB-51 | GOB-31 | GOB-28 | GOB-1 | GOB-10 | GOB-45 | GOB-50 | GOB-29 | GOB-32 | GOB-30 | GOB-14 | GOB-34 | GOB-43 | GOB-13	carbapenem;cephalosporin;penicillin beta-lactam	antibiotic inactivation	0.0	0.0	0.0	0.0	0.0	0.0	0.0	0.0	0.0	0.0	0.0	0.0	0.0	0.0	0.0	0.0	0.0	0.0	0.0	0.0	0.0	0.0	0.0	0.0	0.0	0.0	0.0	0.0	0.0	0.0	0.0	0.0	0.0	31789832.3	0.0	0.0
GOB beta-lactamase	multiple	GOB-53 | GOB-40 | GOB-43 | GOB-48 | GOB-41 | GOB-3 | GOB-29 | GOB-11 | GOB-26 | GOB-45 | GOB-50 | GOB-49 | GOB-28 | GOB-30 | GOB-18 | GOB-31 | GOB-7 | GOB-1	carbapenem;cephalosporin;penicillin beta-lactam	antibiotic inactivation	0.0	0.0	0.0	0.0	0.0	0.0	0.0	0.0	0.0	0.0	0.0	0.0	0.0	0.0	0.0	0.0	0.0	0.0	8082944.79	0.0	0.0	0.0	0.0	0.0	0.0	0.0	0.0	0.0	0.0	0.0	0.0	0.0	0.0	0.0	0.0	0.0
GOB beta-lactamase	multiple	GOB-6 | GOB-3 | GOB-30 | GOB-18 | GOB-29 | GOB-26 | GOB-23 | GOB-15 | GOB-39 | GOB-21 | GOB-50 | GOB-28 | GOB-45 | GOB-42 | GOB-31 | GOB-5 | GOB-1 | GOB-13 | GOB-11 | GOB-49 | GOB-8 | GOB-41 | GOB-40 | GOB-38 | GOB-53 | GOB-43 | GOB-12 | GOB-14 | GOB-20 | GOB-52 | GOB-9 | GOB-10 | GOB-19 | GOB-32 | GOB-7 | GOB-48 | GOB-4 | GOB-25	carbapenem;cephalosporin;penicillin beta-lactam	antibiotic inactivation	0.0	0.0	0.0	0.0	0.0	0.0	0.0	0.0	0.0	0.0	0.0	0.0	0.0	0.0	0.0	0.0	0.0	0.0	0.0	27672361.33	0.0	0.0	0.0	0.0	0.0	0.0	0.0	0.0	0.0	0.0	0.0	0.0	0.0	0.0	0.0	0.0
GOB beta-lactamase	multiple	GOB-7 | GOB-13 | GOB-14 | GOB-19 | GOB-36 | GOB-32 | GOB-37 | GOB-25 | GOB-23 | GOB-12 | GOB-15 | GOB-31 | GOB-29 | GOB-49 | GOB-11 | GOB-26	carbapenem;cephalosporin;penicillin beta-lactam	antibiotic inactivation	0.0	0.0	0.0	0.0	0.0	0.0	0.0	0.0	0.0	0.0	0.0	0.0	0.0	0.0	0.0	0.0	0.0	0.0	0.0	0.0	0.0	0.0	0.0	8880276.78	0.0	0.0	0.0	0.0	0.0	0.0	0.0	0.0	0.0	0.0	0.0	0.0
GOB beta-lactamase	multiple	GOB-7 | GOB-13 | GOB-19 | GOB-15 | GOB-31 | GOB-32 | GOB-14 | GOB-23 | GOB-49 | GOB-26 | GOB-11 | GOB-12 | GOB-29 | GOB-25	carbapenem;cephalosporin;penicillin beta-lactam	antibiotic inactivation	0.0	0.0	0.0	0.0	0.0	0.0	0.0	3231248.39	0.0	0.0	0.0	0.0	0.0	0.0	0.0	0.0	0.0	0.0	0.0	0.0	0.0	0.0	0.0	0.0	0.0	0.0	0.0	0.0	0.0	0.0	0.0	0.0	0.0	0.0	0.0	0.0
GOB beta-lactamase	multiple	GOB-7 | GOB-18 | GOB-29 | GOB-31 | GOB-49 | GOB-30	carbapenem;cephalosporin;penicillin beta-lactam	antibiotic inactivation	0.0	0.0	0.0	0.0	0.0	0.0	0.0	0.0	0.0	0.0	0.0	0.0	0.0	0.0	1761161.99	0.0	0.0	0.0	0.0	0.0	0.0	0.0	0.0	0.0	0.0	0.0	0.0	0.0	0.0	0.0	0.0	0.0	0.0	0.0	0.0	0.0
GOB beta-lactamase	multiple	GOB-7 | GOB-26 | GOB-13 | GOB-32 | GOB-19 | GOB-15 | GOB-31 | GOB-23 | GOB-14 | GOB-49 | GOB-25 | GOB-12 | GOB-29 | GOB-11	carbapenem;cephalosporin;penicillin beta-lactam	antibiotic inactivation	2216697.72	0.0	0.0	0.0	0.0	0.0	0.0	0.0	0.0	0.0	0.0	0.0	0.0	0.0	0.0	0.0	0.0	0.0	0.0	0.0	0.0	0.0	0.0	0.0	0.0	0.0	0.0	0.0	0.0	0.0	0.0	0.0	0.0	0.0	0.0	0.0
GOB beta-lactamase	multiple	GOB-7 | GOB-38 | GOB-10 | GOB-9 | GOB-23 | GOB-14 | GOB-39 | GOB-34 | GOB-28 | GOB-32 | GOB-42 | GOB-12 | GOB-40 | GOB-13 | GOB-4 | GOB-31 | GOB-3 | GOB-5 | GOB-6 | GOB-53 | GOB-19 | GOB-20 | GOB-8 | GOB-45 | GOB-49 | GOB-48 | GOB-26 | GOB-2 | GOB-50 | GOB-29 | GOB-1 | GOB-52 | GOB-30 | GOB-41 | GOB-25 | GOB-15 | GOB-18 | GOB-21 | GOB-11 | GOB-43	carbapenem;cephalosporin;penicillin beta-lactam	antibiotic inactivation	0.0	0.0	0.0	0.0	0.0	0.0	0.0	0.0	0.0	0.0	0.0	0.0	0.0	0.0	0.0	0.0	0.0	0.0	0.0	0.0	0.0	0.0	0.0	0.0	0.0	0.0	0.0	0.0	0.0	33916467.81	0.0	0.0	0.0	0.0	0.0	0.0
GOB beta-lactamase	multiple	GOB-7 | GOB-49 | GOB-30 | GOB-14 | GOB-29 | GOB-25 | GOB-26 | GOB-32 | GOB-19 | GOB-18 | GOB-43 | GOB-23 | GOB-15 | GOB-41 | GOB-40 | GOB-13 | GOB-31 | GOB-1 | GOB-53 | GOB-11 | GOB-28 | GOB-45	carbapenem;cephalosporin;penicillin beta-lactam	antibiotic inactivation	0.0	0.0	0.0	0.0	0.0	0.0	4718303.73	0.0	0.0	0.0	0.0	0.0	0.0	0.0	0.0	0.0	0.0	0.0	0.0	0.0	0.0	0.0	0.0	0.0	0.0	0.0	0.0	0.0	0.0	0.0	0.0	0.0	0.0	0.0	0.0	0.0
GOB beta-lactamase	multiple	GOB-9 | GOB-41 | GOB-26 | GOB-30 | GOB-43 | GOB-25 | GOB-13 | GOB-12 | GOB-20 | GOB-18 | GOB-40 | GOB-42 | GOB-23 | GOB-31 | GOB-48 | GOB-1 | GOB-39 | GOB-52 | GOB-50 | GOB-3 | GOB-10 | GOB-14 | GOB-29 | GOB-21 | GOB-38 | GOB-8 | GOB-5 | GOB-34 | GOB-4 | GOB-28 | GOB-7 | GOB-45 | GOB-2 | GOB-19 | GOB-15 | GOB-11 | GOB-32 | GOB-53 | GOB-6 | GOB-49	carbapenem;cephalosporin;penicillin beta-lactam	antibiotic inactivation	0.0	0.0	0.0	0.0	0.0	0.0	0.0	0.0	0.0	0.0	0.0	0.0	0.0	0.0	0.0	0.0	0.0	0.0	0.0	0.0	0.0	12408305.94	0.0	0.0	0.0	0.0	0.0	0.0	0.0	0.0	0.0	0.0	0.0	0.0	0.0	0.0
GPC beta-lactamase	ARO_3005096__GPC-1__H	GPC-1	carbapenem	antibiotic inactivation	0.0	0.0	0.0	0.0	0.0	0.0	0.0	0.0	0.0	0.0	0.0	0.0	0.0	0.0	0.0	0.0	0.0	0.0	0.0	0.0	17528.0	0.0	0.0	0.0	0.0	0.0	0.0	0.0	0.0	0.0	23536.05	0.0	55252.18	105281.51	0.0	0.0
General Bacterial Porin with reduced permeability to beta-lactams	ARO_3004122__Kpne_OmpK37__H	Klebsiella pneumoniae OmpK37	carbapenem;cephalosporin;monobactam;penicillin beta-lactam	reduced permeability to antibiotic	0.0	0.0	0.0	0.0	0.0	25467.8	0.0	0.0	0.0	0.0	0.0	0.0	0.0	0.0	0.0	0.0	0.0	0.0	0.0	0.0	0.0	18069.15	0.0	0.0	0.0	0.0	137383.66	73977.16	0.0	0.0	0.0	0.0	0.0	0.0	0.0	29310.74
General Bacterial Porin with reduced permeability to beta-lactams	ARO_3004123__Bpse_Omp38__H	Burkholderia pseudomallei Omp38	carbapenem;cephalosporin;monobactam;penicillin beta-lactam	reduced permeability to antibiotic	0.0	0.0	0.0	242215.36	0.0	12767.95	18204.73	0.0	0.0	0.0	0.0	0.0	22849.4	0.0	0.0	0.0	0.0	0.0	0.0	0.0	0.0	0.0	0.0	86793.14	0.0	0.0	0.0	0.0	16204.31	32598.93	37506.65	0.0	0.0	0.0	0.0	14694.56
General Bacterial Porin with reduced permeability to beta-lactams;resistance-nodulation-cell division (RND) antibiotic efflux pump	ARO_3000263__marA__H	marA	carbapenem;cephalosporin;disinfecting agents and antiseptics;fluoroquinolone antibiotic;glycylcycline;monobactam;penicillin beta-lactam;phenicol antibiotic;rifamycin antibiotic;tetracycline antibiotic	antibiotic efflux;reduced permeability to antibiotic	1773083.62	0.0	0.0	0.0	6727729.46	373063.49	27606623.27	57095.12	43331.91	59001.99	77227.66	55411.29	3338154.32	2125117.49	4804107.17	184749.49	1944286.34	0.0	2083393.05	168104.26	40807.38	1217550.19	0.0	0.0	65068.01	0.0	7513168.94	0.0	10416330.5	0.0	54794.87	0.0	8361208.56	7966026.9	0.0	85871.31
General Bacterial Porin with reduced permeability to beta-lactams;resistance-nodulation-cell division (RND) antibiotic efflux pump	ARO_3000823__ramA__H	ramA	carbapenem;cephalosporin;disinfecting agents and antiseptics;fluoroquinolone antibiotic;glycylcycline;monobactam;penicillin beta-lactam;phenicol antibiotic;rifamycin antibiotic;tetracycline antibiotic	antibiotic efflux;reduced permeability to antibiotic	313040.97	0.0	0.0	0.0	331211.3	114605.1	0.0	0.0	0.0	0.0	0.0	0.0	546923.2	882210.93	1320951.54	0.0	6415280.79	0.0	2040638.2	0.0	0.0	487867.07	0.0	0.0	0.0	0.0	5838805.57	0.0	1793881.5	0.0	0.0	0.0	3161308.64	2886397.93	0.0	0.0
General Bacterial Porin with reduced permeability to peptide antibiotics	ARO_3005044__OmpA__H	OmpA	peptide antibiotic	reduced permeability to antibiotic	0.0	0.0	0.0	0.0	22080.75	140072.9	18156.19	0.0	0.0	0.0	0.0	0.0	0.0	0.0	0.0	0.0	0.0	0.0	309187.61	86069.38	181075.93	252968.11	106015.75	0.0	88839.52	49395.16	1076172.01	314402.91	16161.09	0.0	205736.48	0.0	21953.53	20915.93	0.0	29310.74
IND beta-lactamase	ARO_3002263__IND-7__H	IND-7	carbapenem	antibiotic inactivation	0.0	0.0	0.0	0.0	0.0	0.0	0.0	0.0	0.0	0.0	0.0	29552.69	0.0	0.0	0.0	0.0	0.0	0.0	0.0	0.0	0.0	0.0	0.0	0.0	0.0	0.0	0.0	0.0	0.0	0.0	0.0	0.0	0.0	0.0	0.0	0.0
IND beta-lactamase	ARO_3002270__IND-15__H	IND-15	carbapenem	antibiotic inactivation	0.0	0.0	0.0	0.0	0.0	0.0	0.0	0.0	0.0	0.0	0.0	0.0	0.0	0.0	0.0	0.0	0.0	0.0	0.0	0.0	0.0	0.0	0.0	0.0	102402.11	0.0	0.0	0.0	0.0	0.0	0.0	0.0	0.0	0.0	0.0	0.0
IND beta-lactamase	ARO_3008226__IND-18__H	IND-18	carbapenem	antibiotic inactivation	32205.86	0.0	0.0	0.0	0.0	0.0	0.0	0.0	0.0	0.0	0.0	0.0	0.0	0.0	0.0	0.0	0.0	0.0	0.0	0.0	0.0	0.0	0.0	0.0	0.0	0.0	0.0	0.0	0.0	0.0	0.0	0.0	0.0	0.0	0.0	0.0
IND beta-lactamase	multiple	IND-10 | IND-16	carbapenem	antibiotic inactivation	0.0	0.0	0.0	0.0	34501.18	0.0	0.0	30450.73	0.0	0.0	0.0	0.0	0.0	0.0	0.0	0.0	0.0	0.0	0.0	0.0	43527.87	0.0	0.0	0.0	0.0	0.0	0.0	0.0	0.0	0.0	29223.93	0.0	0.0	751666.13	0.0	0.0
IND beta-lactamase	multiple	IND-10 | IND-16 | IND-8	carbapenem	antibiotic inactivation	0.0	0.0	0.0	0.0	0.0	0.0	0.0	0.0	0.0	0.0	0.0	0.0	0.0	0.0	0.0	0.0	0.0	0.0	0.0	0.0	0.0	0.0	0.0	0.0	0.0	0.0	0.0	0.0	0.0	0.0	0.0	0.0	583140.7	0.0	0.0	0.0
IND beta-lactamase	multiple	IND-12 | IND-15 | IND-19 | IND-11 | IND-2 | IND-2a	carbapenem	antibiotic inactivation	0.0	0.0	0.0	0.0	0.0	0.0	0.0	0.0	0.0	0.0	0.0	0.0	0.0	0.0	0.0	0.0	0.0	0.0	0.0	0.0	0.0	0.0	0.0	0.0	648546.68	0.0	0.0	0.0	0.0	0.0	0.0	0.0	0.0	0.0	0.0	0.0
IND beta-lactamase	multiple	IND-16 | IND-10	carbapenem	antibiotic inactivation	0.0	0.0	0.0	0.0	0.0	0.0	0.0	0.0	0.0	0.0	0.0	0.0	35606.98	0.0	0.0	0.0	0.0	0.0	0.0	0.0	0.0	0.0	0.0	0.0	0.0	0.0	0.0	0.0	75755.13	0.0	0.0	0.0	0.0	0.0	0.0	114495.08
IND beta-lactamase	multiple	IND-16 | IND-10 | IND-8	carbapenem	antibiotic inactivation	0.0	0.0	0.0	0.0	0.0	0.0	0.0	0.0	0.0	0.0	0.0	0.0	0.0	0.0	0.0	0.0	0.0	0.0	0.0	0.0	0.0	0.0	0.0	0.0	0.0	0.0	0.0	0.0	0.0	25400.0	0.0	0.0	0.0	0.0	0.0	0.0
IND beta-lactamase	multiple	IND-19 | IND-2a | IND-11 | IND-15 | IND-2 | IND-12	carbapenem	antibiotic inactivation	0.0	0.0	0.0	0.0	0.0	0.0	0.0	0.0	0.0	0.0	0.0	0.0	0.0	0.0	0.0	0.0	0.0	0.0	0.0	0.0	0.0	0.0	0.0	0.0	0.0	3998174.13	0.0	0.0	0.0	0.0	0.0	0.0	0.0	0.0	0.0	0.0
IND beta-lactamase	multiple	IND-2a | IND-11 | IND-10 | IND-16 | IND-19 | IND-2 | IND-15 | IND-12	carbapenem	antibiotic inactivation	0.0	0.0	0.0	0.0	0.0	0.0	0.0	0.0	0.0	0.0	0.0	0.0	0.0	0.0	0.0	0.0	0.0	0.0	0.0	0.0	0.0	0.0	0.0	0.0	0.0	0.0	106005.91	0.0	0.0	0.0	0.0	0.0	0.0	0.0	0.0	0.0
IND beta-lactamase	multiple	IND-2a | IND-15 | IND-11 | IND-19 | IND-12 | IND-2	carbapenem	antibiotic inactivation	0.0	0.0	0.0	0.0	0.0	0.0	0.0	0.0	0.0	0.0	0.0	0.0	0.0	0.0	0.0	0.0	0.0	0.0	0.0	0.0	0.0	0.0	529535.64	0.0	0.0	0.0	0.0	0.0	0.0	0.0	0.0	0.0	0.0	0.0	0.0	0.0
IND beta-lactamase	multiple	IND-7 | IND-1	carbapenem	antibiotic inactivation	0.0	0.0	0.0	0.0	0.0	0.0	0.0	0.0	0.0	0.0	0.0	265974.19	0.0	122529.3	0.0	0.0	0.0	0.0	0.0	0.0	0.0	0.0	0.0	0.0	0.0	0.0	0.0	0.0	0.0	0.0	0.0	0.0	0.0	0.0	0.0	0.0
IND beta-lactamase	multiple	IND-8 | IND-10 | IND-16	carbapenem	antibiotic inactivation	0.0	0.0	0.0	0.0	0.0	0.0	0.0	0.0	0.0	0.0	0.0	0.0	0.0	0.0	0.0	0.0	0.0	0.0	0.0	0.0	0.0	0.0	0.0	0.0	0.0	0.0	0.0	57794.65	0.0	0.0	0.0	0.0	0.0	0.0	0.0	0.0
KPC beta-lactamase	ARO_3002317__KPC-7__H	KPC-7	carbapenem;cephalosporin;monobactam;penicillin beta-lactam	antibiotic inactivation	0.0	0.0	0.0	0.0	0.0	0.0	23158.4	0.0	0.0	0.0	0.0	0.0	0.0	0.0	0.0	0.0	0.0	0.0	0.0	0.0	0.0	0.0	0.0	0.0	0.0	0.0	29205.71	0.0	0.0	0.0	0.0	0.0	0.0	0.0	0.0	0.0
KPC beta-lactamase	ARO_3002319__KPC-9__H	KPC-9	carbapenem;cephalosporin;monobactam;penicillin beta-lactam	antibiotic inactivation	0.0	0.0	0.0	0.0	0.0	0.0	23973.84	0.0	0.0	0.0	0.0	0.0	0.0	0.0	0.0	0.0	0.0	0.0	0.0	0.0	0.0	47717.83	0.0	0.0	0.0	21740.83	0.0	0.0	21339.47	0.0	0.0	0.0	0.0	0.0	0.0	0.0
KPC beta-lactamase	ARO_3002323__KPC-13__H	KPC-13	carbapenem;cephalosporin;monobactam;penicillin beta-lactam	antibiotic inactivation	0.0	0.0	0.0	0.0	0.0	0.0	0.0	0.0	0.0	0.0	0.0	0.0	0.0	25005.98	0.0	0.0	0.0	0.0	0.0	0.0	0.0	0.0	0.0	0.0	0.0	0.0	0.0	0.0	0.0	0.0	0.0	0.0	0.0	0.0	0.0	0.0
KPC beta-lactamase	ARO_3005358__KPC-26__H	KPC-26	carbapenem;cephalosporin;monobactam;penicillin beta-lactam	antibiotic inactivation	0.0	0.0	0.0	0.0	0.0	0.0	0.0	0.0	0.0	0.0	0.0	0.0	0.0	0.0	0.0	0.0	0.0	0.0	0.0	0.0	0.0	23047.39	0.0	0.0	0.0	0.0	0.0	0.0	0.0	0.0	0.0	0.0	0.0	0.0	0.0	0.0
KPC beta-lactamase	ARO_3005361__KPC-28__H	KPC-28	carbapenem;cephalosporin;monobactam;penicillin beta-lactam	antibiotic inactivation	0.0	0.0	0.0	0.0	0.0	0.0	23317.02	0.0	0.0	0.0	0.0	0.0	0.0	0.0	0.0	0.0	0.0	0.0	0.0	0.0	0.0	0.0	0.0	0.0	0.0	0.0	0.0	0.0	0.0	0.0	0.0	0.0	0.0	0.0	0.0	0.0
KPC beta-lactamase	ARO_3005374__KPC-42__H	KPC-42	carbapenem;cephalosporin;monobactam;penicillin beta-lactam	antibiotic inactivation	0.0	0.0	0.0	0.0	0.0	16242.22	0.0	0.0	0.0	0.0	0.0	0.0	0.0	0.0	0.0	0.0	0.0	0.0	0.0	0.0	0.0	0.0	0.0	0.0	0.0	0.0	0.0	0.0	0.0	0.0	0.0	0.0	0.0	0.0	0.0	0.0
KPC beta-lactamase	ARO_3005382__KPC-54__H	KPC-54	carbapenem;cephalosporin;monobactam;penicillin beta-lactam	antibiotic inactivation	0.0	0.0	0.0	0.0	0.0	0.0	0.0	0.0	0.0	0.0	0.0	0.0	0.0	0.0	0.0	0.0	0.0	0.0	0.0	0.0	0.0	0.0	0.0	0.0	0.0	0.0	29205.71	0.0	0.0	0.0	0.0	0.0	0.0	0.0	0.0	0.0
KPC beta-lactamase	ARO_3006199__KPC-74__H	KPC-74	carbapenem;cephalosporin;monobactam;penicillin beta-lactam	antibiotic inactivation	0.0	0.0	0.0	0.0	0.0	0.0	0.0	0.0	0.0	0.0	0.0	0.0	0.0	0.0	0.0	0.0	0.0	0.0	0.0	0.0	0.0	0.0	0.0	0.0	0.0	0.0	29405.75	0.0	0.0	0.0	0.0	0.0	0.0	0.0	0.0	0.0
KPC beta-lactamase	ARO_3006206__KPC-81__H	KPC-81	carbapenem;cephalosporin;monobactam;penicillin beta-lactam	antibiotic inactivation	0.0	0.0	0.0	0.0	0.0	16297.65	69712.32	0.0	0.0	0.0	0.0	0.0	0.0	0.0	0.0	0.0	0.0	0.0	0.0	0.0	0.0	0.0	0.0	0.0	0.0	0.0	0.0	0.0	0.0	0.0	0.0	0.0	0.0	0.0	0.0	0.0
KPC beta-lactamase	ARO_3008271__KPC-145__H	KPC-145	carbapenem;cephalosporin;monobactam;penicillin beta-lactam	antibiotic inactivation	0.0	0.0	0.0	0.0	0.0	0.0	0.0	0.0	0.0	0.0	0.0	0.0	29066.92	0.0	0.0	0.0	0.0	0.0	0.0	0.0	0.0	0.0	0.0	0.0	0.0	0.0	0.0	0.0	0.0	0.0	0.0	0.0	0.0	0.0	0.0	0.0
KPC beta-lactamase	ARO_3008273__KPC-147__H	KPC-147	carbapenem;cephalosporin;monobactam;penicillin beta-lactam	antibiotic inactivation	0.0	0.0	0.0	0.0	0.0	0.0	0.0	0.0	0.0	0.0	0.0	0.0	29066.92	0.0	0.0	0.0	0.0	0.0	0.0	0.0	17766.48	0.0	0.0	0.0	0.0	0.0	0.0	0.0	0.0	0.0	0.0	0.0	0.0	0.0	0.0	0.0
KPC beta-lactamase	ARO_3008275__KPC-149__H	KPC-149	carbapenem;cephalosporin;monobactam;penicillin beta-lactam	antibiotic inactivation	0.0	0.0	0.0	0.0	0.0	0.0	0.0	0.0	0.0	0.0	0.0	0.0	0.0	0.0	0.0	0.0	0.0	0.0	0.0	0.0	0.0	0.0	0.0	0.0	0.0	0.0	0.0	0.0	0.0	0.0	0.0	0.0	28001.95	0.0	0.0	0.0
KPC beta-lactamase	ARO_3008283__KPC-157__H	KPC-157	carbapenem;cephalosporin;monobactam;penicillin beta-lactam	antibiotic inactivation	0.0	0.0	0.0	0.0	0.0	0.0	46316.8	0.0	0.0	0.0	0.0	0.0	0.0	0.0	0.0	0.0	0.0	0.0	0.0	0.0	0.0	0.0	0.0	0.0	0.0	0.0	0.0	0.0	20613.64	0.0	0.0	0.0	0.0	0.0	0.0	0.0
KPC beta-lactamase	ARO_3008291__KPC-165__H	KPC-165	carbapenem;cephalosporin;monobactam;penicillin beta-lactam	antibiotic inactivation	0.0	0.0	0.0	0.0	0.0	0.0	0.0	0.0	0.0	0.0	0.0	0.0	0.0	0.0	0.0	0.0	0.0	0.0	0.0	0.0	0.0	0.0	0.0	0.0	0.0	0.0	58411.42	0.0	0.0	0.0	0.0	0.0	0.0	0.0	0.0	0.0
KPC beta-lactamase	ARO_3008294__KPC-168__H	KPC-168	carbapenem;cephalosporin;monobactam;penicillin beta-lactam	antibiotic inactivation	0.0	0.0	0.0	0.0	0.0	0.0	0.0	0.0	0.0	0.0	0.0	0.0	0.0	0.0	0.0	0.0	18810.93	0.0	0.0	0.0	0.0	0.0	0.0	0.0	0.0	0.0	0.0	0.0	0.0	0.0	0.0	0.0	0.0	0.0	0.0	0.0
KPC beta-lactamase	ARO_3008295__KPC-169__H	KPC-169	carbapenem;cephalosporin;monobactam;penicillin beta-lactam	antibiotic inactivation	0.0	0.0	0.0	0.0	0.0	0.0	0.0	0.0	0.0	0.0	0.0	0.0	0.0	0.0	0.0	0.0	0.0	0.0	0.0	0.0	0.0	46569.98	0.0	0.0	0.0	0.0	0.0	0.0	0.0	0.0	0.0	0.0	0.0	26953.51	0.0	0.0
KPC beta-lactamase	ARO_3008298__KPC-172__H	KPC-172	carbapenem;cephalosporin;monobactam;penicillin beta-lactam	antibiotic inactivation	0.0	0.0	0.0	0.0	0.0	0.0	0.0	0.0	0.0	0.0	0.0	0.0	0.0	0.0	0.0	0.0	0.0	0.0	0.0	0.0	0.0	0.0	0.0	0.0	0.0	0.0	29205.71	0.0	0.0	0.0	0.0	0.0	0.0	0.0	0.0	0.0
KPC beta-lactamase	ARO_3008317__KPC-191__H	KPC-191	carbapenem;cephalosporin;monobactam;penicillin beta-lactam	antibiotic inactivation	0.0	0.0	0.0	0.0	0.0	0.0	23237.44	0.0	0.0	0.0	0.0	0.0	0.0	0.0	0.0	0.0	0.0	0.0	0.0	0.0	0.0	0.0	0.0	0.0	0.0	0.0	0.0	0.0	0.0	0.0	0.0	0.0	0.0	0.0	0.0	0.0
KPC beta-lactamase	ARO_3008323__KPC-197__H	KPC-197	carbapenem;cephalosporin;monobactam;penicillin beta-lactam	antibiotic inactivation	0.0	0.0	0.0	0.0	0.0	0.0	23158.4	0.0	0.0	0.0	0.0	0.0	0.0	0.0	0.0	0.0	0.0	0.0	0.0	0.0	0.0	0.0	0.0	0.0	0.0	0.0	0.0	0.0	0.0	0.0	0.0	0.0	0.0	0.0	0.0	0.0
KPC beta-lactamase	ARO_3008324__KPC-201__H	KPC-201	carbapenem;cephalosporin;monobactam;penicillin beta-lactam	antibiotic inactivation	0.0	0.0	0.0	0.0	0.0	0.0	0.0	0.0	0.0	0.0	0.0	0.0	0.0	0.0	0.0	0.0	19004.86	0.0	0.0	0.0	0.0	23284.99	0.0	0.0	0.0	0.0	0.0	0.0	20826.15	0.0	0.0	0.0	0.0	0.0	0.0	0.0
KPC beta-lactamase	ARO_3008341__KPC-223__H	KPC-223	carbapenem;cephalosporin;monobactam;penicillin beta-lactam	antibiotic inactivation	0.0	0.0	0.0	0.0	0.0	0.0	0.0	0.0	0.0	0.0	0.0	0.0	0.0	0.0	0.0	0.0	0.0	0.0	0.0	0.0	0.0	0.0	0.0	0.0	0.0	0.0	0.0	0.0	0.0	0.0	0.0	0.0	0.0	26678.48	0.0	0.0
KPC beta-lactamase	ARO_3008352__KPC-236__H	KPC-236	carbapenem;cephalosporin;monobactam;penicillin beta-lactam	antibiotic inactivation	26619.13	0.0	0.0	0.0	0.0	0.0	0.0	0.0	0.0	0.0	0.0	0.0	0.0	0.0	0.0	0.0	0.0	0.0	0.0	0.0	0.0	0.0	0.0	0.0	0.0	0.0	0.0	0.0	20613.64	0.0	0.0	0.0	0.0	0.0	0.0	0.0
KPC beta-lactamase	ARO_3008355__KPC-239__H	KPC-239	carbapenem;cephalosporin;monobactam;penicillin beta-lactam	antibiotic inactivation	0.0	0.0	0.0	0.0	28260.35	0.0	0.0	0.0	0.0	0.0	0.0	0.0	0.0	0.0	0.0	0.0	0.0	0.0	0.0	0.0	0.0	0.0	0.0	0.0	0.0	0.0	0.0	0.0	0.0	0.0	0.0	0.0	0.0	0.0	0.0	0.0
KPC beta-lactamase	ARO_3008359__KPC-47__H	KPC-47	carbapenem;cephalosporin;monobactam;penicillin beta-lactam	antibiotic inactivation	0.0	0.0	0.0	0.0	0.0	0.0	23158.4	0.0	0.0	0.0	0.0	0.0	0.0	0.0	0.0	0.0	0.0	0.0	0.0	0.0	0.0	0.0	0.0	0.0	0.0	0.0	0.0	0.0	0.0	0.0	0.0	0.0	0.0	0.0	0.0	0.0
KPC beta-lactamase	ARO_3008364__KPC-69__H	KPC-69	carbapenem;cephalosporin;monobactam;penicillin beta-lactam	antibiotic inactivation	0.0	0.0	0.0	0.0	0.0	0.0	0.0	0.0	0.0	0.0	0.0	0.0	28870.52	0.0	0.0	0.0	0.0	0.0	0.0	0.0	0.0	0.0	0.0	0.0	0.0	0.0	0.0	0.0	0.0	0.0	0.0	0.0	0.0	0.0	0.0	0.0
KPC beta-lactamase	ARO_3008365__KPC-70__H	KPC-70	carbapenem;cephalosporin;monobactam;penicillin beta-lactam	antibiotic inactivation	0.0	0.0	0.0	0.0	0.0	0.0	0.0	0.0	0.0	0.0	0.0	0.0	0.0	0.0	0.0	0.0	0.0	0.0	0.0	0.0	0.0	23047.39	0.0	0.0	0.0	0.0	0.0	0.0	0.0	0.0	0.0	0.0	0.0	0.0	0.0	0.0
KPC beta-lactamase	multiple	KPC-100 | KPC-238 | KPC-73 | KPC-102 | KPC-194 | KPC-151 | KPC-153 | KPC-122 | KPC-44 | KPC-242 | KPC-203 | KPC-223 | KPC-13 | KPC-236 | KPC-209 | KPC-186 | KPC-69 | KPC-65 | KPC-135 | KPC-34 | KPC-82 | KPC-123 | KPC-148 | KPC-90 | KPC-141 | KPC-50 | KPC-171 | KPC-75 | KPC-133 | KPC-108 | KPC-192 | KPC-22 | KPC-228 | KPC-4 | KPC-55 | KPC-142 | KPC-83 | KPC-60 | KPC-58 | KPC-110 | KPC-84 | KPC-187 | KPC-114 | KPC-120 | KPC-46 | KPC-185 | KPC-189 | KPC-176 | KPC-166 | KPC-155 | KPC-165 | KPC-54 | KPC-2 | KPC-30 | KPC-218 | KPC-119 | KPC-169 | KPC-173 | KPC-139 | KPC-233 | KPC-57 | KPC-172 | KPC-164 | KPC-72 | KPC-140 | KPC-31 | KPC-97 | KPC-64 | KPC-150 | KPC-143 | KPC-36 | KPC-18 | KPC-103 | KPC-118 | KPC-40 | KPC-7 | KPC-201 | KPC-230 | KPC-131 | KPC-38 | KPC-121 | KPC-26 | KPC-136 | KPC-3 | KPC-191 | KPC-98 | KPC-5 | KPC-33 | KPC-184 | KPC-214 | KPC-234 | KPC-157 | KPC-204 | KPC-177 | KPC-206 | KPC-190 | KPC-27 | KPC-29 | KPC-174 | KPC-117 | KPC-147 | KPC-130 | KPC-178 | KPC-196 | KPC-205 | KPC-179 | KPC-79 | KPC-81 | KPC-49 | KPC-167 | KPC-15 | KPC-32 | KPC-145 | KPC-112 | KPC-227 | KPC-168 | KPC-11 | KPC-16 | KPC-156 | KPC-6 | KPC-43 | KPC-107 | KPC-132 | KPC-86 | KPC-23 | KPC-212 | KPC-237 | KPC-128 | KPC-129 | KPC-215 | KPC-70 | KPC-202 | KPC-232 | KPC-92 | KPC-37 | KPC-105 | KPC-126 | KPC-160 | KPC-113 | KPC-74 | KPC-62 | KPC-93 | KPC-52 | KPC-183 | KPC-116 | KPC-85 | KPC-217 | KPC-146 | KPC-21 | KPC-161 | KPC-208 | KPC-8 | KPC-115 | KPC-66 | KPC-77 | KPC-239 | KPC-125 | KPC-231 | KPC-162 | KPC-188 | KPC-170 | KPC-211 | KPC-48 | KPC-224 | KPC-59 | KPC-127 | KPC-67 | KPC-17 | KPC-226 | KPC-53 | KPC-63 | KPC-94 | KPC-25 | KPC-181 | KPC-144 | KPC-76 | KPC-10 | KPC-154 | KPC-225 | KPC-197 | KPC-104 | KPC-47 | KPC-87 | KPC-28 | KPC-180 | KPC-24 | KPC-14 | KPC-152 | KPC-88 | KPC-207 | KPC-163 | KPC-39 | KPC-182 | KPC-42 | KPC-68 | KPC-193 | KPC-45 | KPC-109 | KPC-12 | KPC-195 | KPC-213 | KPC-106 | KPC-35 | KPC-71 | KPC-149 | KPC-61 | KPC-158 | KPC-78 | KPC-51 | KPC-9 | KPC-19 | KPC-137 | KPC-134 | KPC-241 | KPC-216 | KPC-124 | KPC-91 | KPC-96 | KPC-95 | KPC-240 | KPC-99 | KPC-175 | KPC-80 | KPC-138 | KPC-89 | KPC-101 | KPC-159 | KPC-111 | KPC-56	carbapenem;cephalosporin;monobactam;penicillin beta-lactam	antibiotic inactivation	0.0	0.0	0.0	0.0	0.0	0.0	0.0	0.0	0.0	0.0	0.0	0.0	0.0	41185929.27	0.0	0.0	0.0	0.0	0.0	0.0	0.0	0.0	0.0	0.0	0.0	0.0	0.0	0.0	0.0	0.0	0.0	0.0	0.0	0.0	0.0	0.0
KPC beta-lactamase	multiple	KPC-120 | KPC-149 | KPC-242 | KPC-183 | KPC-122 | KPC-104 | KPC-124 | KPC-156 | KPC-203 | KPC-18 | KPC-97 | KPC-186 | KPC-34 | KPC-98 | KPC-123 | KPC-212 | KPC-192 | KPC-159 | KPC-118 | KPC-197 | KPC-176 | KPC-86 | KPC-213 | KPC-36 | KPC-101 | KPC-37 | KPC-223 | KPC-33 | KPC-190 | KPC-25 | KPC-154 | KPC-117 | KPC-205 | KPC-204 | KPC-50 | KPC-63 | KPC-48 | KPC-170 | KPC-114 | KPC-184 | KPC-239 | KPC-240 | KPC-88 | KPC-105 | KPC-237 | KPC-100 | KPC-147 | KPC-14 | KPC-6 | KPC-21 | KPC-208 | KPC-158 | KPC-89 | KPC-157 | KPC-111 | KPC-174 | KPC-160 | KPC-138 | KPC-17 | KPC-90 | KPC-87 | KPC-71 | KPC-110 | KPC-113 | KPC-209 | KPC-168 | KPC-175 | KPC-163 | KPC-164 | KPC-96 | KPC-45 | KPC-92 | KPC-215 | KPC-30 | KPC-75 | KPC-134 | KPC-136 | KPC-202 | KPC-49 | KPC-146 | KPC-169 | KPC-15 | KPC-178 | KPC-121 | KPC-64 | KPC-72 | KPC-60 | KPC-126 | KPC-148 | KPC-116 | KPC-53 | KPC-9 | KPC-27 | KPC-166 | KPC-28 | KPC-35 | KPC-13 | KPC-8 | KPC-172 | KPC-162 | KPC-211 | KPC-153 | KPC-238 | KPC-150 | KPC-142 | KPC-152 | KPC-91 | KPC-173 | KPC-51 | KPC-78 | KPC-23 | KPC-95 | KPC-151 | KPC-19 | KPC-62 | KPC-46 | KPC-58 | KPC-99 | KPC-155 | KPC-167 | KPC-179 | KPC-26 | KPC-236 | KPC-139 | KPC-32 | KPC-214 | KPC-143 | KPC-2 | KPC-93 | KPC-80 | KPC-94 | KPC-68 | KPC-241 | KPC-16 | KPC-82 | KPC-109 | KPC-73 | KPC-193 | KPC-66 | KPC-4 | KPC-43 | KPC-81 | KPC-70 | KPC-227 | KPC-38 | KPC-129 | KPC-195 | KPC-59 | KPC-145 | KPC-187 | KPC-103 | KPC-12 | KPC-165 | KPC-22 | KPC-40 | KPC-182 | KPC-188 | KPC-217 | KPC-79 | KPC-44 | KPC-137 | KPC-39 | KPC-226 | KPC-76 | KPC-107 | KPC-5 | KPC-234 | KPC-180 | KPC-194 | KPC-141 | KPC-232 | KPC-74 | KPC-189 | KPC-119 | KPC-112 | KPC-106 | KPC-67 | KPC-206 | KPC-24 | KPC-185 | KPC-127 | KPC-161 | KPC-69 | KPC-7 | KPC-230 | KPC-31 | KPC-52 | KPC-191 | KPC-216 | KPC-47 | KPC-57 | KPC-224 | KPC-132 | KPC-231 | KPC-225 | KPC-102 | KPC-42 | KPC-181 | KPC-29 | KPC-61 | KPC-135 | KPC-144 | KPC-56 | KPC-201 | KPC-83 | KPC-130 | KPC-77 | KPC-233 | KPC-11 | KPC-140 | KPC-125 | KPC-171 | KPC-84 | KPC-177 | KPC-133 | KPC-54 | KPC-115 | KPC-108 | KPC-10 | KPC-65 | KPC-55 | KPC-85 | KPC-3 | KPC-218 | KPC-196 | KPC-131 | KPC-228 | KPC-128 | KPC-207	carbapenem;cephalosporin;monobactam;penicillin beta-lactam	antibiotic inactivation	0.0	0.0	0.0	0.0	0.0	0.0	0.0	0.0	0.0	0.0	0.0	0.0	0.0	0.0	0.0	0.0	0.0	0.0	0.0	0.0	10083700.2	0.0	0.0	0.0	0.0	0.0	0.0	0.0	0.0	0.0	0.0	0.0	0.0	0.0	0.0	0.0
KPC beta-lactamase	multiple	KPC-123 | KPC-58 | KPC-205 | KPC-188 | KPC-172 | KPC-115 | KPC-146 | KPC-184 | KPC-241 | KPC-38 | KPC-23 | KPC-157 | KPC-124 | KPC-48 | KPC-230 | KPC-62 | KPC-113 | KPC-65 | KPC-114 | KPC-104 | KPC-35 | KPC-82 | KPC-183 | KPC-71 | KPC-66 | KPC-214 | KPC-202 | KPC-16 | KPC-88 | KPC-53 | KPC-21 | KPC-130 | KPC-195 | KPC-145 | KPC-52 | KPC-177 | KPC-242 | KPC-134 | KPC-44 | KPC-174 | KPC-30 | KPC-42 | KPC-8 | KPC-126 | KPC-191 | KPC-142 | KPC-119 | KPC-140 | KPC-46 | KPC-131 | KPC-72 | KPC-128 | KPC-34 | KPC-133 | KPC-98 | KPC-135 | KPC-234 | KPC-67 | KPC-70 | KPC-233 | KPC-5 | KPC-167 | KPC-122 | KPC-85 | KPC-81 | KPC-111 | KPC-27 | KPC-89 | KPC-69 | KPC-171 | KPC-186 | KPC-116 | KPC-196 | KPC-156 | KPC-107 | KPC-109 | KPC-36 | KPC-207 | KPC-187 | KPC-166 | KPC-121 | KPC-50 | KPC-143 | KPC-218 | KPC-228 | KPC-190 | KPC-93 | KPC-162 | KPC-170 | KPC-192 | KPC-74 | KPC-179 | KPC-47 | KPC-56 | KPC-125 | KPC-136 | KPC-108 | KPC-127 | KPC-13 | KPC-92 | KPC-164 | KPC-94 | KPC-79 | KPC-236 | KPC-182 | KPC-153 | KPC-33 | KPC-159 | KPC-76 | KPC-158 | KPC-4 | KPC-197 | KPC-99 | KPC-14 | KPC-225 | KPC-18 | KPC-147 | KPC-87 | KPC-194 | KPC-78 | KPC-129 | KPC-150 | KPC-149 | KPC-26 | KPC-137 | KPC-209 | KPC-103 | KPC-212 | KPC-83 | KPC-138 | KPC-178 | KPC-100 | KPC-152 | KPC-51 | KPC-15 | KPC-102 | KPC-226 | KPC-106 | KPC-6 | KPC-77 | KPC-3 | KPC-96 | KPC-73 | KPC-7 | KPC-215 | KPC-57 | KPC-11 | KPC-154 | KPC-203 | KPC-101 | KPC-37 | KPC-28 | KPC-60 | KPC-9 | KPC-223 | KPC-132 | KPC-173 | KPC-211 | KPC-90 | KPC-168 | KPC-120 | KPC-19 | KPC-64 | KPC-224 | KPC-2 | KPC-55 | KPC-84 | KPC-169 | KPC-176 | KPC-80 | KPC-181 | KPC-238 | KPC-155 | KPC-118 | KPC-86 | KPC-217 | KPC-144 | KPC-161 | KPC-193 | KPC-31 | KPC-237 | KPC-180 | KPC-68 | KPC-165 | KPC-25 | KPC-12 | KPC-10 | KPC-227 | KPC-39 | KPC-63 | KPC-43 | KPC-240 | KPC-213 | KPC-17 | KPC-148 | KPC-32 | KPC-175 | KPC-59 | KPC-54 | KPC-239 | KPC-40 | KPC-95 | KPC-49 | KPC-160 | KPC-141 | KPC-110 | KPC-75 | KPC-45 | KPC-185 | KPC-232 | KPC-206 | KPC-139 | KPC-204 | KPC-189 | KPC-61 | KPC-208 | KPC-163 | KPC-112 | KPC-151 | KPC-231 | KPC-29 | KPC-201 | KPC-105 | KPC-22 | KPC-24 | KPC-91 | KPC-117 | KPC-97 | KPC-216	carbapenem;cephalosporin;monobactam;penicillin beta-lactam	antibiotic inactivation	0.0	0.0	0.0	0.0	0.0	0.0	0.0	0.0	0.0	0.0	133683.55	0.0	0.0	0.0	0.0	0.0	0.0	0.0	0.0	0.0	0.0	0.0	0.0	0.0	0.0	0.0	0.0	0.0	0.0	0.0	0.0	0.0	0.0	0.0	0.0	0.0
KPC beta-lactamase	multiple	KPC-13 | KPC-143 | KPC-2 | KPC-119 | KPC-137 | KPC-17 | KPC-159 | KPC-54 | KPC-139 | KPC-64 | KPC-225 | KPC-92 | KPC-141 | KPC-44 | KPC-23 | KPC-32 | KPC-148 | KPC-194 | KPC-79 | KPC-30 | KPC-132 | KPC-81 | KPC-121 | KPC-3 | KPC-218 | KPC-42 | KPC-206 | KPC-185 | KPC-103 | KPC-191 | KPC-196 | KPC-67 | KPC-186 | KPC-146 | KPC-102 | KPC-149 | KPC-234 | KPC-184 | KPC-63 | KPC-91 | KPC-135 | KPC-183 | KPC-65 | KPC-127 | KPC-162 | KPC-204 | KPC-60 | KPC-117 | KPC-126 | KPC-71 | KPC-241 | KPC-176 | KPC-169 | KPC-174 | KPC-192 | KPC-93 | KPC-84 | KPC-104 | KPC-73 | KPC-150 | KPC-224 | KPC-106 | KPC-189 | KPC-94 | KPC-25 | KPC-212 | KPC-154 | KPC-166 | KPC-216 | KPC-97 | KPC-9 | KPC-122 | KPC-83 | KPC-142 | KPC-70 | KPC-82 | KPC-33 | KPC-5 | KPC-131 | KPC-112 | KPC-37 | KPC-87 | KPC-43 | KPC-105 | KPC-157 | KPC-46 | KPC-228 | KPC-181 | KPC-164 | KPC-239 | KPC-51 | KPC-242 | KPC-207 | KPC-129 | KPC-217 | KPC-130 | KPC-202 | KPC-62 | KPC-26 | KPC-152 | KPC-213 | KPC-193 | KPC-238 | KPC-179 | KPC-14 | KPC-22 | KPC-86 | KPC-110 | KPC-69 | KPC-16 | KPC-24 | KPC-182 | KPC-123 | KPC-49 | KPC-38 | KPC-240 | KPC-28 | KPC-53 | KPC-57 | KPC-18 | KPC-109 | KPC-226 | KPC-85 | KPC-144 | KPC-90 | KPC-227 | KPC-180 | KPC-58 | KPC-136 | KPC-99 | KPC-88 | KPC-98 | KPC-76 | KPC-10 | KPC-168 | KPC-35 | KPC-120 | KPC-4 | KPC-230 | KPC-215 | KPC-124 | KPC-165 | KPC-114 | KPC-11 | KPC-27 | KPC-36 | KPC-34 | KPC-211 | KPC-203 | KPC-39 | KPC-95 | KPC-171 | KPC-128 | KPC-195 | KPC-233 | KPC-197 | KPC-111 | KPC-167 | KPC-178 | KPC-108 | KPC-205 | KPC-163 | KPC-115 | KPC-48 | KPC-161 | KPC-21 | KPC-138 | KPC-75 | KPC-80 | KPC-101 | KPC-170 | KPC-100 | KPC-140 | KPC-190 | KPC-151 | KPC-156 | KPC-40 | KPC-12 | KPC-201 | KPC-125 | KPC-61 | KPC-15 | KPC-8 | KPC-237 | KPC-160 | KPC-231 | KPC-89 | KPC-177 | KPC-175 | KPC-116 | KPC-74 | KPC-68 | KPC-147 | KPC-214 | KPC-232 | KPC-77 | KPC-118 | KPC-107 | KPC-45 | KPC-209 | KPC-7 | KPC-158 | KPC-188 | KPC-236 | KPC-172 | KPC-52 | KPC-113 | KPC-56 | KPC-72 | KPC-173 | KPC-153 | KPC-134 | KPC-145 | KPC-223 | KPC-96 | KPC-29 | KPC-78 | KPC-31 | KPC-47 | KPC-6 | KPC-55 | KPC-133 | KPC-50 | KPC-66 | KPC-59 | KPC-208 | KPC-155 | KPC-187 | KPC-19	carbapenem;cephalosporin;monobactam;penicillin beta-lactam	antibiotic inactivation	0.0	0.0	0.0	0.0	0.0	0.0	0.0	0.0	0.0	0.0	0.0	0.0	0.0	0.0	0.0	0.0	0.0	0.0	0.0	0.0	0.0	0.0	0.0	0.0	0.0	0.0	0.0	0.0	58846636.71	0.0	0.0	0.0	0.0	0.0	0.0	0.0
KPC beta-lactamase	multiple	KPC-131 | KPC-7 | KPC-181 | KPC-226 | KPC-25 | KPC-29 | KPC-207 | KPC-133 | KPC-156 | KPC-64 | KPC-238 | KPC-171 | KPC-34 | KPC-111 | KPC-30 | KPC-169 | KPC-212 | KPC-116 | KPC-80 | KPC-51 | KPC-75 | KPC-134 | KPC-59 | KPC-62 | KPC-237 | KPC-17 | KPC-114 | KPC-197 | KPC-201 | KPC-239 | KPC-185 | KPC-107 | KPC-87 | KPC-211 | KPC-122 | KPC-161 | KPC-93 | KPC-88 | KPC-73 | KPC-97 | KPC-160 | KPC-191 | KPC-35 | KPC-135 | KPC-179 | KPC-32 | KPC-28 | KPC-129 | KPC-15 | KPC-153 | KPC-165 | KPC-48 | KPC-233 | KPC-92 | KPC-68 | KPC-192 | KPC-142 | KPC-128 | KPC-145 | KPC-136 | KPC-231 | KPC-117 | KPC-70 | KPC-170 | KPC-101 | KPC-167 | KPC-241 | KPC-50 | KPC-203 | KPC-218 | KPC-149 | KPC-139 | KPC-31 | KPC-53 | KPC-125 | KPC-85 | KPC-96 | KPC-182 | KPC-13 | KPC-189 | KPC-5 | KPC-84 | KPC-232 | KPC-6 | KPC-195 | KPC-132 | KPC-39 | KPC-188 | KPC-72 | KPC-18 | KPC-187 | KPC-224 | KPC-22 | KPC-108 | KPC-126 | KPC-176 | KPC-143 | KPC-99 | KPC-33 | KPC-47 | KPC-38 | KPC-216 | KPC-236 | KPC-110 | KPC-45 | KPC-19 | KPC-44 | KPC-2 | KPC-172 | KPC-141 | KPC-230 | KPC-74 | KPC-79 | KPC-162 | KPC-8 | KPC-214 | KPC-157 | KPC-69 | KPC-202 | KPC-127 | KPC-106 | KPC-58 | KPC-103 | KPC-140 | KPC-118 | KPC-63 | KPC-148 | KPC-105 | KPC-95 | KPC-204 | KPC-55 | KPC-77 | KPC-100 | KPC-144 | KPC-4 | KPC-12 | KPC-208 | KPC-10 | KPC-184 | KPC-155 | KPC-240 | KPC-83 | KPC-67 | KPC-61 | KPC-209 | KPC-123 | KPC-104 | KPC-173 | KPC-150 | KPC-180 | KPC-90 | KPC-52 | KPC-56 | KPC-86 | KPC-112 | KPC-228 | KPC-205 | KPC-177 | KPC-91 | KPC-242 | KPC-71 | KPC-158 | KPC-186 | KPC-152 | KPC-120 | KPC-168 | KPC-115 | KPC-60 | KPC-151 | KPC-16 | KPC-37 | KPC-146 | KPC-89 | KPC-66 | KPC-217 | KPC-194 | KPC-138 | KPC-109 | KPC-223 | KPC-175 | KPC-178 | KPC-196 | KPC-164 | KPC-159 | KPC-137 | KPC-225 | KPC-119 | KPC-76 | KPC-78 | KPC-21 | KPC-23 | KPC-147 | KPC-183 | KPC-43 | KPC-54 | KPC-102 | KPC-94 | KPC-9 | KPC-26 | KPC-121 | KPC-24 | KPC-163 | KPC-81 | KPC-57 | KPC-166 | KPC-130 | KPC-49 | KPC-234 | KPC-215 | KPC-124 | KPC-193 | KPC-213 | KPC-190 | KPC-40 | KPC-36 | KPC-227 | KPC-14 | KPC-174 | KPC-11 | KPC-42 | KPC-3 | KPC-98 | KPC-27 | KPC-154 | KPC-46 | KPC-65 | KPC-113 | KPC-82 | KPC-206	carbapenem;cephalosporin;monobactam;penicillin beta-lactam	antibiotic inactivation	0.0	0.0	0.0	0.0	0.0	0.0	0.0	0.0	0.0	0.0	0.0	0.0	0.0	0.0	0.0	0.0	0.0	0.0	6997239.46	0.0	0.0	0.0	0.0	0.0	0.0	0.0	0.0	0.0	0.0	0.0	0.0	0.0	0.0	0.0	0.0	0.0
KPC beta-lactamase	multiple	KPC-132 | KPC-228 | KPC-167 | KPC-96 | KPC-159 | KPC-160 | KPC-190 | KPC-97 | KPC-104 | KPC-204 | KPC-93 | KPC-202 | KPC-181 | KPC-88 | KPC-18 | KPC-31 | KPC-182 | KPC-176 | KPC-110 | KPC-12 | KPC-14 | KPC-125 | KPC-58 | KPC-242 | KPC-230 | KPC-99 | KPC-25 | KPC-175 | KPC-24 | KPC-173 | KPC-138 | KPC-146 | KPC-168 | KPC-184 | KPC-148 | KPC-63 | KPC-177 | KPC-2 | KPC-187 | KPC-195 | KPC-185 | KPC-40 | KPC-87 | KPC-91 | KPC-169 | KPC-207 | KPC-55 | KPC-224 | KPC-94 | KPC-151 | KPC-52 | KPC-139 | KPC-45 | KPC-127 | KPC-86 | KPC-29 | KPC-154 | KPC-178 | KPC-48 | KPC-39 | KPC-92 | KPC-238 | KPC-237 | KPC-174 | KPC-9 | KPC-194 | KPC-78 | KPC-116 | KPC-163 | KPC-15 | KPC-102 | KPC-75 | KPC-84 | KPC-121 | KPC-68 | KPC-98 | KPC-111 | KPC-240 | KPC-16 | KPC-106 | KPC-218 | KPC-11 | KPC-33 | KPC-142 | KPC-120 | KPC-170 | KPC-62 | KPC-30 | KPC-4 | KPC-42 | KPC-114 | KPC-17 | KPC-119 | KPC-115 | KPC-28 | KPC-206 | KPC-76 | KPC-79 | KPC-64 | KPC-144 | KPC-171 | KPC-36 | KPC-131 | KPC-7 | KPC-10 | KPC-137 | KPC-162 | KPC-165 | KPC-215 | KPC-32 | KPC-214 | KPC-122 | KPC-43 | KPC-128 | KPC-5 | KPC-223 | KPC-38 | KPC-80 | KPC-26 | KPC-193 | KPC-85 | KPC-44 | KPC-239 | KPC-53 | KPC-186 | KPC-141 | KPC-208 | KPC-66 | KPC-197 | KPC-192 | KPC-60 | KPC-61 | KPC-209 | KPC-27 | KPC-140 | KPC-112 | KPC-153 | KPC-123 | KPC-51 | KPC-129 | KPC-105 | KPC-126 | KPC-225 | KPC-191 | KPC-130 | KPC-50 | KPC-70 | KPC-196 | KPC-134 | KPC-81 | KPC-23 | KPC-152 | KPC-135 | KPC-69 | KPC-180 | KPC-89 | KPC-8 | KPC-73 | KPC-149 | KPC-124 | KPC-3 | KPC-46 | KPC-82 | KPC-6 | KPC-143 | KPC-37 | KPC-241 | KPC-95 | KPC-133 | KPC-212 | KPC-108 | KPC-145 | KPC-179 | KPC-166 | KPC-117 | KPC-21 | KPC-136 | KPC-213 | KPC-189 | KPC-201 | KPC-147 | KPC-47 | KPC-77 | KPC-203 | KPC-67 | KPC-56 | KPC-59 | KPC-158 | KPC-183 | KPC-157 | KPC-74 | KPC-35 | KPC-156 | KPC-109 | KPC-227 | KPC-150 | KPC-232 | KPC-188 | KPC-217 | KPC-107 | KPC-22 | KPC-13 | KPC-234 | KPC-19 | KPC-211 | KPC-226 | KPC-57 | KPC-65 | KPC-72 | KPC-161 | KPC-103 | KPC-216 | KPC-101 | KPC-236 | KPC-113 | KPC-164 | KPC-54 | KPC-49 | KPC-118 | KPC-231 | KPC-71 | KPC-34 | KPC-233 | KPC-155 | KPC-205 | KPC-83 | KPC-90 | KPC-172 | KPC-100	carbapenem;cephalosporin;monobactam;penicillin beta-lactam	antibiotic inactivation	0.0	0.0	0.0	0.0	0.0	0.0	0.0	0.0	0.0	0.0	0.0	0.0	0.0	0.0	0.0	0.0	0.0	0.0	0.0	0.0	0.0	0.0	0.0	0.0	0.0	0.0	0.0	0.0	0.0	0.0	0.0	0.0	59313601.42	0.0	0.0	0.0
KPC beta-lactamase	multiple	KPC-137 | KPC-24 | KPC-85 | KPC-3 | KPC-42 | KPC-58 | KPC-9 | KPC-116 | KPC-49 | KPC-215 | KPC-184 | KPC-94 | KPC-50 | KPC-4 | KPC-124 | KPC-151 | KPC-6 | KPC-182 | KPC-197 | KPC-12 | KPC-231 | KPC-76 | KPC-145 | KPC-232 | KPC-27 | KPC-40 | KPC-60 | KPC-183 | KPC-107 | KPC-169 | KPC-54 | KPC-214 | KPC-26 | KPC-141 | KPC-104 | KPC-177 | KPC-53 | KPC-234 | KPC-105 | KPC-79 | KPC-33 | KPC-153 | KPC-230 | KPC-88 | KPC-45 | KPC-71 | KPC-224 | KPC-117 | KPC-18 | KPC-2 | KPC-188 | KPC-207 | KPC-15 | KPC-176 | KPC-78 | KPC-39 | KPC-55 | KPC-202 | KPC-168 | KPC-118 | KPC-17 | KPC-19 | KPC-132 | KPC-5 | KPC-213 | KPC-14 | KPC-131 | KPC-120 | KPC-142 | KPC-236 | KPC-47 | KPC-233 | KPC-242 | KPC-205 | KPC-175 | KPC-170 | KPC-140 | KPC-65 | KPC-75 | KPC-70 | KPC-201 | KPC-101 | KPC-73 | KPC-190 | KPC-74 | KPC-237 | KPC-193 | KPC-13 | KPC-171 | KPC-72 | KPC-216 | KPC-195 | KPC-43 | KPC-159 | KPC-204 | KPC-172 | KPC-28 | KPC-223 | KPC-92 | KPC-208 | KPC-93 | KPC-139 | KPC-178 | KPC-149 | KPC-166 | KPC-157 | KPC-240 | KPC-97 | KPC-152 | KPC-191 | KPC-56 | KPC-68 | KPC-100 | KPC-147 | KPC-206 | KPC-163 | KPC-90 | KPC-225 | KPC-179 | KPC-48 | KPC-135 | KPC-133 | KPC-115 | KPC-227 | KPC-62 | KPC-126 | KPC-196 | KPC-114 | KPC-8 | KPC-194 | KPC-134 | KPC-123 | KPC-218 | KPC-77 | KPC-130 | KPC-228 | KPC-238 | KPC-110 | KPC-136 | KPC-164 | KPC-102 | KPC-57 | KPC-187 | KPC-125 | KPC-106 | KPC-203 | KPC-34 | KPC-64 | KPC-189 | KPC-80 | KPC-86 | KPC-162 | KPC-165 | KPC-99 | KPC-212 | KPC-181 | KPC-185 | KPC-211 | KPC-21 | KPC-186 | KPC-180 | KPC-35 | KPC-167 | KPC-109 | KPC-59 | KPC-108 | KPC-192 | KPC-158 | KPC-32 | KPC-7 | KPC-241 | KPC-112 | KPC-239 | KPC-91 | KPC-10 | KPC-63 | KPC-83 | KPC-150 | KPC-146 | KPC-11 | KPC-128 | KPC-98 | KPC-36 | KPC-52 | KPC-138 | KPC-121 | KPC-143 | KPC-29 | KPC-87 | KPC-173 | KPC-38 | KPC-67 | KPC-89 | KPC-16 | KPC-31 | KPC-69 | KPC-103 | KPC-174 | KPC-82 | KPC-30 | KPC-160 | KPC-23 | KPC-217 | KPC-113 | KPC-37 | KPC-95 | KPC-51 | KPC-154 | KPC-111 | KPC-44 | KPC-148 | KPC-226 | KPC-81 | KPC-209 | KPC-66 | KPC-155 | KPC-119 | KPC-46 | KPC-122 | KPC-61 | KPC-129 | KPC-127 | KPC-84 | KPC-96 | KPC-22 | KPC-161 | KPC-144 | KPC-156 | KPC-25	carbapenem;cephalosporin;monobactam;penicillin beta-lactam	antibiotic inactivation	0.0	0.0	0.0	0.0	0.0	0.0	0.0	0.0	0.0	0.0	0.0	0.0	0.0	0.0	0.0	0.0	0.0	0.0	0.0	0.0	0.0	0.0	0.0	0.0	0.0	0.0	0.0	5346122.69	0.0	0.0	0.0	0.0	0.0	0.0	0.0	0.0
KPC beta-lactamase	multiple	KPC-139 | KPC-35 | KPC-100 | KPC-28 | KPC-25 | KPC-32 | KPC-77 | KPC-185 | KPC-69 | KPC-181 | KPC-52 | KPC-195 | KPC-29 | KPC-73 | KPC-104 | KPC-44 | KPC-75 | KPC-58 | KPC-128 | KPC-37 | KPC-236 | KPC-135 | KPC-160 | KPC-84 | KPC-45 | KPC-51 | KPC-86 | KPC-40 | KPC-145 | KPC-132 | KPC-206 | KPC-214 | KPC-190 | KPC-228 | KPC-91 | KPC-241 | KPC-218 | KPC-108 | KPC-227 | KPC-197 | KPC-237 | KPC-6 | KPC-79 | KPC-159 | KPC-136 | KPC-14 | KPC-172 | KPC-3 | KPC-158 | KPC-101 | KPC-49 | KPC-162 | KPC-26 | KPC-171 | KPC-140 | KPC-60 | KPC-85 | KPC-8 | KPC-179 | KPC-65 | KPC-23 | KPC-110 | KPC-217 | KPC-154 | KPC-88 | KPC-223 | KPC-21 | KPC-72 | KPC-142 | KPC-111 | KPC-31 | KPC-12 | KPC-153 | KPC-94 | KPC-231 | KPC-134 | KPC-81 | KPC-56 | KPC-15 | KPC-201 | KPC-47 | KPC-98 | KPC-116 | KPC-225 | KPC-182 | KPC-133 | KPC-147 | KPC-5 | KPC-7 | KPC-156 | KPC-59 | KPC-215 | KPC-82 | KPC-109 | KPC-233 | KPC-157 | KPC-11 | KPC-169 | KPC-93 | KPC-66 | KPC-70 | KPC-62 | KPC-209 | KPC-131 | KPC-230 | KPC-180 | KPC-42 | KPC-177 | KPC-83 | KPC-194 | KPC-113 | KPC-130 | KPC-33 | KPC-50 | KPC-78 | KPC-16 | KPC-55 | KPC-105 | KPC-163 | KPC-76 | KPC-90 | KPC-107 | KPC-67 | KPC-10 | KPC-146 | KPC-18 | KPC-202 | KPC-34 | KPC-189 | KPC-211 | KPC-123 | KPC-151 | KPC-124 | KPC-168 | KPC-216 | KPC-27 | KPC-242 | KPC-120 | KPC-103 | KPC-115 | KPC-240 | KPC-138 | KPC-212 | KPC-178 | KPC-213 | KPC-129 | KPC-97 | KPC-127 | KPC-193 | KPC-192 | KPC-19 | KPC-9 | KPC-30 | KPC-24 | KPC-155 | KPC-226 | KPC-238 | KPC-118 | KPC-186 | KPC-152 | KPC-173 | KPC-117 | KPC-39 | KPC-22 | KPC-174 | KPC-4 | KPC-239 | KPC-149 | KPC-184 | KPC-148 | KPC-234 | KPC-161 | KPC-143 | KPC-196 | KPC-61 | KPC-167 | KPC-166 | KPC-191 | KPC-106 | KPC-99 | KPC-141 | KPC-102 | KPC-68 | KPC-224 | KPC-165 | KPC-119 | KPC-89 | KPC-92 | KPC-188 | KPC-95 | KPC-38 | KPC-53 | KPC-205 | KPC-57 | KPC-170 | KPC-203 | KPC-80 | KPC-207 | KPC-112 | KPC-121 | KPC-175 | KPC-232 | KPC-204 | KPC-17 | KPC-164 | KPC-54 | KPC-126 | KPC-137 | KPC-150 | KPC-46 | KPC-36 | KPC-144 | KPC-125 | KPC-2 | KPC-13 | KPC-122 | KPC-96 | KPC-48 | KPC-87 | KPC-64 | KPC-208 | KPC-63 | KPC-71 | KPC-176 | KPC-187 | KPC-74 | KPC-43 | KPC-183 | KPC-114	carbapenem;cephalosporin;monobactam;penicillin beta-lactam	antibiotic inactivation	0.0	0.0	0.0	0.0	0.0	0.0	0.0	0.0	0.0	0.0	0.0	0.0	0.0	0.0	0.0	0.0	0.0	0.0	0.0	0.0	0.0	0.0	0.0	0.0	0.0	0.0	0.0	0.0	0.0	0.0	0.0	0.0	0.0	0.0	0.0	241549.74
KPC beta-lactamase	multiple	KPC-158 | KPC-197 | KPC-193 | KPC-141 | KPC-53 | KPC-58 | KPC-230 | KPC-191 | KPC-125 | KPC-31 | KPC-37 | KPC-224 | KPC-93 | KPC-79 | KPC-14 | KPC-73 | KPC-110 | KPC-96 | KPC-92 | KPC-67 | KPC-5 | KPC-12 | KPC-238 | KPC-105 | KPC-10 | KPC-63 | KPC-4 | KPC-119 | KPC-8 | KPC-6 | KPC-153 | KPC-202 | KPC-52 | KPC-118 | KPC-175 | KPC-107 | KPC-149 | KPC-120 | KPC-78 | KPC-165 | KPC-43 | KPC-83 | KPC-216 | KPC-240 | KPC-236 | KPC-161 | KPC-115 | KPC-28 | KPC-182 | KPC-209 | KPC-45 | KPC-95 | KPC-74 | KPC-135 | KPC-71 | KPC-162 | KPC-100 | KPC-64 | KPC-16 | KPC-94 | KPC-48 | KPC-212 | KPC-97 | KPC-213 | KPC-214 | KPC-167 | KPC-233 | KPC-242 | KPC-133 | KPC-196 | KPC-192 | KPC-163 | KPC-70 | KPC-18 | KPC-36 | KPC-155 | KPC-145 | KPC-228 | KPC-123 | KPC-234 | KPC-38 | KPC-116 | KPC-82 | KPC-173 | KPC-132 | KPC-126 | KPC-81 | KPC-65 | KPC-147 | KPC-25 | KPC-184 | KPC-204 | KPC-156 | KPC-140 | KPC-111 | KPC-86 | KPC-208 | KPC-189 | KPC-169 | KPC-88 | KPC-128 | KPC-211 | KPC-144 | KPC-30 | KPC-60 | KPC-80 | KPC-2 | KPC-117 | KPC-160 | KPC-34 | KPC-151 | KPC-72 | KPC-108 | KPC-178 | KPC-139 | KPC-131 | KPC-3 | KPC-40 | KPC-127 | KPC-62 | KPC-159 | KPC-91 | KPC-112 | KPC-188 | KPC-203 | KPC-137 | KPC-54 | KPC-101 | KPC-68 | KPC-143 | KPC-232 | KPC-201 | KPC-226 | KPC-84 | KPC-185 | KPC-129 | KPC-42 | KPC-69 | KPC-106 | KPC-27 | KPC-15 | KPC-181 | KPC-89 | KPC-205 | KPC-17 | KPC-75 | KPC-104 | KPC-218 | KPC-136 | KPC-61 | KPC-24 | KPC-225 | KPC-121 | KPC-215 | KPC-138 | KPC-168 | KPC-23 | KPC-55 | KPC-29 | KPC-7 | KPC-57 | KPC-113 | KPC-26 | KPC-32 | KPC-35 | KPC-102 | KPC-146 | KPC-87 | KPC-50 | KPC-194 | KPC-187 | KPC-56 | KPC-176 | KPC-142 | KPC-33 | KPC-49 | KPC-190 | KPC-122 | KPC-98 | KPC-19 | KPC-99 | KPC-51 | KPC-217 | KPC-207 | KPC-85 | KPC-166 | KPC-76 | KPC-237 | KPC-124 | KPC-148 | KPC-186 | KPC-150 | KPC-109 | KPC-47 | KPC-239 | KPC-90 | KPC-22 | KPC-223 | KPC-77 | KPC-177 | KPC-11 | KPC-241 | KPC-227 | KPC-134 | KPC-9 | KPC-13 | KPC-46 | KPC-172 | KPC-114 | KPC-21 | KPC-171 | KPC-130 | KPC-59 | KPC-44 | KPC-183 | KPC-179 | KPC-154 | KPC-174 | KPC-180 | KPC-103 | KPC-39 | KPC-195 | KPC-164 | KPC-66 | KPC-157 | KPC-152 | KPC-170 | KPC-231 | KPC-206	carbapenem;cephalosporin;monobactam;penicillin beta-lactam	antibiotic inactivation	0.0	0.0	0.0	0.0	0.0	0.0	0.0	0.0	0.0	0.0	0.0	0.0	0.0	0.0	0.0	0.0	0.0	120875.84	0.0	0.0	0.0	0.0	0.0	0.0	0.0	0.0	0.0	0.0	0.0	0.0	0.0	0.0	0.0	0.0	0.0	0.0
KPC beta-lactamase	multiple	KPC-161 | KPC-212 | KPC-139 | KPC-50 | KPC-141 | KPC-66 | KPC-29 | KPC-85 | KPC-79 | KPC-91 | KPC-33 | KPC-213 | KPC-145 | KPC-224 | KPC-78 | KPC-240 | KPC-106 | KPC-94 | KPC-233 | KPC-90 | KPC-56 | KPC-128 | KPC-188 | KPC-92 | KPC-203 | KPC-71 | KPC-228 | KPC-95 | KPC-5 | KPC-73 | KPC-118 | KPC-7 | KPC-104 | KPC-81 | KPC-31 | KPC-101 | KPC-55 | KPC-16 | KPC-147 | KPC-64 | KPC-112 | KPC-93 | KPC-114 | KPC-166 | KPC-6 | KPC-177 | KPC-89 | KPC-192 | KPC-209 | KPC-108 | KPC-206 | KPC-63 | KPC-26 | KPC-126 | KPC-144 | KPC-146 | KPC-156 | KPC-162 | KPC-110 | KPC-218 | KPC-11 | KPC-194 | KPC-49 | KPC-62 | KPC-36 | KPC-28 | KPC-15 | KPC-42 | KPC-23 | KPC-38 | KPC-232 | KPC-169 | KPC-82 | KPC-61 | KPC-19 | KPC-180 | KPC-67 | KPC-239 | KPC-59 | KPC-17 | KPC-155 | KPC-170 | KPC-135 | KPC-167 | KPC-96 | KPC-24 | KPC-115 | KPC-142 | KPC-184 | KPC-133 | KPC-211 | KPC-107 | KPC-103 | KPC-65 | KPC-123 | KPC-140 | KPC-14 | KPC-164 | KPC-189 | KPC-70 | KPC-183 | KPC-122 | KPC-21 | KPC-68 | KPC-214 | KPC-45 | KPC-119 | KPC-201 | KPC-109 | KPC-53 | KPC-8 | KPC-40 | KPC-179 | KPC-163 | KPC-34 | KPC-175 | KPC-116 | KPC-10 | KPC-18 | KPC-217 | KPC-35 | KPC-102 | KPC-223 | KPC-205 | KPC-136 | KPC-98 | KPC-86 | KPC-154 | KPC-165 | KPC-186 | KPC-2 | KPC-191 | KPC-113 | KPC-185 | KPC-100 | KPC-13 | KPC-172 | KPC-137 | KPC-237 | KPC-134 | KPC-158 | KPC-176 | KPC-149 | KPC-160 | KPC-121 | KPC-75 | KPC-37 | KPC-47 | KPC-99 | KPC-195 | KPC-130 | KPC-43 | KPC-57 | KPC-80 | KPC-12 | KPC-69 | KPC-227 | KPC-97 | KPC-236 | KPC-148 | KPC-25 | KPC-120 | KPC-127 | KPC-178 | KPC-216 | KPC-159 | KPC-168 | KPC-88 | KPC-202 | KPC-171 | KPC-27 | KPC-197 | KPC-124 | KPC-9 | KPC-193 | KPC-84 | KPC-143 | KPC-60 | KPC-3 | KPC-173 | KPC-241 | KPC-242 | KPC-207 | KPC-152 | KPC-76 | KPC-190 | KPC-44 | KPC-208 | KPC-132 | KPC-46 | KPC-196 | KPC-30 | KPC-51 | KPC-231 | KPC-131 | KPC-187 | KPC-181 | KPC-77 | KPC-22 | KPC-39 | KPC-125 | KPC-111 | KPC-72 | KPC-58 | KPC-174 | KPC-150 | KPC-32 | KPC-129 | KPC-153 | KPC-230 | KPC-225 | KPC-4 | KPC-52 | KPC-215 | KPC-204 | KPC-54 | KPC-48 | KPC-83 | KPC-157 | KPC-226 | KPC-151 | KPC-87 | KPC-234 | KPC-138 | KPC-238 | KPC-105 | KPC-182 | KPC-74 | KPC-117	carbapenem;cephalosporin;monobactam;penicillin beta-lactam	antibiotic inactivation	0.0	0.0	0.0	0.0	0.0	0.0	0.0	0.0	0.0	0.0	0.0	0.0	0.0	0.0	0.0	0.0	0.0	0.0	0.0	7402156.56	0.0	0.0	0.0	0.0	0.0	0.0	0.0	0.0	0.0	0.0	0.0	0.0	0.0	0.0	0.0	0.0
KPC beta-lactamase	multiple	KPC-170 | KPC-152 | KPC-5 | KPC-164 | KPC-65 | KPC-125 | KPC-57 | KPC-196 | KPC-17 | KPC-26 | KPC-106 | KPC-224 | KPC-34 | KPC-213 | KPC-97 | KPC-228 | KPC-99 | KPC-156 | KPC-241 | KPC-149 | KPC-167 | KPC-39 | KPC-3 | KPC-13 | KPC-49 | KPC-80 | KPC-148 | KPC-64 | KPC-67 | KPC-194 | KPC-109 | KPC-27 | KPC-43 | KPC-15 | KPC-76 | KPC-233 | KPC-155 | KPC-88 | KPC-121 | KPC-223 | KPC-77 | KPC-127 | KPC-61 | KPC-202 | KPC-47 | KPC-28 | KPC-50 | KPC-154 | KPC-124 | KPC-14 | KPC-72 | KPC-171 | KPC-139 | KPC-133 | KPC-94 | KPC-2 | KPC-85 | KPC-108 | KPC-195 | KPC-168 | KPC-240 | KPC-237 | KPC-115 | KPC-4 | KPC-212 | KPC-62 | KPC-166 | KPC-206 | KPC-45 | KPC-178 | KPC-186 | KPC-119 | KPC-174 | KPC-60 | KPC-70 | KPC-123 | KPC-23 | KPC-215 | KPC-177 | KPC-204 | KPC-225 | KPC-104 | KPC-128 | KPC-16 | KPC-102 | KPC-36 | KPC-185 | KPC-91 | KPC-31 | KPC-24 | KPC-54 | KPC-145 | KPC-197 | KPC-131 | KPC-207 | KPC-98 | KPC-179 | KPC-144 | KPC-218 | KPC-79 | KPC-18 | KPC-21 | KPC-136 | KPC-192 | KPC-48 | KPC-143 | KPC-38 | KPC-32 | KPC-146 | KPC-11 | KPC-63 | KPC-130 | KPC-238 | KPC-92 | KPC-132 | KPC-107 | KPC-90 | KPC-226 | KPC-147 | KPC-158 | KPC-172 | KPC-30 | KPC-12 | KPC-111 | KPC-33 | KPC-203 | KPC-46 | KPC-120 | KPC-153 | KPC-116 | KPC-138 | KPC-142 | KPC-53 | KPC-175 | KPC-180 | KPC-141 | KPC-234 | KPC-37 | KPC-100 | KPC-51 | KPC-159 | KPC-165 | KPC-110 | KPC-189 | KPC-68 | KPC-55 | KPC-137 | KPC-8 | KPC-101 | KPC-181 | KPC-217 | KPC-173 | KPC-10 | KPC-66 | KPC-191 | KPC-193 | KPC-231 | KPC-93 | KPC-42 | KPC-69 | KPC-205 | KPC-71 | KPC-86 | KPC-227 | KPC-35 | KPC-118 | KPC-232 | KPC-44 | KPC-19 | KPC-169 | KPC-40 | KPC-25 | KPC-163 | KPC-134 | KPC-103 | KPC-84 | KPC-236 | KPC-208 | KPC-73 | KPC-157 | KPC-29 | KPC-81 | KPC-82 | KPC-9 | KPC-52 | KPC-112 | KPC-75 | KPC-162 | KPC-129 | KPC-135 | KPC-114 | KPC-89 | KPC-230 | KPC-105 | KPC-126 | KPC-201 | KPC-211 | KPC-87 | KPC-95 | KPC-140 | KPC-176 | KPC-239 | KPC-7 | KPC-160 | KPC-183 | KPC-161 | KPC-113 | KPC-214 | KPC-83 | KPC-6 | KPC-151 | KPC-216 | KPC-187 | KPC-56 | KPC-184 | KPC-58 | KPC-117 | KPC-242 | KPC-59 | KPC-209 | KPC-78 | KPC-190 | KPC-96 | KPC-188 | KPC-122 | KPC-22 | KPC-74 | KPC-182 | KPC-150	carbapenem;cephalosporin;monobactam;penicillin beta-lactam	antibiotic inactivation	0.0	0.0	0.0	0.0	0.0	0.0	0.0	0.0	0.0	0.0	0.0	0.0	0.0	0.0	0.0	0.0	0.0	0.0	0.0	0.0	0.0	0.0	1444924.97	0.0	0.0	0.0	0.0	0.0	0.0	0.0	0.0	0.0	0.0	0.0	0.0	0.0
KPC beta-lactamase	multiple	KPC-180 | KPC-122 | KPC-183 | KPC-138 | KPC-28 | KPC-217 | KPC-119 | KPC-223 | KPC-93 | KPC-127 | KPC-204 | KPC-147 | KPC-231 | KPC-61 | KPC-108 | KPC-54 | KPC-55 | KPC-103 | KPC-154 | KPC-149 | KPC-186 | KPC-130 | KPC-117 | KPC-59 | KPC-128 | KPC-212 | KPC-98 | KPC-82 | KPC-4 | KPC-37 | KPC-156 | KPC-170 | KPC-102 | KPC-129 | KPC-194 | KPC-241 | KPC-62 | KPC-191 | KPC-140 | KPC-228 | KPC-68 | KPC-143 | KPC-171 | KPC-64 | KPC-36 | KPC-8 | KPC-73 | KPC-144 | KPC-60 | KPC-23 | KPC-111 | KPC-118 | KPC-195 | KPC-9 | KPC-125 | KPC-190 | KPC-101 | KPC-203 | KPC-240 | KPC-97 | KPC-81 | KPC-163 | KPC-177 | KPC-26 | KPC-161 | KPC-49 | KPC-14 | KPC-43 | KPC-174 | KPC-99 | KPC-67 | KPC-5 | KPC-95 | KPC-86 | KPC-178 | KPC-112 | KPC-185 | KPC-94 | KPC-187 | KPC-175 | KPC-169 | KPC-148 | KPC-160 | KPC-173 | KPC-3 | KPC-134 | KPC-85 | KPC-21 | KPC-42 | KPC-72 | KPC-25 | KPC-155 | KPC-233 | KPC-135 | KPC-131 | KPC-35 | KPC-225 | KPC-17 | KPC-182 | KPC-215 | KPC-66 | KPC-234 | KPC-45 | KPC-10 | KPC-104 | KPC-58 | KPC-196 | KPC-18 | KPC-100 | KPC-124 | KPC-164 | KPC-201 | KPC-57 | KPC-91 | KPC-179 | KPC-92 | KPC-24 | KPC-114 | KPC-202 | KPC-40 | KPC-87 | KPC-150 | KPC-69 | KPC-11 | KPC-236 | KPC-126 | KPC-214 | KPC-33 | KPC-2 | KPC-7 | KPC-218 | KPC-44 | KPC-116 | KPC-145 | KPC-157 | KPC-30 | KPC-27 | KPC-76 | KPC-133 | KPC-52 | KPC-137 | KPC-46 | KPC-151 | KPC-167 | KPC-227 | KPC-159 | KPC-113 | KPC-65 | KPC-88 | KPC-162 | KPC-75 | KPC-172 | KPC-16 | KPC-123 | KPC-29 | KPC-238 | KPC-205 | KPC-168 | KPC-63 | KPC-105 | KPC-106 | KPC-146 | KPC-226 | KPC-6 | KPC-166 | KPC-207 | KPC-184 | KPC-193 | KPC-77 | KPC-56 | KPC-181 | KPC-216 | KPC-80 | KPC-142 | KPC-31 | KPC-39 | KPC-188 | KPC-211 | KPC-15 | KPC-158 | KPC-109 | KPC-165 | KPC-153 | KPC-70 | KPC-141 | KPC-90 | KPC-213 | KPC-176 | KPC-206 | KPC-224 | KPC-22 | KPC-230 | KPC-237 | KPC-120 | KPC-136 | KPC-152 | KPC-232 | KPC-115 | KPC-79 | KPC-208 | KPC-192 | KPC-132 | KPC-13 | KPC-48 | KPC-84 | KPC-51 | KPC-12 | KPC-47 | KPC-78 | KPC-32 | KPC-34 | KPC-83 | KPC-110 | KPC-71 | KPC-121 | KPC-89 | KPC-96 | KPC-38 | KPC-239 | KPC-189 | KPC-53 | KPC-74 | KPC-197 | KPC-209 | KPC-242 | KPC-139 | KPC-19 | KPC-107 | KPC-50	carbapenem;cephalosporin;monobactam;penicillin beta-lactam	antibiotic inactivation	0.0	0.0	0.0	0.0	24579601.41	0.0	0.0	0.0	0.0	0.0	0.0	0.0	0.0	0.0	0.0	0.0	0.0	0.0	0.0	0.0	0.0	0.0	0.0	0.0	0.0	0.0	0.0	0.0	0.0	0.0	0.0	0.0	0.0	0.0	0.0	0.0
KPC beta-lactamase	multiple	KPC-181 | KPC-62 | KPC-108 | KPC-45 | KPC-97 | KPC-56 | KPC-234 | KPC-52 | KPC-186 | KPC-58 | KPC-171 | KPC-81 | KPC-139 | KPC-5 | KPC-85 | KPC-39 | KPC-178 | KPC-32 | KPC-194 | KPC-107 | KPC-44 | KPC-164 | KPC-88 | KPC-95 | KPC-206 | KPC-3 | KPC-22 | KPC-65 | KPC-201 | KPC-112 | KPC-190 | KPC-57 | KPC-215 | KPC-227 | KPC-191 | KPC-180 | KPC-208 | KPC-187 | KPC-120 | KPC-143 | KPC-195 | KPC-106 | KPC-37 | KPC-46 | KPC-202 | KPC-67 | KPC-130 | KPC-138 | KPC-114 | KPC-237 | KPC-133 | KPC-173 | KPC-11 | KPC-80 | KPC-122 | KPC-168 | KPC-175 | KPC-196 | KPC-14 | KPC-75 | KPC-30 | KPC-96 | KPC-7 | KPC-118 | KPC-54 | KPC-128 | KPC-203 | KPC-240 | KPC-84 | KPC-113 | KPC-165 | KPC-127 | KPC-38 | KPC-61 | KPC-24 | KPC-99 | KPC-207 | KPC-239 | KPC-228 | KPC-70 | KPC-93 | KPC-33 | KPC-172 | KPC-43 | KPC-35 | KPC-31 | KPC-162 | KPC-170 | KPC-216 | KPC-152 | KPC-137 | KPC-4 | KPC-25 | KPC-146 | KPC-50 | KPC-205 | KPC-86 | KPC-29 | KPC-89 | KPC-111 | KPC-209 | KPC-83 | KPC-166 | KPC-145 | KPC-204 | KPC-91 | KPC-72 | KPC-132 | KPC-123 | KPC-74 | KPC-34 | KPC-51 | KPC-160 | KPC-141 | KPC-167 | KPC-42 | KPC-134 | KPC-82 | KPC-184 | KPC-76 | KPC-78 | KPC-17 | KPC-104 | KPC-9 | KPC-126 | KPC-163 | KPC-102 | KPC-27 | KPC-116 | KPC-154 | KPC-156 | KPC-135 | KPC-77 | KPC-159 | KPC-197 | KPC-53 | KPC-232 | KPC-21 | KPC-12 | KPC-49 | KPC-18 | KPC-176 | KPC-115 | KPC-60 | KPC-121 | KPC-10 | KPC-158 | KPC-230 | KPC-177 | KPC-15 | KPC-47 | KPC-94 | KPC-233 | KPC-100 | KPC-225 | KPC-192 | KPC-231 | KPC-16 | KPC-151 | KPC-90 | KPC-241 | KPC-48 | KPC-185 | KPC-188 | KPC-144 | KPC-13 | KPC-105 | KPC-148 | KPC-63 | KPC-223 | KPC-117 | KPC-189 | KPC-238 | KPC-169 | KPC-40 | KPC-136 | KPC-103 | KPC-109 | KPC-119 | KPC-147 | KPC-236 | KPC-193 | KPC-140 | KPC-214 | KPC-125 | KPC-64 | KPC-226 | KPC-161 | KPC-8 | KPC-6 | KPC-155 | KPC-73 | KPC-87 | KPC-92 | KPC-142 | KPC-59 | KPC-55 | KPC-28 | KPC-153 | KPC-98 | KPC-183 | KPC-69 | KPC-71 | KPC-26 | KPC-79 | KPC-23 | KPC-131 | KPC-182 | KPC-157 | KPC-212 | KPC-110 | KPC-124 | KPC-68 | KPC-101 | KPC-217 | KPC-66 | KPC-150 | KPC-129 | KPC-19 | KPC-211 | KPC-36 | KPC-174 | KPC-2 | KPC-218 | KPC-242 | KPC-224 | KPC-149 | KPC-179 | KPC-213	carbapenem;cephalosporin;monobactam;penicillin beta-lactam	antibiotic inactivation	0.0	0.0	0.0	0.0	0.0	0.0	0.0	0.0	0.0	0.0	0.0	0.0	0.0	0.0	0.0	0.0	0.0	0.0	0.0	0.0	0.0	0.0	0.0	0.0	0.0	0.0	0.0	0.0	0.0	0.0	0.0	0.0	0.0	46725016.23	0.0	0.0
KPC beta-lactamase	multiple	KPC-189 | KPC-88 | KPC-9 | KPC-70 | KPC-82 | KPC-207 | KPC-36 | KPC-81 | KPC-180 | KPC-127 | KPC-237 | KPC-193 | KPC-65 | KPC-110 | KPC-233 | KPC-143 | KPC-111 | KPC-181 | KPC-64 | KPC-113 | KPC-230 | KPC-45 | KPC-203 | KPC-224 | KPC-2 | KPC-105 | KPC-238 | KPC-112 | KPC-26 | KPC-158 | KPC-209 | KPC-119 | KPC-130 | KPC-24 | KPC-234 | KPC-177 | KPC-13 | KPC-47 | KPC-118 | KPC-5 | KPC-62 | KPC-195 | KPC-216 | KPC-86 | KPC-170 | KPC-109 | KPC-35 | KPC-84 | KPC-137 | KPC-231 | KPC-66 | KPC-202 | KPC-167 | KPC-15 | KPC-168 | KPC-108 | KPC-134 | KPC-242 | KPC-185 | KPC-188 | KPC-61 | KPC-161 | KPC-225 | KPC-29 | KPC-124 | KPC-144 | KPC-60 | KPC-99 | KPC-182 | KPC-97 | KPC-205 | KPC-227 | KPC-155 | KPC-208 | KPC-160 | KPC-17 | KPC-194 | KPC-240 | KPC-85 | KPC-103 | KPC-14 | KPC-141 | KPC-184 | KPC-154 | KPC-172 | KPC-142 | KPC-80 | KPC-52 | KPC-129 | KPC-211 | KPC-159 | KPC-59 | KPC-46 | KPC-72 | KPC-126 | KPC-223 | KPC-197 | KPC-74 | KPC-48 | KPC-164 | KPC-89 | KPC-21 | KPC-39 | KPC-190 | KPC-57 | KPC-136 | KPC-94 | KPC-107 | KPC-128 | KPC-54 | KPC-166 | KPC-58 | KPC-145 | KPC-90 | KPC-116 | KPC-8 | KPC-213 | KPC-56 | KPC-217 | KPC-122 | KPC-27 | KPC-157 | KPC-73 | KPC-191 | KPC-156 | KPC-30 | KPC-139 | KPC-7 | KPC-33 | KPC-171 | KPC-37 | KPC-153 | KPC-179 | KPC-49 | KPC-174 | KPC-146 | KPC-18 | KPC-114 | KPC-226 | KPC-87 | KPC-92 | KPC-31 | KPC-152 | KPC-67 | KPC-206 | KPC-38 | KPC-69 | KPC-121 | KPC-25 | KPC-106 | KPC-22 | KPC-212 | KPC-148 | KPC-115 | KPC-11 | KPC-218 | KPC-178 | KPC-104 | KPC-192 | KPC-43 | KPC-68 | KPC-140 | KPC-186 | KPC-42 | KPC-163 | KPC-101 | KPC-50 | KPC-4 | KPC-151 | KPC-162 | KPC-16 | KPC-228 | KPC-133 | KPC-138 | KPC-76 | KPC-53 | KPC-79 | KPC-236 | KPC-96 | KPC-135 | KPC-102 | KPC-100 | KPC-34 | KPC-75 | KPC-19 | KPC-83 | KPC-28 | KPC-204 | KPC-44 | KPC-32 | KPC-40 | KPC-183 | KPC-176 | KPC-232 | KPC-98 | KPC-196 | KPC-77 | KPC-173 | KPC-175 | KPC-125 | KPC-165 | KPC-3 | KPC-214 | KPC-55 | KPC-132 | KPC-201 | KPC-131 | KPC-120 | KPC-169 | KPC-123 | KPC-6 | KPC-241 | KPC-150 | KPC-147 | KPC-117 | KPC-63 | KPC-78 | KPC-215 | KPC-10 | KPC-71 | KPC-91 | KPC-239 | KPC-187 | KPC-95 | KPC-93 | KPC-149 | KPC-23 | KPC-12 | KPC-51	carbapenem;cephalosporin;monobactam;penicillin beta-lactam	antibiotic inactivation	0.0	0.0	0.0	0.0	0.0	0.0	0.0	0.0	1312656.17	0.0	0.0	0.0	0.0	0.0	0.0	0.0	0.0	0.0	0.0	0.0	0.0	0.0	0.0	0.0	0.0	0.0	0.0	0.0	0.0	0.0	0.0	0.0	0.0	0.0	0.0	0.0
KPC beta-lactamase	multiple	KPC-192 | KPC-161 | KPC-127 | KPC-158 | KPC-31 | KPC-223 | KPC-30 | KPC-17 | KPC-70 | KPC-67 | KPC-172 | KPC-35 | KPC-96 | KPC-237 | KPC-94 | KPC-156 | KPC-131 | KPC-56 | KPC-9 | KPC-44 | KPC-217 | KPC-177 | KPC-105 | KPC-84 | KPC-47 | KPC-121 | KPC-183 | KPC-99 | KPC-179 | KPC-147 | KPC-215 | KPC-16 | KPC-241 | KPC-48 | KPC-100 | KPC-102 | KPC-119 | KPC-81 | KPC-162 | KPC-27 | KPC-195 | KPC-168 | KPC-208 | KPC-152 | KPC-53 | KPC-85 | KPC-52 | KPC-79 | KPC-150 | KPC-231 | KPC-174 | KPC-129 | KPC-239 | KPC-142 | KPC-189 | KPC-153 | KPC-115 | KPC-72 | KPC-110 | KPC-130 | KPC-76 | KPC-89 | KPC-109 | KPC-211 | KPC-28 | KPC-2 | KPC-29 | KPC-118 | KPC-77 | KPC-75 | KPC-144 | KPC-180 | KPC-145 | KPC-238 | KPC-225 | KPC-12 | KPC-134 | KPC-137 | KPC-114 | KPC-65 | KPC-146 | KPC-117 | KPC-213 | KPC-64 | KPC-169 | KPC-173 | KPC-132 | KPC-104 | KPC-141 | KPC-43 | KPC-62 | KPC-87 | KPC-194 | KPC-4 | KPC-178 | KPC-175 | KPC-151 | KPC-163 | KPC-154 | KPC-78 | KPC-203 | KPC-233 | KPC-86 | KPC-187 | KPC-58 | KPC-214 | KPC-164 | KPC-98 | KPC-166 | KPC-184 | KPC-22 | KPC-57 | KPC-95 | KPC-93 | KPC-14 | KPC-197 | KPC-160 | KPC-88 | KPC-73 | KPC-97 | KPC-13 | KPC-38 | KPC-112 | KPC-113 | KPC-11 | KPC-201 | KPC-82 | KPC-19 | KPC-230 | KPC-227 | KPC-59 | KPC-49 | KPC-234 | KPC-216 | KPC-39 | KPC-26 | KPC-34 | KPC-188 | KPC-54 | KPC-80 | KPC-55 | KPC-120 | KPC-226 | KPC-116 | KPC-204 | KPC-103 | KPC-232 | KPC-7 | KPC-185 | KPC-24 | KPC-50 | KPC-193 | KPC-136 | KPC-224 | KPC-66 | KPC-133 | KPC-228 | KPC-74 | KPC-90 | KPC-61 | KPC-140 | KPC-122 | KPC-8 | KPC-3 | KPC-106 | KPC-51 | KPC-240 | KPC-25 | KPC-124 | KPC-68 | KPC-71 | KPC-159 | KPC-171 | KPC-170 | KPC-111 | KPC-60 | KPC-196 | KPC-218 | KPC-191 | KPC-149 | KPC-23 | KPC-155 | KPC-45 | KPC-83 | KPC-6 | KPC-63 | KPC-107 | KPC-138 | KPC-36 | KPC-167 | KPC-181 | KPC-207 | KPC-46 | KPC-32 | KPC-176 | KPC-182 | KPC-212 | KPC-143 | KPC-42 | KPC-21 | KPC-108 | KPC-209 | KPC-157 | KPC-10 | KPC-135 | KPC-206 | KPC-242 | KPC-190 | KPC-37 | KPC-91 | KPC-18 | KPC-202 | KPC-139 | KPC-148 | KPC-205 | KPC-15 | KPC-33 | KPC-101 | KPC-40 | KPC-123 | KPC-128 | KPC-92 | KPC-69 | KPC-126 | KPC-5 | KPC-165 | KPC-125 | KPC-236 | KPC-186	carbapenem;cephalosporin;monobactam;penicillin beta-lactam	antibiotic inactivation	0.0	0.0	0.0	0.0	0.0	27042242.19	0.0	0.0	0.0	0.0	0.0	0.0	0.0	0.0	0.0	0.0	0.0	0.0	0.0	0.0	0.0	0.0	0.0	0.0	0.0	0.0	0.0	0.0	0.0	0.0	0.0	0.0	0.0	0.0	0.0	0.0
KPC beta-lactamase	multiple	KPC-201 | KPC-6 | KPC-108 | KPC-192 | KPC-125 | KPC-120 | KPC-153 | KPC-206 | KPC-170 | KPC-239 | KPC-132 | KPC-179 | KPC-215 | KPC-204 | KPC-121 | KPC-145 | KPC-52 | KPC-181 | KPC-205 | KPC-171 | KPC-40 | KPC-177 | KPC-2 | KPC-195 | KPC-241 | KPC-114 | KPC-227 | KPC-55 | KPC-29 | KPC-150 | KPC-25 | KPC-113 | KPC-162 | KPC-9 | KPC-28 | KPC-185 | KPC-71 | KPC-43 | KPC-109 | KPC-209 | KPC-122 | KPC-130 | KPC-50 | KPC-124 | KPC-128 | KPC-24 | KPC-234 | KPC-117 | KPC-74 | KPC-105 | KPC-91 | KPC-69 | KPC-39 | KPC-141 | KPC-77 | KPC-225 | KPC-118 | KPC-154 | KPC-140 | KPC-64 | KPC-186 | KPC-143 | KPC-151 | KPC-188 | KPC-42 | KPC-75 | KPC-107 | KPC-175 | KPC-37 | KPC-228 | KPC-34 | KPC-93 | KPC-169 | KPC-18 | KPC-115 | KPC-231 | KPC-160 | KPC-47 | KPC-54 | KPC-35 | KPC-134 | KPC-138 | KPC-139 | KPC-83 | KPC-62 | KPC-190 | KPC-211 | KPC-7 | KPC-104 | KPC-81 | KPC-212 | KPC-99 | KPC-242 | KPC-57 | KPC-187 | KPC-70 | KPC-31 | KPC-136 | KPC-102 | KPC-224 | KPC-14 | KPC-217 | KPC-197 | KPC-237 | KPC-116 | KPC-147 | KPC-135 | KPC-8 | KPC-10 | KPC-182 | KPC-59 | KPC-214 | KPC-73 | KPC-67 | KPC-33 | KPC-63 | KPC-168 | KPC-233 | KPC-98 | KPC-65 | KPC-203 | KPC-88 | KPC-110 | KPC-68 | KPC-172 | KPC-240 | KPC-38 | KPC-79 | KPC-189 | KPC-3 | KPC-11 | KPC-60 | KPC-30 | KPC-61 | KPC-19 | KPC-152 | KPC-148 | KPC-86 | KPC-144 | KPC-208 | KPC-149 | KPC-84 | KPC-97 | KPC-53 | KPC-17 | KPC-82 | KPC-218 | KPC-45 | KPC-129 | KPC-193 | KPC-146 | KPC-4 | KPC-213 | KPC-178 | KPC-232 | KPC-156 | KPC-46 | KPC-16 | KPC-167 | KPC-176 | KPC-13 | KPC-194 | KPC-238 | KPC-101 | KPC-44 | KPC-106 | KPC-223 | KPC-161 | KPC-159 | KPC-202 | KPC-166 | KPC-66 | KPC-12 | KPC-137 | KPC-96 | KPC-174 | KPC-15 | KPC-58 | KPC-49 | KPC-142 | KPC-126 | KPC-230 | KPC-80 | KPC-5 | KPC-119 | KPC-111 | KPC-56 | KPC-163 | KPC-155 | KPC-94 | KPC-165 | KPC-95 | KPC-123 | KPC-127 | KPC-32 | KPC-207 | KPC-226 | KPC-157 | KPC-72 | KPC-236 | KPC-103 | KPC-27 | KPC-196 | KPC-180 | KPC-216 | KPC-22 | KPC-112 | KPC-131 | KPC-36 | KPC-89 | KPC-76 | KPC-87 | KPC-191 | KPC-51 | KPC-183 | KPC-158 | KPC-48 | KPC-184 | KPC-85 | KPC-173 | KPC-90 | KPC-23 | KPC-164 | KPC-21 | KPC-100 | KPC-78 | KPC-26 | KPC-133 | KPC-92	carbapenem;cephalosporin;monobactam;penicillin beta-lactam	antibiotic inactivation	10874722.48	0.0	0.0	0.0	0.0	0.0	0.0	0.0	0.0	0.0	0.0	0.0	0.0	0.0	0.0	0.0	0.0	0.0	0.0	0.0	0.0	0.0	0.0	0.0	0.0	0.0	0.0	0.0	0.0	0.0	0.0	0.0	0.0	0.0	0.0	0.0
KPC beta-lactamase	multiple	KPC-232 | KPC-211 | KPC-79 | KPC-32 | KPC-42 | KPC-177 | KPC-50 | KPC-92 | KPC-172 | KPC-189 | KPC-186 | KPC-226 | KPC-216 | KPC-18 | KPC-91 | KPC-82 | KPC-146 | KPC-205 | KPC-202 | KPC-116 | KPC-61 | KPC-63 | KPC-24 | KPC-111 | KPC-12 | KPC-153 | KPC-58 | KPC-36 | KPC-66 | KPC-84 | KPC-242 | KPC-103 | KPC-27 | KPC-241 | KPC-45 | KPC-117 | KPC-11 | KPC-223 | KPC-114 | KPC-228 | KPC-6 | KPC-110 | KPC-185 | KPC-188 | KPC-144 | KPC-224 | KPC-196 | KPC-233 | KPC-157 | KPC-154 | KPC-187 | KPC-31 | KPC-141 | KPC-134 | KPC-138 | KPC-140 | KPC-182 | KPC-236 | KPC-139 | KPC-163 | KPC-7 | KPC-55 | KPC-136 | KPC-29 | KPC-95 | KPC-44 | KPC-115 | KPC-215 | KPC-201 | KPC-49 | KPC-227 | KPC-85 | KPC-178 | KPC-195 | KPC-19 | KPC-133 | KPC-4 | KPC-100 | KPC-81 | KPC-90 | KPC-99 | KPC-109 | KPC-14 | KPC-105 | KPC-62 | KPC-40 | KPC-88 | KPC-180 | KPC-176 | KPC-240 | KPC-125 | KPC-149 | KPC-230 | KPC-73 | KPC-159 | KPC-33 | KPC-108 | KPC-225 | KPC-56 | KPC-234 | KPC-214 | KPC-48 | KPC-161 | KPC-212 | KPC-217 | KPC-167 | KPC-30 | KPC-192 | KPC-181 | KPC-122 | KPC-2 | KPC-158 | KPC-143 | KPC-137 | KPC-104 | KPC-35 | KPC-197 | KPC-76 | KPC-89 | KPC-60 | KPC-15 | KPC-238 | KPC-3 | KPC-148 | KPC-107 | KPC-106 | KPC-208 | KPC-135 | KPC-190 | KPC-123 | KPC-70 | KPC-147 | KPC-10 | KPC-23 | KPC-173 | KPC-72 | KPC-97 | KPC-53 | KPC-34 | KPC-101 | KPC-83 | KPC-207 | KPC-21 | KPC-203 | KPC-54 | KPC-39 | KPC-51 | KPC-168 | KPC-86 | KPC-80 | KPC-75 | KPC-165 | KPC-169 | KPC-131 | KPC-17 | KPC-9 | KPC-166 | KPC-174 | KPC-183 | KPC-65 | KPC-237 | KPC-204 | KPC-132 | KPC-124 | KPC-145 | KPC-38 | KPC-160 | KPC-57 | KPC-52 | KPC-46 | KPC-150 | KPC-13 | KPC-209 | KPC-239 | KPC-184 | KPC-78 | KPC-26 | KPC-156 | KPC-112 | KPC-16 | KPC-64 | KPC-127 | KPC-74 | KPC-25 | KPC-119 | KPC-151 | KPC-5 | KPC-69 | KPC-206 | KPC-120 | KPC-179 | KPC-130 | KPC-94 | KPC-231 | KPC-93 | KPC-37 | KPC-128 | KPC-171 | KPC-113 | KPC-98 | KPC-218 | KPC-142 | KPC-68 | KPC-129 | KPC-96 | KPC-155 | KPC-8 | KPC-194 | KPC-164 | KPC-126 | KPC-213 | KPC-152 | KPC-71 | KPC-162 | KPC-118 | KPC-22 | KPC-191 | KPC-59 | KPC-175 | KPC-170 | KPC-43 | KPC-102 | KPC-87 | KPC-47 | KPC-67 | KPC-121 | KPC-77 | KPC-193 | KPC-28	carbapenem;cephalosporin;monobactam;penicillin beta-lactam	antibiotic inactivation	0.0	0.0	0.0	0.0	0.0	0.0	0.0	0.0	0.0	0.0	0.0	0.0	23489409.06	0.0	0.0	0.0	0.0	0.0	0.0	0.0	0.0	0.0	0.0	0.0	0.0	0.0	0.0	0.0	0.0	0.0	0.0	0.0	0.0	0.0	0.0	0.0
KPC beta-lactamase	multiple	KPC-240 | KPC-81 | KPC-196 | KPC-84 | KPC-165 | KPC-132 | KPC-209 | KPC-166 | KPC-107 | KPC-64 | KPC-204 | KPC-75 | KPC-242 | KPC-156 | KPC-238 | KPC-134 | KPC-131 | KPC-127 | KPC-178 | KPC-230 | KPC-147 | KPC-35 | KPC-223 | KPC-187 | KPC-48 | KPC-15 | KPC-24 | KPC-88 | KPC-176 | KPC-74 | KPC-122 | KPC-216 | KPC-115 | KPC-22 | KPC-70 | KPC-19 | KPC-49 | KPC-164 | KPC-148 | KPC-58 | KPC-91 | KPC-29 | KPC-162 | KPC-234 | KPC-117 | KPC-154 | KPC-168 | KPC-32 | KPC-119 | KPC-239 | KPC-129 | KPC-31 | KPC-110 | KPC-188 | KPC-180 | KPC-217 | KPC-108 | KPC-73 | KPC-208 | KPC-130 | KPC-37 | KPC-71 | KPC-104 | KPC-57 | KPC-194 | KPC-4 | KPC-87 | KPC-218 | KPC-143 | KPC-182 | KPC-141 | KPC-63 | KPC-149 | KPC-111 | KPC-44 | KPC-113 | KPC-69 | KPC-109 | KPC-50 | KPC-193 | KPC-135 | KPC-212 | KPC-172 | KPC-14 | KPC-116 | KPC-213 | KPC-214 | KPC-159 | KPC-179 | KPC-120 | KPC-236 | KPC-95 | KPC-7 | KPC-105 | KPC-183 | KPC-185 | KPC-55 | KPC-98 | KPC-54 | KPC-160 | KPC-203 | KPC-231 | KPC-83 | KPC-5 | KPC-201 | KPC-77 | KPC-207 | KPC-3 | KPC-59 | KPC-100 | KPC-6 | KPC-146 | KPC-103 | KPC-40 | KPC-192 | KPC-10 | KPC-170 | KPC-56 | KPC-161 | KPC-163 | KPC-202 | KPC-93 | KPC-118 | KPC-90 | KPC-241 | KPC-215 | KPC-13 | KPC-38 | KPC-12 | KPC-68 | KPC-173 | KPC-106 | KPC-112 | KPC-16 | KPC-97 | KPC-167 | KPC-184 | KPC-150 | KPC-96 | KPC-157 | KPC-72 | KPC-61 | KPC-206 | KPC-86 | KPC-66 | KPC-237 | KPC-47 | KPC-26 | KPC-228 | KPC-155 | KPC-181 | KPC-78 | KPC-101 | KPC-65 | KPC-2 | KPC-174 | KPC-79 | KPC-136 | KPC-233 | KPC-126 | KPC-175 | KPC-190 | KPC-8 | KPC-128 | KPC-177 | KPC-171 | KPC-52 | KPC-43 | KPC-30 | KPC-158 | KPC-25 | KPC-21 | KPC-226 | KPC-140 | KPC-36 | KPC-195 | KPC-62 | KPC-46 | KPC-94 | KPC-137 | KPC-145 | KPC-124 | KPC-27 | KPC-33 | KPC-89 | KPC-121 | KPC-224 | KPC-76 | KPC-211 | KPC-133 | KPC-186 | KPC-123 | KPC-142 | KPC-152 | KPC-17 | KPC-225 | KPC-153 | KPC-60 | KPC-11 | KPC-138 | KPC-45 | KPC-99 | KPC-28 | KPC-53 | KPC-102 | KPC-169 | KPC-191 | KPC-23 | KPC-42 | KPC-125 | KPC-114 | KPC-205 | KPC-232 | KPC-39 | KPC-80 | KPC-67 | KPC-197 | KPC-189 | KPC-82 | KPC-151 | KPC-139 | KPC-9 | KPC-85 | KPC-92 | KPC-227 | KPC-18 | KPC-34 | KPC-144 | KPC-51	carbapenem;cephalosporin;monobactam;penicillin beta-lactam	antibiotic inactivation	0.0	0.0	0.0	0.0	0.0	0.0	152019092.57	0.0	0.0	0.0	0.0	0.0	0.0	0.0	0.0	0.0	0.0	0.0	0.0	0.0	0.0	0.0	0.0	0.0	0.0	0.0	0.0	0.0	0.0	0.0	0.0	0.0	0.0	0.0	0.0	0.0
KPC beta-lactamase	multiple	KPC-34 | KPC-144 | KPC-119 | KPC-213 | KPC-53 | KPC-160 | KPC-183 | KPC-88 | KPC-4 | KPC-237 | KPC-124 | KPC-129 | KPC-161 | KPC-113 | KPC-211 | KPC-230 | KPC-150 | KPC-89 | KPC-75 | KPC-206 | KPC-76 | KPC-187 | KPC-136 | KPC-50 | KPC-227 | KPC-109 | KPC-140 | KPC-231 | KPC-155 | KPC-111 | KPC-171 | KPC-125 | KPC-107 | KPC-191 | KPC-196 | KPC-90 | KPC-138 | KPC-151 | KPC-240 | KPC-127 | KPC-42 | KPC-16 | KPC-43 | KPC-186 | KPC-97 | KPC-14 | KPC-214 | KPC-3 | KPC-142 | KPC-54 | KPC-38 | KPC-165 | KPC-87 | KPC-70 | KPC-184 | KPC-5 | KPC-204 | KPC-27 | KPC-106 | KPC-122 | KPC-93 | KPC-178 | KPC-44 | KPC-31 | KPC-17 | KPC-72 | KPC-194 | KPC-28 | KPC-64 | KPC-115 | KPC-9 | KPC-102 | KPC-217 | KPC-58 | KPC-189 | KPC-100 | KPC-23 | KPC-47 | KPC-207 | KPC-166 | KPC-39 | KPC-156 | KPC-170 | KPC-234 | KPC-177 | KPC-143 | KPC-99 | KPC-242 | KPC-216 | KPC-92 | KPC-146 | KPC-139 | KPC-153 | KPC-37 | KPC-238 | KPC-233 | KPC-108 | KPC-103 | KPC-65 | KPC-15 | KPC-63 | KPC-25 | KPC-52 | KPC-123 | KPC-10 | KPC-82 | KPC-48 | KPC-19 | KPC-154 | KPC-152 | KPC-61 | KPC-45 | KPC-95 | KPC-40 | KPC-69 | KPC-29 | KPC-209 | KPC-181 | KPC-67 | KPC-51 | KPC-176 | KPC-11 | KPC-78 | KPC-201 | KPC-77 | KPC-55 | KPC-94 | KPC-105 | KPC-134 | KPC-224 | KPC-148 | KPC-228 | KPC-91 | KPC-71 | KPC-57 | KPC-26 | KPC-188 | KPC-169 | KPC-56 | KPC-180 | KPC-173 | KPC-62 | KPC-8 | KPC-32 | KPC-104 | KPC-33 | KPC-84 | KPC-145 | KPC-18 | KPC-96 | KPC-205 | KPC-203 | KPC-22 | KPC-110 | KPC-141 | KPC-133 | KPC-175 | KPC-49 | KPC-157 | KPC-195 | KPC-112 | KPC-59 | KPC-164 | KPC-218 | KPC-121 | KPC-83 | KPC-168 | KPC-232 | KPC-172 | KPC-131 | KPC-7 | KPC-6 | KPC-158 | KPC-174 | KPC-80 | KPC-35 | KPC-128 | KPC-24 | KPC-79 | KPC-163 | KPC-101 | KPC-12 | KPC-202 | KPC-73 | KPC-149 | KPC-135 | KPC-225 | KPC-46 | KPC-215 | KPC-66 | KPC-212 | KPC-190 | KPC-226 | KPC-179 | KPC-114 | KPC-236 | KPC-193 | KPC-68 | KPC-197 | KPC-30 | KPC-117 | KPC-137 | KPC-120 | KPC-98 | KPC-13 | KPC-223 | KPC-2 | KPC-81 | KPC-185 | KPC-159 | KPC-162 | KPC-147 | KPC-126 | KPC-118 | KPC-86 | KPC-208 | KPC-60 | KPC-182 | KPC-74 | KPC-132 | KPC-36 | KPC-116 | KPC-130 | KPC-192 | KPC-239 | KPC-21 | KPC-85 | KPC-167 | KPC-241	carbapenem;cephalosporin;monobactam;penicillin beta-lactam	antibiotic inactivation	0.0	0.0	0.0	0.0	0.0	0.0	0.0	0.0	0.0	0.0	0.0	6954107.38	0.0	0.0	0.0	0.0	0.0	0.0	0.0	0.0	0.0	0.0	0.0	0.0	0.0	0.0	0.0	0.0	0.0	0.0	0.0	0.0	0.0	0.0	0.0	0.0
KPC beta-lactamase	multiple	KPC-39 | KPC-12 | KPC-211 | KPC-29 | KPC-56 | KPC-80 | KPC-28 | KPC-79 | KPC-143 | KPC-87 | KPC-123 | KPC-106 | KPC-160 | KPC-230 | KPC-127 | KPC-155 | KPC-179 | KPC-92 | KPC-232 | KPC-170 | KPC-217 | KPC-59 | KPC-172 | KPC-7 | KPC-225 | KPC-131 | KPC-216 | KPC-241 | KPC-22 | KPC-147 | KPC-166 | KPC-224 | KPC-64 | KPC-215 | KPC-202 | KPC-19 | KPC-242 | KPC-37 | KPC-138 | KPC-206 | KPC-55 | KPC-120 | KPC-139 | KPC-154 | KPC-196 | KPC-81 | KPC-65 | KPC-85 | KPC-175 | KPC-58 | KPC-190 | KPC-136 | KPC-69 | KPC-9 | KPC-192 | KPC-189 | KPC-145 | KPC-146 | KPC-188 | KPC-118 | KPC-11 | KPC-108 | KPC-114 | KPC-174 | KPC-50 | KPC-226 | KPC-128 | KPC-115 | KPC-68 | KPC-151 | KPC-130 | KPC-167 | KPC-149 | KPC-197 | KPC-31 | KPC-90 | KPC-96 | KPC-30 | KPC-63 | KPC-40 | KPC-109 | KPC-47 | KPC-183 | KPC-52 | KPC-157 | KPC-42 | KPC-99 | KPC-43 | KPC-117 | KPC-51 | KPC-83 | KPC-93 | KPC-181 | KPC-228 | KPC-78 | KPC-15 | KPC-173 | KPC-137 | KPC-32 | KPC-180 | KPC-110 | KPC-104 | KPC-66 | KPC-231 | KPC-124 | KPC-21 | KPC-132 | KPC-209 | KPC-14 | KPC-62 | KPC-186 | KPC-46 | KPC-153 | KPC-122 | KPC-129 | KPC-112 | KPC-8 | KPC-201 | KPC-163 | KPC-82 | KPC-74 | KPC-125 | KPC-212 | KPC-34 | KPC-95 | KPC-156 | KPC-77 | KPC-48 | KPC-208 | KPC-193 | KPC-238 | KPC-184 | KPC-24 | KPC-33 | KPC-16 | KPC-142 | KPC-185 | KPC-84 | KPC-94 | KPC-159 | KPC-70 | KPC-27 | KPC-177 | KPC-102 | KPC-13 | KPC-72 | KPC-133 | KPC-25 | KPC-148 | KPC-207 | KPC-26 | KPC-176 | KPC-227 | KPC-150 | KPC-178 | KPC-205 | KPC-6 | KPC-240 | KPC-113 | KPC-10 | KPC-60 | KPC-182 | KPC-107 | KPC-86 | KPC-105 | KPC-169 | KPC-4 | KPC-100 | KPC-218 | KPC-158 | KPC-165 | KPC-119 | KPC-35 | KPC-53 | KPC-61 | KPC-23 | KPC-38 | KPC-2 | KPC-187 | KPC-98 | KPC-140 | KPC-18 | KPC-168 | KPC-3 | KPC-111 | KPC-75 | KPC-76 | KPC-103 | KPC-239 | KPC-234 | KPC-44 | KPC-134 | KPC-126 | KPC-214 | KPC-194 | KPC-152 | KPC-88 | KPC-171 | KPC-204 | KPC-191 | KPC-233 | KPC-91 | KPC-89 | KPC-237 | KPC-141 | KPC-164 | KPC-213 | KPC-223 | KPC-73 | KPC-67 | KPC-236 | KPC-49 | KPC-101 | KPC-97 | KPC-135 | KPC-45 | KPC-57 | KPC-121 | KPC-54 | KPC-162 | KPC-71 | KPC-5 | KPC-195 | KPC-144 | KPC-36 | KPC-161 | KPC-116 | KPC-203 | KPC-17	carbapenem;cephalosporin;monobactam;penicillin beta-lactam	antibiotic inactivation	0.0	0.0	0.0	0.0	0.0	0.0	0.0	0.0	0.0	0.0	0.0	0.0	0.0	0.0	0.0	0.0	0.0	0.0	0.0	0.0	0.0	128518911.65	0.0	0.0	0.0	0.0	0.0	0.0	0.0	0.0	0.0	0.0	0.0	0.0	0.0	0.0
KPC beta-lactamase	multiple	KPC-44 | KPC-193 | KPC-147 | KPC-224 | KPC-93 | KPC-39 | KPC-45 | KPC-182 | KPC-171 | KPC-142 | KPC-121 | KPC-212 | KPC-124 | KPC-106 | KPC-88 | KPC-211 | KPC-218 | KPC-27 | KPC-181 | KPC-150 | KPC-19 | KPC-62 | KPC-162 | KPC-189 | KPC-24 | KPC-65 | KPC-179 | KPC-78 | KPC-18 | KPC-105 | KPC-187 | KPC-194 | KPC-49 | KPC-118 | KPC-3 | KPC-46 | KPC-209 | KPC-128 | KPC-163 | KPC-184 | KPC-17 | KPC-23 | KPC-131 | KPC-64 | KPC-157 | KPC-86 | KPC-8 | KPC-67 | KPC-191 | KPC-58 | KPC-146 | KPC-190 | KPC-143 | KPC-16 | KPC-139 | KPC-51 | KPC-164 | KPC-175 | KPC-156 | KPC-36 | KPC-77 | KPC-153 | KPC-6 | KPC-92 | KPC-113 | KPC-127 | KPC-125 | KPC-149 | KPC-26 | KPC-239 | KPC-111 | KPC-167 | KPC-56 | KPC-159 | KPC-35 | KPC-216 | KPC-223 | KPC-166 | KPC-112 | KPC-82 | KPC-240 | KPC-11 | KPC-214 | KPC-120 | KPC-204 | KPC-145 | KPC-151 | KPC-81 | KPC-15 | KPC-38 | KPC-115 | KPC-110 | KPC-14 | KPC-155 | KPC-76 | KPC-117 | KPC-12 | KPC-126 | KPC-2 | KPC-32 | KPC-68 | KPC-116 | KPC-207 | KPC-183 | KPC-176 | KPC-25 | KPC-226 | KPC-97 | KPC-96 | KPC-188 | KPC-71 | KPC-22 | KPC-102 | KPC-70 | KPC-52 | KPC-206 | KPC-165 | KPC-57 | KPC-87 | KPC-37 | KPC-34 | KPC-133 | KPC-137 | KPC-28 | KPC-60 | KPC-48 | KPC-66 | KPC-100 | KPC-217 | KPC-169 | KPC-135 | KPC-83 | KPC-119 | KPC-148 | KPC-129 | KPC-134 | KPC-225 | KPC-33 | KPC-114 | KPC-73 | KPC-101 | KPC-98 | KPC-195 | KPC-178 | KPC-203 | KPC-50 | KPC-232 | KPC-161 | KPC-107 | KPC-241 | KPC-233 | KPC-53 | KPC-130 | KPC-196 | KPC-227 | KPC-29 | KPC-172 | KPC-94 | KPC-140 | KPC-61 | KPC-99 | KPC-138 | KPC-104 | KPC-91 | KPC-55 | KPC-173 | KPC-95 | KPC-30 | KPC-234 | KPC-122 | KPC-238 | KPC-13 | KPC-186 | KPC-201 | KPC-21 | KPC-230 | KPC-89 | KPC-174 | KPC-237 | KPC-192 | KPC-47 | KPC-63 | KPC-242 | KPC-132 | KPC-123 | KPC-43 | KPC-170 | KPC-197 | KPC-9 | KPC-31 | KPC-69 | KPC-213 | KPC-208 | KPC-144 | KPC-228 | KPC-231 | KPC-85 | KPC-154 | KPC-185 | KPC-4 | KPC-215 | KPC-236 | KPC-180 | KPC-54 | KPC-152 | KPC-168 | KPC-158 | KPC-10 | KPC-160 | KPC-205 | KPC-84 | KPC-177 | KPC-40 | KPC-90 | KPC-7 | KPC-75 | KPC-202 | KPC-42 | KPC-141 | KPC-74 | KPC-109 | KPC-5 | KPC-79 | KPC-72 | KPC-136 | KPC-59 | KPC-80 | KPC-103 | KPC-108	carbapenem;cephalosporin;monobactam;penicillin beta-lactam	antibiotic inactivation	0.0	0.0	0.0	0.0	0.0	0.0	0.0	0.0	0.0	0.0	0.0	0.0	0.0	0.0	0.0	0.0	0.0	0.0	0.0	0.0	0.0	0.0	0.0	0.0	0.0	0.0	203298604.86	0.0	0.0	0.0	0.0	0.0	0.0	0.0	0.0	0.0
KPC beta-lactamase	multiple	KPC-52 | KPC-159 | KPC-193 | KPC-169 | KPC-230 | KPC-163 | KPC-106 | KPC-46 | KPC-126 | KPC-144 | KPC-239 | KPC-11 | KPC-99 | KPC-53 | KPC-207 | KPC-98 | KPC-174 | KPC-233 | KPC-117 | KPC-112 | KPC-100 | KPC-97 | KPC-133 | KPC-190 | KPC-127 | KPC-39 | KPC-8 | KPC-7 | KPC-40 | KPC-187 | KPC-218 | KPC-72 | KPC-186 | KPC-55 | KPC-47 | KPC-155 | KPC-50 | KPC-146 | KPC-192 | KPC-104 | KPC-107 | KPC-28 | KPC-48 | KPC-154 | KPC-60 | KPC-234 | KPC-92 | KPC-167 | KPC-118 | KPC-34 | KPC-17 | KPC-25 | KPC-136 | KPC-15 | KPC-227 | KPC-175 | KPC-57 | KPC-67 | KPC-27 | KPC-223 | KPC-212 | KPC-156 | KPC-143 | KPC-35 | KPC-70 | KPC-111 | KPC-179 | KPC-86 | KPC-24 | KPC-128 | KPC-139 | KPC-131 | KPC-124 | KPC-51 | KPC-206 | KPC-168 | KPC-181 | KPC-242 | KPC-103 | KPC-3 | KPC-31 | KPC-95 | KPC-158 | KPC-153 | KPC-236 | KPC-59 | KPC-68 | KPC-138 | KPC-64 | KPC-109 | KPC-110 | KPC-191 | KPC-196 | KPC-119 | KPC-241 | KPC-178 | KPC-90 | KPC-164 | KPC-2 | KPC-4 | KPC-76 | KPC-238 | KPC-120 | KPC-160 | KPC-240 | KPC-21 | KPC-30 | KPC-208 | KPC-188 | KPC-9 | KPC-23 | KPC-65 | KPC-149 | KPC-105 | KPC-75 | KPC-216 | KPC-140 | KPC-137 | KPC-232 | KPC-189 | KPC-115 | KPC-43 | KPC-172 | KPC-101 | KPC-44 | KPC-148 | KPC-6 | KPC-141 | KPC-224 | KPC-203 | KPC-94 | KPC-166 | KPC-213 | KPC-96 | KPC-33 | KPC-150 | KPC-5 | KPC-113 | KPC-231 | KPC-77 | KPC-49 | KPC-93 | KPC-123 | KPC-152 | KPC-237 | KPC-38 | KPC-85 | KPC-18 | KPC-56 | KPC-42 | KPC-162 | KPC-116 | KPC-125 | KPC-36 | KPC-108 | KPC-16 | KPC-157 | KPC-26 | KPC-228 | KPC-202 | KPC-102 | KPC-176 | KPC-12 | KPC-79 | KPC-180 | KPC-171 | KPC-215 | KPC-205 | KPC-87 | KPC-88 | KPC-145 | KPC-74 | KPC-225 | KPC-63 | KPC-134 | KPC-204 | KPC-209 | KPC-130 | KPC-184 | KPC-66 | KPC-182 | KPC-82 | KPC-201 | KPC-29 | KPC-165 | KPC-195 | KPC-183 | KPC-73 | KPC-226 | KPC-135 | KPC-58 | KPC-32 | KPC-194 | KPC-114 | KPC-71 | KPC-170 | KPC-61 | KPC-84 | KPC-177 | KPC-13 | KPC-142 | KPC-10 | KPC-122 | KPC-69 | KPC-132 | KPC-22 | KPC-147 | KPC-80 | KPC-14 | KPC-54 | KPC-185 | KPC-217 | KPC-19 | KPC-173 | KPC-81 | KPC-151 | KPC-197 | KPC-129 | KPC-161 | KPC-45 | KPC-91 | KPC-214 | KPC-89 | KPC-121 | KPC-211 | KPC-37 | KPC-62 | KPC-78 | KPC-83	carbapenem;cephalosporin;monobactam;penicillin beta-lactam	antibiotic inactivation	0.0	0.0	0.0	0.0	0.0	0.0	0.0	0.0	0.0	0.0	0.0	0.0	0.0	0.0	0.0	0.0	27915965.9	0.0	0.0	0.0	0.0	0.0	0.0	0.0	0.0	0.0	0.0	0.0	0.0	0.0	0.0	0.0	0.0	0.0	0.0	0.0
KPC beta-lactamase	multiple	KPC-69 | KPC-115 | KPC-160 | KPC-239 | KPC-206 | KPC-30 | KPC-38 | KPC-60 | KPC-39 | KPC-61 | KPC-161 | KPC-67 | KPC-80 | KPC-112 | KPC-110 | KPC-24 | KPC-230 | KPC-7 | KPC-48 | KPC-22 | KPC-168 | KPC-72 | KPC-87 | KPC-14 | KPC-190 | KPC-92 | KPC-148 | KPC-152 | KPC-12 | KPC-4 | KPC-176 | KPC-64 | KPC-123 | KPC-11 | KPC-209 | KPC-225 | KPC-40 | KPC-227 | KPC-6 | KPC-205 | KPC-204 | KPC-179 | KPC-73 | KPC-127 | KPC-240 | KPC-36 | KPC-54 | KPC-96 | KPC-187 | KPC-103 | KPC-63 | KPC-134 | KPC-159 | KPC-150 | KPC-108 | KPC-77 | KPC-146 | KPC-125 | KPC-81 | KPC-16 | KPC-132 | KPC-33 | KPC-207 | KPC-94 | KPC-172 | KPC-29 | KPC-31 | KPC-131 | KPC-137 | KPC-68 | KPC-27 | KPC-104 | KPC-105 | KPC-142 | KPC-76 | KPC-184 | KPC-10 | KPC-195 | KPC-136 | KPC-162 | KPC-109 | KPC-57 | KPC-55 | KPC-183 | KPC-53 | KPC-228 | KPC-241 | KPC-155 | KPC-226 | KPC-32 | KPC-91 | KPC-166 | KPC-203 | KPC-188 | KPC-70 | KPC-17 | KPC-124 | KPC-51 | KPC-135 | KPC-156 | KPC-66 | KPC-231 | KPC-182 | KPC-217 | KPC-117 | KPC-238 | KPC-111 | KPC-185 | KPC-46 | KPC-233 | KPC-128 | KPC-13 | KPC-197 | KPC-84 | KPC-75 | KPC-236 | KPC-126 | KPC-100 | KPC-121 | KPC-85 | KPC-140 | KPC-90 | KPC-82 | KPC-174 | KPC-5 | KPC-175 | KPC-21 | KPC-145 | KPC-23 | KPC-212 | KPC-18 | KPC-37 | KPC-95 | KPC-3 | KPC-163 | KPC-86 | KPC-113 | KPC-97 | KPC-147 | KPC-28 | KPC-167 | KPC-119 | KPC-50 | KPC-133 | KPC-102 | KPC-192 | KPC-83 | KPC-19 | KPC-178 | KPC-71 | KPC-165 | KPC-116 | KPC-153 | KPC-49 | KPC-164 | KPC-15 | KPC-106 | KPC-173 | KPC-114 | KPC-171 | KPC-223 | KPC-181 | KPC-52 | KPC-130 | KPC-138 | KPC-237 | KPC-139 | KPC-154 | KPC-234 | KPC-202 | KPC-43 | KPC-74 | KPC-78 | KPC-191 | KPC-59 | KPC-129 | KPC-201 | KPC-79 | KPC-65 | KPC-242 | KPC-107 | KPC-42 | KPC-149 | KPC-89 | KPC-214 | KPC-216 | KPC-120 | KPC-218 | KPC-213 | KPC-118 | KPC-25 | KPC-8 | KPC-101 | KPC-26 | KPC-215 | KPC-62 | KPC-45 | KPC-144 | KPC-224 | KPC-99 | KPC-157 | KPC-169 | KPC-98 | KPC-47 | KPC-56 | KPC-151 | KPC-44 | KPC-189 | KPC-122 | KPC-232 | KPC-2 | KPC-170 | KPC-186 | KPC-193 | KPC-35 | KPC-143 | KPC-58 | KPC-9 | KPC-88 | KPC-141 | KPC-34 | KPC-208 | KPC-93 | KPC-196 | KPC-158 | KPC-211 | KPC-180 | KPC-177 | KPC-194	carbapenem;cephalosporin;monobactam;penicillin beta-lactam	antibiotic inactivation	0.0	0.0	0.0	0.0	0.0	0.0	0.0	0.0	0.0	0.0	0.0	0.0	0.0	0.0	0.0	0.0	0.0	0.0	0.0	0.0	0.0	0.0	0.0	0.0	3773266.1	0.0	0.0	0.0	0.0	0.0	0.0	0.0	0.0	0.0	0.0	0.0
KPC beta-lactamase	multiple	KPC-72 | KPC-125 | KPC-101 | KPC-62 | KPC-214 | KPC-194 | KPC-117 | KPC-153 | KPC-226 | KPC-135 | KPC-32 | KPC-177 | KPC-197 | KPC-68 | KPC-156 | KPC-136 | KPC-185 | KPC-140 | KPC-36 | KPC-142 | KPC-69 | KPC-206 | KPC-230 | KPC-49 | KPC-22 | KPC-138 | KPC-120 | KPC-129 | KPC-39 | KPC-132 | KPC-79 | KPC-166 | KPC-160 | KPC-202 | KPC-162 | KPC-187 | KPC-201 | KPC-224 | KPC-40 | KPC-96 | KPC-195 | KPC-92 | KPC-24 | KPC-159 | KPC-122 | KPC-25 | KPC-94 | KPC-108 | KPC-63 | KPC-173 | KPC-152 | KPC-83 | KPC-107 | KPC-184 | KPC-218 | KPC-89 | KPC-82 | KPC-189 | KPC-64 | KPC-163 | KPC-60 | KPC-28 | KPC-239 | KPC-42 | KPC-115 | KPC-23 | KPC-240 | KPC-56 | KPC-193 | KPC-6 | KPC-111 | KPC-241 | KPC-109 | KPC-143 | KPC-237 | KPC-21 | KPC-232 | KPC-180 | KPC-190 | KPC-61 | KPC-228 | KPC-17 | KPC-171 | KPC-126 | KPC-238 | KPC-11 | KPC-223 | KPC-113 | KPC-97 | KPC-183 | KPC-188 | KPC-137 | KPC-81 | KPC-93 | KPC-186 | KPC-100 | KPC-128 | KPC-27 | KPC-55 | KPC-45 | KPC-59 | KPC-114 | KPC-104 | KPC-35 | KPC-112 | KPC-50 | KPC-174 | KPC-52 | KPC-85 | KPC-102 | KPC-130 | KPC-150 | KPC-65 | KPC-86 | KPC-8 | KPC-53 | KPC-141 | KPC-161 | KPC-58 | KPC-70 | KPC-131 | KPC-181 | KPC-51 | KPC-13 | KPC-215 | KPC-227 | KPC-169 | KPC-170 | KPC-233 | KPC-29 | KPC-157 | KPC-139 | KPC-57 | KPC-234 | KPC-99 | KPC-43 | KPC-116 | KPC-208 | KPC-74 | KPC-47 | KPC-66 | KPC-7 | KPC-203 | KPC-145 | KPC-182 | KPC-196 | KPC-158 | KPC-9 | KPC-46 | KPC-31 | KPC-149 | KPC-119 | KPC-15 | KPC-118 | KPC-44 | KPC-78 | KPC-91 | KPC-105 | KPC-19 | KPC-38 | KPC-10 | KPC-90 | KPC-213 | KPC-168 | KPC-165 | KPC-191 | KPC-75 | KPC-4 | KPC-204 | KPC-98 | KPC-67 | KPC-26 | KPC-231 | KPC-127 | KPC-88 | KPC-148 | KPC-16 | KPC-34 | KPC-103 | KPC-133 | KPC-179 | KPC-2 | KPC-154 | KPC-209 | KPC-80 | KPC-71 | KPC-30 | KPC-242 | KPC-123 | KPC-5 | KPC-225 | KPC-236 | KPC-84 | KPC-124 | KPC-3 | KPC-95 | KPC-192 | KPC-121 | KPC-175 | KPC-73 | KPC-178 | KPC-144 | KPC-146 | KPC-212 | KPC-87 | KPC-134 | KPC-14 | KPC-151 | KPC-205 | KPC-211 | KPC-12 | KPC-147 | KPC-77 | KPC-54 | KPC-167 | KPC-217 | KPC-164 | KPC-207 | KPC-110 | KPC-172 | KPC-106 | KPC-33 | KPC-176 | KPC-48 | KPC-155 | KPC-18 | KPC-37 | KPC-216 | KPC-76	carbapenem;cephalosporin;monobactam;penicillin beta-lactam	antibiotic inactivation	0.0	0.0	0.0	0.0	0.0	0.0	0.0	2421420.36	0.0	0.0	0.0	0.0	0.0	0.0	0.0	0.0	0.0	0.0	0.0	0.0	0.0	0.0	0.0	0.0	0.0	0.0	0.0	0.0	0.0	0.0	0.0	0.0	0.0	0.0	0.0	0.0
KPC beta-lactamase	multiple	KPC-79 | KPC-151 | KPC-194 | KPC-169 | KPC-186 | KPC-13 | KPC-237 | KPC-166 | KPC-16 | KPC-163 | KPC-120 | KPC-95 | KPC-11 | KPC-147 | KPC-63 | KPC-104 | KPC-82 | KPC-153 | KPC-230 | KPC-171 | KPC-179 | KPC-201 | KPC-70 | KPC-157 | KPC-106 | KPC-138 | KPC-84 | KPC-212 | KPC-50 | KPC-33 | KPC-118 | KPC-136 | KPC-93 | KPC-19 | KPC-190 | KPC-74 | KPC-76 | KPC-45 | KPC-17 | KPC-215 | KPC-234 | KPC-109 | KPC-36 | KPC-81 | KPC-205 | KPC-159 | KPC-85 | KPC-31 | KPC-124 | KPC-127 | KPC-78 | KPC-131 | KPC-238 | KPC-94 | KPC-72 | KPC-119 | KPC-140 | KPC-178 | KPC-161 | KPC-128 | KPC-48 | KPC-216 | KPC-121 | KPC-156 | KPC-115 | KPC-21 | KPC-126 | KPC-100 | KPC-62 | KPC-55 | KPC-182 | KPC-57 | KPC-207 | KPC-224 | KPC-145 | KPC-71 | KPC-133 | KPC-80 | KPC-67 | KPC-43 | KPC-54 | KPC-228 | KPC-206 | KPC-158 | KPC-101 | KPC-218 | KPC-8 | KPC-191 | KPC-155 | KPC-167 | KPC-27 | KPC-75 | KPC-239 | KPC-102 | KPC-25 | KPC-114 | KPC-113 | KPC-87 | KPC-28 | KPC-204 | KPC-59 | KPC-105 | KPC-117 | KPC-152 | KPC-64 | KPC-2 | KPC-139 | KPC-89 | KPC-217 | KPC-146 | KPC-202 | KPC-137 | KPC-116 | KPC-22 | KPC-66 | KPC-122 | KPC-195 | KPC-29 | KPC-92 | KPC-196 | KPC-18 | KPC-242 | KPC-209 | KPC-12 | KPC-184 | KPC-69 | KPC-150 | KPC-77 | KPC-46 | KPC-4 | KPC-132 | KPC-240 | KPC-141 | KPC-110 | KPC-187 | KPC-208 | KPC-134 | KPC-60 | KPC-135 | KPC-192 | KPC-143 | KPC-165 | KPC-226 | KPC-162 | KPC-236 | KPC-14 | KPC-160 | KPC-112 | KPC-142 | KPC-97 | KPC-214 | KPC-148 | KPC-149 | KPC-172 | KPC-26 | KPC-231 | KPC-189 | KPC-211 | KPC-123 | KPC-107 | KPC-177 | KPC-65 | KPC-96 | KPC-98 | KPC-197 | KPC-176 | KPC-86 | KPC-164 | KPC-90 | KPC-111 | KPC-73 | KPC-47 | KPC-99 | KPC-232 | KPC-32 | KPC-44 | KPC-5 | KPC-40 | KPC-174 | KPC-35 | KPC-68 | KPC-34 | KPC-56 | KPC-39 | KPC-49 | KPC-9 | KPC-37 | KPC-125 | KPC-23 | KPC-24 | KPC-3 | KPC-10 | KPC-225 | KPC-175 | KPC-129 | KPC-193 | KPC-180 | KPC-168 | KPC-103 | KPC-233 | KPC-154 | KPC-130 | KPC-170 | KPC-203 | KPC-241 | KPC-42 | KPC-51 | KPC-15 | KPC-38 | KPC-91 | KPC-223 | KPC-6 | KPC-144 | KPC-30 | KPC-188 | KPC-181 | KPC-83 | KPC-183 | KPC-7 | KPC-52 | KPC-108 | KPC-173 | KPC-61 | KPC-58 | KPC-227 | KPC-185 | KPC-88 | KPC-213 | KPC-53	carbapenem;cephalosporin;monobactam;penicillin beta-lactam	antibiotic inactivation	0.0	0.0	0.0	0.0	0.0	0.0	0.0	0.0	0.0	0.0	0.0	0.0	0.0	0.0	0.0	0.0	0.0	0.0	0.0	0.0	0.0	0.0	0.0	0.0	0.0	0.0	0.0	0.0	0.0	577082.79	0.0	0.0	0.0	0.0	0.0	0.0
KPC beta-lactamase	multiple	KPC-82 | KPC-16 | KPC-55 | KPC-145 | KPC-218 | KPC-193 | KPC-189 | KPC-167 | KPC-52 | KPC-49 | KPC-95 | KPC-241 | KPC-171 | KPC-216 | KPC-150 | KPC-153 | KPC-133 | KPC-25 | KPC-122 | KPC-50 | KPC-183 | KPC-125 | KPC-84 | KPC-78 | KPC-115 | KPC-77 | KPC-140 | KPC-146 | KPC-239 | KPC-2 | KPC-15 | KPC-151 | KPC-7 | KPC-98 | KPC-46 | KPC-223 | KPC-34 | KPC-105 | KPC-81 | KPC-141 | KPC-4 | KPC-27 | KPC-230 | KPC-10 | KPC-129 | KPC-39 | KPC-195 | KPC-205 | KPC-131 | KPC-64 | KPC-155 | KPC-237 | KPC-42 | KPC-135 | KPC-18 | KPC-130 | KPC-163 | KPC-109 | KPC-137 | KPC-124 | KPC-111 | KPC-96 | KPC-197 | KPC-148 | KPC-186 | KPC-181 | KPC-144 | KPC-138 | KPC-110 | KPC-178 | KPC-112 | KPC-33 | KPC-79 | KPC-108 | KPC-120 | KPC-215 | KPC-97 | KPC-136 | KPC-149 | KPC-73 | KPC-89 | KPC-191 | KPC-58 | KPC-93 | KPC-35 | KPC-90 | KPC-76 | KPC-29 | KPC-182 | KPC-172 | KPC-173 | KPC-175 | KPC-91 | KPC-88 | KPC-166 | KPC-174 | KPC-190 | KPC-139 | KPC-100 | KPC-59 | KPC-74 | KPC-196 | KPC-48 | KPC-132 | KPC-203 | KPC-226 | KPC-119 | KPC-68 | KPC-83 | KPC-99 | KPC-207 | KPC-94 | KPC-14 | KPC-56 | KPC-103 | KPC-8 | KPC-184 | KPC-24 | KPC-160 | KPC-75 | KPC-3 | KPC-106 | KPC-66 | KPC-170 | KPC-169 | KPC-238 | KPC-47 | KPC-11 | KPC-71 | KPC-126 | KPC-113 | KPC-116 | KPC-37 | KPC-234 | KPC-36 | KPC-224 | KPC-208 | KPC-159 | KPC-225 | KPC-211 | KPC-32 | KPC-164 | KPC-28 | KPC-102 | KPC-179 | KPC-121 | KPC-31 | KPC-19 | KPC-158 | KPC-157 | KPC-152 | KPC-194 | KPC-202 | KPC-65 | KPC-165 | KPC-233 | KPC-69 | KPC-192 | KPC-217 | KPC-227 | KPC-72 | KPC-214 | KPC-118 | KPC-107 | KPC-43 | KPC-22 | KPC-60 | KPC-86 | KPC-5 | KPC-26 | KPC-54 | KPC-209 | KPC-92 | KPC-147 | KPC-154 | KPC-162 | KPC-240 | KPC-67 | KPC-104 | KPC-127 | KPC-228 | KPC-188 | KPC-57 | KPC-101 | KPC-61 | KPC-123 | KPC-231 | KPC-87 | KPC-9 | KPC-177 | KPC-143 | KPC-134 | KPC-17 | KPC-12 | KPC-40 | KPC-117 | KPC-176 | KPC-168 | KPC-232 | KPC-206 | KPC-161 | KPC-63 | KPC-204 | KPC-80 | KPC-242 | KPC-30 | KPC-213 | KPC-38 | KPC-85 | KPC-62 | KPC-53 | KPC-70 | KPC-212 | KPC-142 | KPC-44 | KPC-128 | KPC-51 | KPC-180 | KPC-236 | KPC-187 | KPC-6 | KPC-156 | KPC-185 | KPC-114 | KPC-45 | KPC-23 | KPC-21 | KPC-13 | KPC-201	carbapenem;cephalosporin;monobactam;penicillin beta-lactam	antibiotic inactivation	0.0	0.0	0.0	0.0	0.0	0.0	0.0	0.0	0.0	1659683.08	0.0	0.0	0.0	0.0	0.0	0.0	0.0	0.0	0.0	0.0	0.0	0.0	0.0	0.0	0.0	0.0	0.0	0.0	0.0	0.0	0.0	0.0	0.0	0.0	0.0	0.0
KPC beta-lactamase	multiple	KPC-83 | KPC-218 | KPC-86 | KPC-138 | KPC-154 | KPC-124 | KPC-56 | KPC-101 | KPC-212 | KPC-208 | KPC-155 | KPC-22 | KPC-116 | KPC-29 | KPC-157 | KPC-7 | KPC-52 | KPC-38 | KPC-144 | KPC-236 | KPC-194 | KPC-232 | KPC-226 | KPC-8 | KPC-53 | KPC-85 | KPC-160 | KPC-92 | KPC-177 | KPC-3 | KPC-140 | KPC-21 | KPC-175 | KPC-59 | KPC-89 | KPC-162 | KPC-178 | KPC-51 | KPC-152 | KPC-148 | KPC-48 | KPC-105 | KPC-136 | KPC-233 | KPC-167 | KPC-217 | KPC-187 | KPC-35 | KPC-93 | KPC-174 | KPC-130 | KPC-166 | KPC-207 | KPC-170 | KPC-234 | KPC-186 | KPC-120 | KPC-227 | KPC-36 | KPC-192 | KPC-46 | KPC-4 | KPC-125 | KPC-133 | KPC-15 | KPC-103 | KPC-94 | KPC-54 | KPC-69 | KPC-100 | KPC-47 | KPC-5 | KPC-78 | KPC-181 | KPC-67 | KPC-57 | KPC-102 | KPC-31 | KPC-106 | KPC-225 | KPC-183 | KPC-18 | KPC-23 | KPC-150 | KPC-122 | KPC-211 | KPC-27 | KPC-97 | KPC-141 | KPC-137 | KPC-90 | KPC-50 | KPC-84 | KPC-228 | KPC-95 | KPC-204 | KPC-142 | KPC-201 | KPC-91 | KPC-70 | KPC-176 | KPC-165 | KPC-224 | KPC-58 | KPC-168 | KPC-197 | KPC-189 | KPC-117 | KPC-151 | KPC-76 | KPC-237 | KPC-126 | KPC-214 | KPC-9 | KPC-10 | KPC-25 | KPC-231 | KPC-172 | KPC-158 | KPC-193 | KPC-81 | KPC-34 | KPC-49 | KPC-26 | KPC-113 | KPC-96 | KPC-128 | KPC-71 | KPC-37 | KPC-87 | KPC-206 | KPC-205 | KPC-98 | KPC-77 | KPC-12 | KPC-14 | KPC-39 | KPC-64 | KPC-149 | KPC-60 | KPC-132 | KPC-63 | KPC-119 | KPC-121 | KPC-164 | KPC-44 | KPC-68 | KPC-45 | KPC-43 | KPC-145 | KPC-74 | KPC-99 | KPC-240 | KPC-241 | KPC-55 | KPC-16 | KPC-169 | KPC-65 | KPC-110 | KPC-28 | KPC-108 | KPC-109 | KPC-163 | KPC-131 | KPC-215 | KPC-129 | KPC-88 | KPC-123 | KPC-191 | KPC-73 | KPC-242 | KPC-203 | KPC-161 | KPC-6 | KPC-184 | KPC-114 | KPC-42 | KPC-230 | KPC-66 | KPC-2 | KPC-213 | KPC-179 | KPC-24 | KPC-159 | KPC-238 | KPC-139 | KPC-72 | KPC-19 | KPC-188 | KPC-111 | KPC-185 | KPC-61 | KPC-216 | KPC-135 | KPC-223 | KPC-118 | KPC-75 | KPC-62 | KPC-134 | KPC-180 | KPC-195 | KPC-127 | KPC-107 | KPC-171 | KPC-33 | KPC-104 | KPC-32 | KPC-17 | KPC-80 | KPC-156 | KPC-202 | KPC-196 | KPC-40 | KPC-239 | KPC-173 | KPC-153 | KPC-147 | KPC-115 | KPC-79 | KPC-209 | KPC-146 | KPC-82 | KPC-182 | KPC-143 | KPC-112 | KPC-30 | KPC-190 | KPC-11 | KPC-13	carbapenem;cephalosporin;monobactam;penicillin beta-lactam	antibiotic inactivation	0.0	0.0	0.0	0.0	0.0	0.0	0.0	0.0	0.0	0.0	0.0	0.0	0.0	0.0	25275444.28	0.0	0.0	0.0	0.0	0.0	0.0	0.0	0.0	0.0	0.0	0.0	0.0	0.0	0.0	0.0	0.0	0.0	0.0	0.0	0.0	0.0
KPC beta-lactamase	multiple	KPC-87 | KPC-146 | KPC-26 | KPC-17 | KPC-103 | KPC-113 | KPC-105 | KPC-239 | KPC-143 | KPC-71 | KPC-215 | KPC-195 | KPC-133 | KPC-158 | KPC-109 | KPC-159 | KPC-131 | KPC-7 | KPC-50 | KPC-123 | KPC-147 | KPC-25 | KPC-86 | KPC-33 | KPC-102 | KPC-55 | KPC-48 | KPC-201 | KPC-73 | KPC-232 | KPC-214 | KPC-42 | KPC-205 | KPC-4 | KPC-228 | KPC-97 | KPC-171 | KPC-188 | KPC-154 | KPC-34 | KPC-163 | KPC-29 | KPC-134 | KPC-152 | KPC-150 | KPC-144 | KPC-177 | KPC-237 | KPC-93 | KPC-117 | KPC-160 | KPC-100 | KPC-39 | KPC-65 | KPC-32 | KPC-211 | KPC-129 | KPC-183 | KPC-68 | KPC-56 | KPC-156 | KPC-90 | KPC-225 | KPC-193 | KPC-2 | KPC-121 | KPC-35 | KPC-161 | KPC-136 | KPC-167 | KPC-126 | KPC-184 | KPC-203 | KPC-127 | KPC-234 | KPC-19 | KPC-132 | KPC-114 | KPC-94 | KPC-231 | KPC-194 | KPC-45 | KPC-125 | KPC-208 | KPC-191 | KPC-53 | KPC-37 | KPC-21 | KPC-43 | KPC-108 | KPC-104 | KPC-88 | KPC-202 | KPC-141 | KPC-81 | KPC-155 | KPC-172 | KPC-66 | KPC-179 | KPC-120 | KPC-240 | KPC-122 | KPC-142 | KPC-145 | KPC-3 | KPC-111 | KPC-61 | KPC-98 | KPC-74 | KPC-223 | KPC-140 | KPC-153 | KPC-79 | KPC-60 | KPC-197 | KPC-101 | KPC-89 | KPC-57 | KPC-216 | KPC-151 | KPC-181 | KPC-22 | KPC-213 | KPC-40 | KPC-206 | KPC-212 | KPC-170 | KPC-112 | KPC-135 | KPC-27 | KPC-14 | KPC-28 | KPC-38 | KPC-185 | KPC-8 | KPC-224 | KPC-36 | KPC-164 | KPC-46 | KPC-106 | KPC-49 | KPC-95 | KPC-9 | KPC-207 | KPC-44 | KPC-128 | KPC-23 | KPC-99 | KPC-162 | KPC-178 | KPC-76 | KPC-116 | KPC-67 | KPC-236 | KPC-82 | KPC-80 | KPC-91 | KPC-180 | KPC-130 | KPC-31 | KPC-107 | KPC-64 | KPC-168 | KPC-175 | KPC-138 | KPC-11 | KPC-85 | KPC-70 | KPC-84 | KPC-166 | KPC-169 | KPC-83 | KPC-137 | KPC-62 | KPC-10 | KPC-51 | KPC-92 | KPC-69 | KPC-149 | KPC-165 | KPC-192 | KPC-209 | KPC-12 | KPC-78 | KPC-110 | KPC-63 | KPC-230 | KPC-16 | KPC-238 | KPC-233 | KPC-15 | KPC-242 | KPC-241 | KPC-52 | KPC-226 | KPC-124 | KPC-24 | KPC-217 | KPC-72 | KPC-196 | KPC-204 | KPC-173 | KPC-187 | KPC-13 | KPC-6 | KPC-54 | KPC-227 | KPC-186 | KPC-119 | KPC-58 | KPC-218 | KPC-176 | KPC-18 | KPC-30 | KPC-75 | KPC-77 | KPC-189 | KPC-118 | KPC-174 | KPC-182 | KPC-5 | KPC-59 | KPC-190 | KPC-148 | KPC-115 | KPC-139 | KPC-47 | KPC-157 | KPC-96	carbapenem;cephalosporin;monobactam;penicillin beta-lactam	antibiotic inactivation	0.0	0.0	0.0	0.0	0.0	0.0	0.0	0.0	0.0	0.0	0.0	0.0	0.0	0.0	0.0	1902853.42	0.0	0.0	0.0	0.0	0.0	0.0	0.0	0.0	0.0	0.0	0.0	0.0	0.0	0.0	0.0	0.0	0.0	0.0	0.0	0.0
KPC beta-lactamase	multiple	KPC-91 | KPC-11 | KPC-112 | KPC-183 | KPC-237 | KPC-46 | KPC-140 | KPC-217 | KPC-99 | KPC-23 | KPC-70 | KPC-31 | KPC-121 | KPC-9 | KPC-72 | KPC-241 | KPC-29 | KPC-52 | KPC-90 | KPC-19 | KPC-138 | KPC-53 | KPC-12 | KPC-213 | KPC-59 | KPC-56 | KPC-190 | KPC-151 | KPC-227 | KPC-18 | KPC-97 | KPC-225 | KPC-79 | KPC-147 | KPC-123 | KPC-201 | KPC-167 | KPC-240 | KPC-13 | KPC-139 | KPC-85 | KPC-161 | KPC-94 | KPC-66 | KPC-163 | KPC-192 | KPC-50 | KPC-174 | KPC-88 | KPC-78 | KPC-228 | KPC-133 | KPC-189 | KPC-130 | KPC-34 | KPC-226 | KPC-37 | KPC-54 | KPC-224 | KPC-106 | KPC-230 | KPC-194 | KPC-177 | KPC-108 | KPC-63 | KPC-105 | KPC-17 | KPC-144 | KPC-21 | KPC-195 | KPC-236 | KPC-166 | KPC-155 | KPC-175 | KPC-160 | KPC-126 | KPC-55 | KPC-22 | KPC-84 | KPC-159 | KPC-120 | KPC-143 | KPC-124 | KPC-39 | KPC-178 | KPC-128 | KPC-24 | KPC-233 | KPC-116 | KPC-165 | KPC-82 | KPC-96 | KPC-102 | KPC-153 | KPC-171 | KPC-211 | KPC-87 | KPC-60 | KPC-15 | KPC-142 | KPC-180 | KPC-69 | KPC-117 | KPC-73 | KPC-115 | KPC-157 | KPC-98 | KPC-42 | KPC-148 | KPC-107 | KPC-193 | KPC-43 | KPC-215 | KPC-2 | KPC-218 | KPC-203 | KPC-80 | KPC-205 | KPC-122 | KPC-127 | KPC-14 | KPC-145 | KPC-93 | KPC-134 | KPC-179 | KPC-27 | KPC-89 | KPC-49 | KPC-76 | KPC-71 | KPC-158 | KPC-77 | KPC-135 | KPC-33 | KPC-154 | KPC-92 | KPC-111 | KPC-68 | KPC-231 | KPC-137 | KPC-234 | KPC-67 | KPC-238 | KPC-146 | KPC-38 | KPC-162 | KPC-132 | KPC-110 | KPC-44 | KPC-216 | KPC-169 | KPC-101 | KPC-184 | KPC-176 | KPC-232 | KPC-168 | KPC-36 | KPC-104 | KPC-209 | KPC-186 | KPC-118 | KPC-150 | KPC-208 | KPC-129 | KPC-212 | KPC-197 | KPC-202 | KPC-95 | KPC-5 | KPC-86 | KPC-204 | KPC-239 | KPC-185 | KPC-25 | KPC-173 | KPC-136 | KPC-114 | KPC-35 | KPC-74 | KPC-191 | KPC-4 | KPC-187 | KPC-51 | KPC-103 | KPC-16 | KPC-206 | KPC-45 | KPC-8 | KPC-3 | KPC-207 | KPC-170 | KPC-81 | KPC-141 | KPC-65 | KPC-40 | KPC-83 | KPC-75 | KPC-109 | KPC-61 | KPC-30 | KPC-223 | KPC-64 | KPC-172 | KPC-113 | KPC-181 | KPC-58 | KPC-47 | KPC-32 | KPC-6 | KPC-152 | KPC-48 | KPC-196 | KPC-10 | KPC-182 | KPC-28 | KPC-242 | KPC-188 | KPC-119 | KPC-149 | KPC-57 | KPC-100 | KPC-7 | KPC-164 | KPC-214 | KPC-62 | KPC-26 | KPC-131 | KPC-125 | KPC-156	carbapenem;cephalosporin;monobactam;penicillin beta-lactam	antibiotic inactivation	0.0	0.0	0.0	0.0	0.0	0.0	0.0	0.0	0.0	0.0	0.0	0.0	0.0	0.0	0.0	0.0	0.0	0.0	0.0	0.0	0.0	0.0	0.0	0.0	0.0	11898835.77	0.0	0.0	0.0	0.0	0.0	0.0	0.0	0.0	0.0	0.0
KPC beta-lactamase	multiple	KPC-93 | KPC-37 | KPC-165 | KPC-92 | KPC-206 | KPC-86 | KPC-169 | KPC-159 | KPC-208 | KPC-21 | KPC-101 | KPC-194 | KPC-134 | KPC-162 | KPC-80 | KPC-224 | KPC-97 | KPC-214 | KPC-24 | KPC-82 | KPC-196 | KPC-52 | KPC-149 | KPC-132 | KPC-109 | KPC-75 | KPC-98 | KPC-127 | KPC-152 | KPC-217 | KPC-73 | KPC-233 | KPC-81 | KPC-238 | KPC-61 | KPC-32 | KPC-35 | KPC-172 | KPC-7 | KPC-79 | KPC-33 | KPC-135 | KPC-151 | KPC-156 | KPC-67 | KPC-110 | KPC-155 | KPC-139 | KPC-218 | KPC-158 | KPC-179 | KPC-87 | KPC-157 | KPC-174 | KPC-226 | KPC-164 | KPC-70 | KPC-95 | KPC-176 | KPC-122 | KPC-28 | KPC-211 | KPC-59 | KPC-38 | KPC-150 | KPC-202 | KPC-209 | KPC-19 | KPC-223 | KPC-140 | KPC-120 | KPC-4 | KPC-146 | KPC-145 | KPC-181 | KPC-12 | KPC-175 | KPC-18 | KPC-153 | KPC-184 | KPC-154 | KPC-99 | KPC-22 | KPC-225 | KPC-76 | KPC-183 | KPC-14 | KPC-13 | KPC-103 | KPC-64 | KPC-166 | KPC-230 | KPC-136 | KPC-111 | KPC-188 | KPC-77 | KPC-44 | KPC-112 | KPC-8 | KPC-2 | KPC-49 | KPC-215 | KPC-240 | KPC-56 | KPC-69 | KPC-231 | KPC-242 | KPC-25 | KPC-204 | KPC-137 | KPC-84 | KPC-66 | KPC-57 | KPC-133 | KPC-16 | KPC-9 | KPC-116 | KPC-72 | KPC-104 | KPC-85 | KPC-105 | KPC-58 | KPC-241 | KPC-71 | KPC-11 | KPC-185 | KPC-117 | KPC-89 | KPC-63 | KPC-129 | KPC-15 | KPC-31 | KPC-17 | KPC-91 | KPC-180 | KPC-189 | KPC-192 | KPC-62 | KPC-39 | KPC-54 | KPC-205 | KPC-78 | KPC-55 | KPC-121 | KPC-142 | KPC-138 | KPC-171 | KPC-34 | KPC-177 | KPC-167 | KPC-96 | KPC-160 | KPC-130 | KPC-119 | KPC-216 | KPC-83 | KPC-182 | KPC-46 | KPC-113 | KPC-143 | KPC-23 | KPC-40 | KPC-5 | KPC-187 | KPC-26 | KPC-115 | KPC-88 | KPC-123 | KPC-90 | KPC-161 | KPC-232 | KPC-195 | KPC-50 | KPC-45 | KPC-207 | KPC-47 | KPC-163 | KPC-65 | KPC-124 | KPC-60 | KPC-125 | KPC-237 | KPC-201 | KPC-118 | KPC-234 | KPC-102 | KPC-228 | KPC-51 | KPC-106 | KPC-236 | KPC-68 | KPC-29 | KPC-147 | KPC-27 | KPC-3 | KPC-94 | KPC-203 | KPC-108 | KPC-74 | KPC-170 | KPC-30 | KPC-173 | KPC-141 | KPC-107 | KPC-10 | KPC-131 | KPC-148 | KPC-239 | KPC-191 | KPC-100 | KPC-197 | KPC-6 | KPC-190 | KPC-193 | KPC-227 | KPC-43 | KPC-186 | KPC-114 | KPC-144 | KPC-126 | KPC-168 | KPC-42 | KPC-212 | KPC-213 | KPC-128 | KPC-178 | KPC-53 | KPC-36 | KPC-48	carbapenem;cephalosporin;monobactam;penicillin beta-lactam	antibiotic inactivation	0.0	0.0	0.0	0.0	0.0	0.0	0.0	0.0	0.0	0.0	0.0	0.0	0.0	0.0	0.0	0.0	0.0	0.0	0.0	0.0	0.0	0.0	0.0	0.0	0.0	0.0	0.0	0.0	0.0	0.0	3533225.2	0.0	0.0	0.0	0.0	0.0
L1 family beta-lactamase	ARO_3000582__L1_BLA__H	L1 beta-lactamase	cephalosporin	antibiotic inactivation	185074.9	18377.74	62917.99	382552.98	0.0	3339422.36	69005.78	0.0	18738.12	76543.12	367353.17	455271.13	1645619.86	0.0	0.0	0.0	0.0	40261.63	39170.73	2253505.7	1129371.72	2151816.09	470086.73	1891709.2	647162.87	563204.99	0.0	210872.38	102371.8	123567.56	876717.94	0.0	27812.75	0.0	3644007.17	2320846.19
LEN beta-lactamase	multiple	LEN-25 | LEN-15 | LEN-6 | LEN-51 | LEN-17 | LEN-11 | LEN-36 | LEN-26 | LEN-20 | LEN-38 | LEN-12 | LEN-13 | LEN-43 | LEN-58 | LEN-9 | LEN-4 | LEN-22 | LEN-28 | LEN-21 | LEN-2 | LEN-18 | LEN-40 | LEN-30 | LEN-3 | LEN-24 | LEN-19 | LEN-7	penicillin beta-lactam	antibiotic inactivation	0.0	0.0	0.0	0.0	0.0	0.0	0.0	0.0	0.0	0.0	0.0	0.0	0.0	0.0	0.0	0.0	0.0	0.0	41267.13	0.0	0.0	0.0	0.0	0.0	0.0	0.0	0.0	0.0	0.0	0.0	0.0	0.0	0.0	0.0	0.0	0.0
MCR phosphoethanolamine transferase	ARO_3004684__MCR-9_1__H	MCR-9.1	peptide antibiotic	antibiotic target alteration	0.0	0.0	0.0	0.0	92003.14	344876.47	0.0	0.0	0.0	0.0	0.0	0.0	0.0	0.0	0.0	0.0	0.0	0.0	0.0	0.0	0.0	0.0	0.0	0.0	0.0	0.0	0.0	0.0	0.0	0.0	0.0	0.0	30491.02	29049.9	0.0	0.0
MCR phosphoethanolamine transferase	multiple	MCR-3.32 | MCR-3.24 | MCR-3.9 | MCR-3.2 | MCR-3.31 | MCR-3.40 | MCR-3.6 | MCR-3.41 | MCR-3.13 | MCR-3.4 | MCR-3.22 | MCR-3.33 | MCR-4.4 | MCR-4.7 | MCR-4.3 | MCR-3.8 | MCR-3.38 | MCR-3.27 | MCR-3.3 | MCR-3.16 | MCR-3.26 | MCR-3.23 | MCR-4.2 | MCR-3.1 | MCR-3.10 | MCR-3.18 | MCR-3.25 | MCR-3.12 | MCR-3.11 | MCR-3.35 | MCR-3.15 | MCR-3.21 | MCR-3.34 | MCR-3.37 | MCR-4.5 | MCR-3.14 | MCR-4.1 | MCR-4.6 | MCR-3.36	peptide antibiotic	antibiotic target alteration	0.0	0.0	0.0	0.0	0.0	0.0	0.0	0.0	61455.43	0.0	0.0	0.0	0.0	0.0	0.0	0.0	0.0	0.0	0.0	0.0	0.0	0.0	0.0	0.0	0.0	0.0	0.0	0.0	0.0	0.0	0.0	0.0	0.0	0.0	0.0	0.0
MCR phosphoethanolamine transferase	multiple	MCR-3.39 | MCR-3.16 | MCR-3.8 | MCR-3.25 | MCR-3.28 | MCR-3.34 | MCR-3.2 | MCR-3.14 | MCR-3.22 | MCR-3.1 | MCR-3.6 | MCR-3.4 | MCR-3.36 | MCR-3.29 | MCR-3.3 | MCR-3.18 | MCR-3.32 | MCR-3.41 | MCR-3.31 | MCR-3.37 | MCR-3.19 | MCR-3.26 | MCR-3.5 | MCR-3.9 | MCR-3.21 | MCR-3.11 | MCR-3.35 | MCR-3.40 | MCR-3.23 | MCR-3.24 | MCR-3.10	peptide antibiotic	antibiotic target alteration	0.0	0.0	0.0	0.0	0.0	0.0	0.0	40484.89	0.0	0.0	0.0	0.0	0.0	0.0	0.0	0.0	0.0	0.0	0.0	0.0	0.0	0.0	0.0	0.0	0.0	0.0	0.0	0.0	0.0	0.0	0.0	0.0	0.0	0.0	0.0	0.0
MCR phosphoethanolamine transferase	multiple	MCR-4.1 | MCR-4.6 | MCR-4.2 | MCR-4.4 | MCR-4.7 | MCR-4.3 | MCR-4.5	peptide antibiotic	antibiotic target alteration	0.0	0.0	0.0	0.0	0.0	0.0	0.0	0.0	0.0	0.0	0.0	0.0	0.0	0.0	0.0	0.0	51018.58	0.0	0.0	0.0	0.0	0.0	0.0	0.0	0.0	0.0	0.0	0.0	0.0	0.0	0.0	0.0	0.0	0.0	0.0	0.0
MCR phosphoethanolamine transferase	multiple	MCR-4.1 | MCR-4.7 | MCR-4.5 | MCR-4.2 | MCR-4.3 | MCR-4.6 | MCR-4.4	peptide antibiotic	antibiotic target alteration	0.0	0.0	0.0	0.0	0.0	0.0	0.0	0.0	0.0	0.0	0.0	0.0	0.0	0.0	42020.34	0.0	0.0	0.0	0.0	0.0	0.0	0.0	0.0	0.0	0.0	0.0	0.0	0.0	0.0	0.0	0.0	0.0	0.0	0.0	0.0	0.0
MCR phosphoethanolamine transferase	multiple	MCR-4.3 | MCR-4.1 | MCR-3.41 | MCR-4.4 | MCR-4.6 | MCR-3.33 | MCR-3.25 | MCR-3.13 | MCR-3.17 | MCR-3.18 | MCR-3.8 | MCR-3.34 | MCR-4.7 | MCR-3.14 | MCR-3.37 | MCR-3.9 | MCR-3.35 | MCR-4.5 | MCR-3.36 | MCR-3.3 | MCR-4.2 | MCR-3.6 | MCR-3.32 | MCR-3.16 | MCR-3.31	peptide antibiotic	antibiotic target alteration	0.0	0.0	0.0	0.0	0.0	0.0	0.0	0.0	0.0	83709.32	0.0	0.0	0.0	0.0	0.0	0.0	0.0	0.0	0.0	0.0	0.0	0.0	0.0	0.0	0.0	0.0	0.0	0.0	0.0	0.0	0.0	0.0	0.0	0.0	0.0	0.0
MCR phosphoethanolamine transferase	multiple	MCR-4.3 | MCR-4.2 | MCR-4.5 | MCR-4.7 | MCR-4.6 | MCR-4.4 | MCR-4.1	peptide antibiotic	antibiotic target alteration	0.0	0.0	0.0	0.0	0.0	0.0	0.0	0.0	0.0	0.0	0.0	0.0	0.0	0.0	0.0	0.0	0.0	0.0	823597.06	0.0	0.0	0.0	0.0	0.0	0.0	0.0	0.0	0.0	0.0	0.0	0.0	0.0	0.0	0.0	0.0	0.0
MCR phosphoethanolamine transferase	multiple	MCR-4.7 | MCR-4.1 | MCR-4.6 | MCR-4.5 | MCR-4.2 | MCR-4.4 | MCR-4.3	peptide antibiotic	antibiotic target alteration	0.0	0.0	0.0	0.0	0.0	0.0	0.0	0.0	0.0	0.0	0.0	0.0	0.0	0.0	0.0	122166.45	0.0	0.0	0.0	0.0	0.0	0.0	0.0	0.0	0.0	0.0	0.0	0.0	0.0	0.0	0.0	0.0	0.0	0.0	0.0	0.0
MCR phosphoethanolamine transferase	multiple	MCR-5.1 | MCR-5.4 | MCR-5.2 | MCR-5.3	peptide antibiotic	antibiotic target alteration	28575.17	0.0	0.0	0.0	0.0	0.0	0.0	0.0	0.0	0.0	0.0	0.0	0.0	0.0	0.0	0.0	0.0	0.0	0.0	0.0	0.0	0.0	0.0	0.0	0.0	0.0	0.0	0.0	0.0	0.0	0.0	0.0	0.0	0.0	0.0	0.0
MCR phosphoethanolamine transferase	multiple	MCR-5.1 | MCR-5.4 | MCR-5.3 | MCR-5.2	peptide antibiotic	antibiotic target alteration	0.0	79449.53	0.0	0.0	0.0	0.0	0.0	0.0	0.0	0.0	0.0	0.0	0.0	0.0	0.0	0.0	0.0	0.0	0.0	0.0	0.0	0.0	0.0	0.0	0.0	0.0	0.0	0.0	0.0	0.0	0.0	0.0	0.0	0.0	0.0	0.0
MCR phosphoethanolamine transferase	multiple	MCR-5.3 | MCR-5.1 | MCR-5.4 | MCR-5.2	peptide antibiotic	antibiotic target alteration	0.0	0.0	226669.39	0.0	0.0	0.0	0.0	0.0	0.0	0.0	0.0	0.0	0.0	0.0	0.0	0.0	0.0	0.0	0.0	0.0	0.0	0.0	0.0	0.0	0.0	0.0	0.0	0.0	0.0	0.0	0.0	0.0	0.0	0.0	0.0	0.0
MIR beta-lactamase	ARO_3002179__MIR-14__H	MIR-14	cephalosporin;monobactam	antibiotic inactivation	20486.97	0.0	0.0	0.0	0.0	0.0	0.0	0.0	0.0	0.0	0.0	0.0	0.0	0.0	0.0	0.0	0.0	0.0	0.0	0.0	0.0	0.0	0.0	0.0	0.0	0.0	44955.39	0.0	15864.95	0.0	0.0	0.0	21551.24	0.0	0.0	0.0
MIR beta-lactamase	ARO_3006859__MIR-19__H	MIR-19	cephalosporin;monobactam	antibiotic inactivation	0.0	0.0	0.0	0.0	0.0	0.0	0.0	0.0	0.0	0.0	0.0	0.0	0.0	0.0	29810.24	0.0	0.0	0.0	0.0	0.0	0.0	0.0	0.0	0.0	0.0	0.0	0.0	0.0	0.0	0.0	0.0	0.0	0.0	0.0	0.0	0.0
MIR beta-lactamase	multiple	MIR-12 | MIR-2 | MIR-20 | MIR-19 | MIR-18 | MIR-32 | MIR-11 | MIR-7 | MIR-28 | MIR-35 | MIR-6 | MIR-5 | MIR-33 | MIR-1 | MIR-24 | MIR-10 | MIR-17	cephalosporin;monobactam	antibiotic inactivation	0.0	0.0	0.0	0.0	0.0	0.0	0.0	0.0	0.0	0.0	0.0	0.0	44741.75	0.0	0.0	0.0	0.0	0.0	0.0	0.0	0.0	0.0	0.0	0.0	0.0	0.0	0.0	0.0	0.0	0.0	0.0	0.0	0.0	0.0	0.0	0.0
MIR beta-lactamase	multiple	MIR-18 | MIR-28 | MIR-10 | MIR-2 | MIR-34 | MIR-21 | MIR-32 | MIR-3 | MIR-5 | MIR-13 | ACT-91 | MIR-19 | MIR-17 | MIR-7 | MIR-24 | MIR-9 | MIR-6 | MIR-30 | MIR-12 | MIR-14 | MIR-16 | MIR-35 | MIR-25 | MIR-11 | MIR-4 | MIR-31 | MIR-22 | MIR-27 | MIR-15 | MIR-1 | MIR-20 | MIR-23 | MIR-33	cephalosporin;monobactam | carbapenem;cephalosporin;penicillin beta-lactam	antibiotic inactivation	0.0	0.0	0.0	0.0	0.0	0.0	0.0	0.0	0.0	0.0	0.0	0.0	0.0	0.0	0.0	0.0	0.0	0.0	0.0	0.0	0.0	727259.66	0.0	0.0	0.0	0.0	0.0	0.0	0.0	0.0	0.0	0.0	0.0	0.0	0.0	0.0
MIR beta-lactamase	multiple	MIR-19 | MIR-24 | ACT-173 | MIR-30 | MIR-9 | ACT-91 | MIR-23 | MIR-34 | MIR-5 | MIR-11 | MIR-1 | MIR-17 | MIR-7 | MIR-32 | MIR-20 | MIR-28 | MIR-31 | MIR-12 | MIR-27 | MIR-21 | MIR-13 | MIR-22 | MIR-16 | MIR-35 | MIR-15 | MIR-6 | MIR-2 | MIR-4 | MIR-25 | MIR-10 | MIR-14 | MIR-18 | MIR-33 | MIR-3	cephalosporin;monobactam | carbapenem;cephalosporin;penicillin beta-lactam	antibiotic inactivation	0.0	0.0	0.0	0.0	0.0	0.0	0.0	0.0	0.0	0.0	0.0	0.0	0.0	0.0	3353910.71	0.0	0.0	0.0	0.0	0.0	0.0	0.0	0.0	0.0	0.0	0.0	0.0	0.0	0.0	0.0	0.0	0.0	0.0	0.0	0.0	0.0
MIR beta-lactamase	multiple	MIR-33 | MIR-2 | MIR-7 | MIR-35 | MIR-28 | MIR-5 | MIR-23 | MIR-16 | MIR-34 | MIR-15 | MIR-12 | MIR-31 | MIR-14 | MIR-13 | MIR-20 | MIR-6 | MIR-4 | MIR-30 | ACT-91 | MIR-32 | MIR-25 | MIR-9 | MIR-11 | MIR-17 | MIR-27 | MIR-24 | MIR-21 | MIR-10 | MIR-1 | MIR-18 | MIR-22 | MIR-3 | MIR-19	cephalosporin;monobactam | carbapenem;cephalosporin;penicillin beta-lactam	antibiotic inactivation	0.0	0.0	0.0	0.0	0.0	0.0	0.0	0.0	0.0	0.0	0.0	0.0	0.0	0.0	0.0	0.0	0.0	0.0	7163116.02	0.0	0.0	0.0	0.0	0.0	0.0	0.0	0.0	0.0	0.0	0.0	0.0	0.0	0.0	0.0	0.0	0.0
MIR beta-lactamase	multiple	MIR-35 | MIR-32 | MIR-23 | MIR-24 | MIR-6 | MIR-13 | MIR-31 | MIR-19 | MIR-9 | MIR-21 | MIR-25 | MIR-16 | MIR-30 | MIR-18 | MIR-5 | MIR-10 | MIR-33 | MIR-28 | MIR-12 | MIR-20 | MIR-11 | MIR-3 | MIR-27 | MIR-34 | MIR-17 | MIR-22 | MIR-15 | MIR-2 | MIR-1 | MIR-7 | MIR-4	cephalosporin;monobactam	antibiotic inactivation	0.0	0.0	0.0	0.0	0.0	0.0	0.0	0.0	0.0	0.0	0.0	0.0	0.0	1751334.97	0.0	0.0	0.0	0.0	0.0	0.0	0.0	0.0	0.0	0.0	0.0	0.0	0.0	0.0	0.0	0.0	0.0	0.0	0.0	0.0	0.0	0.0
MIR beta-lactamase	multiple	MIR-5 | MIR-33 | MIR-20 | MIR-32 | MIR-3 | ACT-91 | MIR-15 | MIR-30 | MIR-6 | MIR-28 | MIR-21 | MIR-16 | MIR-34 | MIR-17 | MIR-23 | MIR-31 | MIR-24 | MIR-13 | MIR-22 | ACT-173 | MIR-1 | MIR-2 | MIR-19 | MIR-35 | MIR-10 | MIR-25 | MIR-4 | MIR-7 | MIR-27 | MIR-18 | MIR-12 | MIR-11 | MIR-9 | MIR-14	cephalosporin;monobactam | carbapenem;cephalosporin;penicillin beta-lactam	antibiotic inactivation	0.0	0.0	0.0	0.0	0.0	0.0	0.0	0.0	0.0	0.0	0.0	0.0	0.0	0.0	0.0	0.0	16360862.72	0.0	0.0	0.0	0.0	0.0	0.0	0.0	0.0	0.0	0.0	0.0	0.0	0.0	0.0	0.0	0.0	0.0	0.0	0.0
OCH beta-lactamase	ARO_3002515__OCH-2__H	OCH-2	cephalosporin;monobactam;penicillin beta-lactam	antibiotic inactivation	0.0	0.0	0.0	0.0	0.0	0.0	0.0	0.0	0.0	0.0	0.0	0.0	0.0	0.0	0.0	0.0	0.0	0.0	0.0	0.0	13358.94	17329.75	0.0	0.0	0.0	0.0	0.0	0.0	0.0	0.0	0.0	0.0	0.0	0.0	0.0	0.0
OCH beta-lactamase	ARO_3002516__OCH-3__H	OCH-3	cephalosporin;monobactam;penicillin beta-lactam	antibiotic inactivation	0.0	0.0	0.0	0.0	0.0	0.0	0.0	0.0	0.0	0.0	0.0	0.0	0.0	0.0	0.0	0.0	0.0	15239.7	0.0	0.0	0.0	0.0	0.0	0.0	0.0	0.0	0.0	0.0	0.0	0.0	0.0	0.0	0.0	0.0	0.0	0.0
OCH beta-lactamase	ARO_3002518__OCH-5__H	OCH-5	cephalosporin;monobactam;penicillin beta-lactam	antibiotic inactivation	0.0	0.0	0.0	0.0	0.0	0.0	0.0	0.0	0.0	0.0	0.0	0.0	0.0	0.0	0.0	0.0	0.0	0.0	14826.77	0.0	0.0	0.0	0.0	0.0	0.0	0.0	0.0	0.0	0.0	0.0	0.0	0.0	0.0	0.0	0.0	0.0
OCH beta-lactamase	ARO_3002521__OCH-8__H	OCH-8	cephalosporin;monobactam;penicillin beta-lactam	antibiotic inactivation	0.0	0.0	0.0	0.0	0.0	0.0	0.0	0.0	0.0	0.0	0.0	0.0	0.0	0.0	0.0	0.0	0.0	0.0	14826.77	0.0	0.0	0.0	0.0	0.0	0.0	0.0	0.0	0.0	0.0	0.0	0.0	0.0	0.0	0.0	0.0	0.0
OCH beta-lactamase	multiple	OCH-1 | OCH-2 | OCH-5 | OCH-6 | OCH-8 | OCH-3 | OCH-7 | OCH-4	cephalosporin;monobactam;penicillin beta-lactam	antibiotic inactivation	0.0	0.0	0.0	0.0	0.0	0.0	0.0	0.0	0.0	0.0	0.0	0.0	0.0	0.0	0.0	0.0	0.0	0.0	0.0	0.0	0.0	0.0	0.0	0.0	0.0	0.0	3008561.62	0.0	0.0	0.0	0.0	0.0	0.0	0.0	0.0	0.0
OCH beta-lactamase	multiple	OCH-1 | OCH-5 | OCH-7 | OCH-6 | OCH-3	cephalosporin;monobactam;penicillin beta-lactam	antibiotic inactivation	0.0	0.0	0.0	0.0	0.0	0.0	0.0	0.0	14185.38	0.0	0.0	0.0	0.0	0.0	0.0	0.0	0.0	0.0	0.0	0.0	0.0	0.0	0.0	0.0	0.0	0.0	0.0	0.0	0.0	0.0	0.0	0.0	0.0	0.0	0.0	0.0
OCH beta-lactamase	multiple	OCH-2 | OCH-1 | OCH-5 | OCH-6 | OCH-4 | OCH-3 | OCH-8 | OCH-7	cephalosporin;monobactam;penicillin beta-lactam	antibiotic inactivation	0.0	0.0	0.0	0.0	0.0	0.0	0.0	0.0	0.0	0.0	0.0	0.0	0.0	0.0	0.0	0.0	0.0	0.0	0.0	82547.36	0.0	0.0	0.0	0.0	0.0	0.0	0.0	0.0	0.0	0.0	0.0	0.0	0.0	0.0	0.0	0.0
OCH beta-lactamase	multiple	OCH-2 | OCH-8 | OCH-5 | OCH-7 | OCH-6 | OCH-4 | OCH-3 | OCH-1	cephalosporin;monobactam;penicillin beta-lactam	antibiotic inactivation	0.0	0.0	0.0	0.0	0.0	0.0	0.0	0.0	0.0	0.0	0.0	0.0	0.0	0.0	0.0	12096.13	0.0	0.0	0.0	0.0	0.0	0.0	0.0	0.0	0.0	0.0	0.0	0.0	0.0	0.0	0.0	0.0	0.0	0.0	0.0	0.0
OCH beta-lactamase	multiple	OCH-4 | OCH-2 | OCH-8 | OCH-6 | OCH-3 | OCH-1 | OCH-5 | OCH-7	cephalosporin;monobactam;penicillin beta-lactam	antibiotic inactivation	0.0	0.0	0.0	0.0	0.0	0.0	0.0	0.0	0.0	0.0	0.0	0.0	0.0	0.0	0.0	0.0	0.0	0.0	0.0	0.0	948484.5	0.0	0.0	0.0	0.0	0.0	0.0	0.0	0.0	0.0	0.0	0.0	0.0	0.0	0.0	0.0
OCH beta-lactamase	multiple	OCH-4 | OCH-6 | OCH-5 | OCH-1 | OCH-8 | OCH-7 | OCH-2	cephalosporin;monobactam;penicillin beta-lactam	antibiotic inactivation	0.0	0.0	0.0	0.0	0.0	0.0	0.0	0.0	0.0	0.0	0.0	0.0	0.0	0.0	0.0	0.0	0.0	0.0	0.0	0.0	0.0	0.0	0.0	20754.88	0.0	0.0	0.0	0.0	0.0	0.0	0.0	0.0	0.0	0.0	0.0	0.0
OCH beta-lactamase	multiple	OCH-4 | OCH-8 | OCH-3 | OCH-2 | OCH-7 | OCH-1 | OCH-6 | OCH-5	cephalosporin;monobactam;penicillin beta-lactam	antibiotic inactivation	0.0	0.0	0.0	0.0	0.0	0.0	0.0	0.0	0.0	0.0	0.0	0.0	0.0	0.0	0.0	0.0	0.0	0.0	0.0	0.0	0.0	0.0	0.0	0.0	0.0	0.0	0.0	0.0	0.0	0.0	520200.93	0.0	0.0	0.0	0.0	0.0
OCH beta-lactamase	multiple	OCH-4 | OCH-8 | OCH-5 | OCH-1	cephalosporin;monobactam;penicillin beta-lactam	antibiotic inactivation	0.0	0.0	0.0	0.0	0.0	0.0	0.0	0.0	0.0	0.0	0.0	0.0	0.0	0.0	0.0	0.0	0.0	0.0	0.0	0.0	0.0	0.0	0.0	0.0	0.0	0.0	0.0	0.0	0.0	0.0	0.0	0.0	0.0	20060.03	0.0	0.0
OCH beta-lactamase	multiple	OCH-4 | OCH-8 | OCH-5 | OCH-2 | OCH-6 | OCH-3 | OCH-7 | OCH-1	cephalosporin;monobactam;penicillin beta-lactam	antibiotic inactivation	0.0	0.0	0.0	0.0	0.0	0.0	0.0	0.0	0.0	0.0	0.0	0.0	0.0	0.0	0.0	0.0	0.0	0.0	192748.03	0.0	0.0	0.0	0.0	0.0	0.0	0.0	0.0	0.0	0.0	0.0	0.0	0.0	0.0	0.0	0.0	0.0
OCH beta-lactamase	multiple	OCH-5 | OCH-1 | OCH-7 | OCH-2 | OCH-4 | OCH-6 | OCH-3 | OCH-8	cephalosporin;monobactam;penicillin beta-lactam	antibiotic inactivation	0.0	0.0	0.0	0.0	0.0	0.0	0.0	0.0	0.0	0.0	0.0	0.0	0.0	0.0	0.0	0.0	0.0	0.0	0.0	0.0	0.0	1698315.31	0.0	0.0	0.0	0.0	0.0	0.0	0.0	0.0	0.0	0.0	0.0	0.0	0.0	0.0
OCH beta-lactamase	multiple	OCH-5 | OCH-2 | OCH-1 | OCH-4 | OCH-6 | OCH-8 | OCH-7 | OCH-3	cephalosporin;monobactam;penicillin beta-lactam	antibiotic inactivation	0.0	0.0	0.0	0.0	0.0	0.0	0.0	0.0	0.0	0.0	0.0	0.0	0.0	0.0	0.0	0.0	0.0	0.0	0.0	0.0	0.0	0.0	0.0	0.0	0.0	0.0	0.0	0.0	0.0	187089.5	0.0	0.0	0.0	0.0	0.0	0.0
OCH beta-lactamase	multiple	OCH-5 | OCH-2 | OCH-1 | OCH-6 | OCH-7 | OCH-4 | OCH-8 | OCH-3	cephalosporin;monobactam;penicillin beta-lactam	antibiotic inactivation	0.0	0.0	0.0	0.0	0.0	0.0	0.0	0.0	0.0	0.0	505633.75	0.0	0.0	0.0	0.0	0.0	0.0	0.0	0.0	0.0	0.0	0.0	0.0	0.0	0.0	0.0	0.0	0.0	0.0	0.0	0.0	0.0	0.0	0.0	0.0	0.0
OCH beta-lactamase	multiple	OCH-5 | OCH-3 | OCH-2 | OCH-1 | OCH-4 | OCH-7 | OCH-6 | OCH-8	cephalosporin;monobactam;penicillin beta-lactam	antibiotic inactivation	0.0	0.0	0.0	0.0	0.0	0.0	0.0	56072.95	0.0	0.0	0.0	0.0	0.0	0.0	0.0	0.0	0.0	0.0	0.0	0.0	0.0	0.0	0.0	0.0	0.0	0.0	0.0	0.0	0.0	0.0	0.0	0.0	0.0	0.0	0.0	0.0
OCH beta-lactamase	multiple	OCH-5 | OCH-6 | OCH-8 | OCH-4 | OCH-3 | OCH-1 | OCH-7	cephalosporin;monobactam;penicillin beta-lactam	antibiotic inactivation	0.0	0.0	0.0	0.0	0.0	0.0	0.0	0.0	0.0	0.0	0.0	0.0	0.0	0.0	0.0	0.0	0.0	0.0	0.0	0.0	0.0	0.0	0.0	0.0	0.0	0.0	0.0	0.0	0.0	0.0	0.0	0.0	0.0	0.0	0.0	14055.66
OCH beta-lactamase	multiple	OCH-5 | OCH-8 | OCH-4 | OCH-1 | OCH-3	cephalosporin;monobactam;penicillin beta-lactam	antibiotic inactivation	0.0	0.0	0.0	0.0	0.0	0.0	34826.44	0.0	0.0	0.0	0.0	0.0	0.0	0.0	0.0	0.0	0.0	0.0	0.0	0.0	0.0	0.0	0.0	0.0	0.0	0.0	0.0	0.0	0.0	0.0	0.0	0.0	0.0	0.0	0.0	0.0
OCH beta-lactamase	multiple	OCH-6 | OCH-1 | OCH-2 | OCH-3 | OCH-7 | OCH-8 | OCH-5 | OCH-4	cephalosporin;monobactam;penicillin beta-lactam	antibiotic inactivation	0.0	0.0	0.0	0.0	0.0	0.0	0.0	0.0	0.0	0.0	0.0	0.0	0.0	0.0	0.0	0.0	0.0	228595.46	0.0	0.0	0.0	0.0	0.0	0.0	0.0	0.0	0.0	0.0	0.0	0.0	0.0	0.0	0.0	0.0	0.0	0.0
OCH beta-lactamase	multiple	OCH-6 | OCH-5 | OCH-2 | OCH-8 | OCH-4 | OCH-3 | OCH-7 | OCH-1	cephalosporin;monobactam;penicillin beta-lactam	antibiotic inactivation	0.0	0.0	0.0	0.0	0.0	0.0	0.0	0.0	0.0	0.0	0.0	253956.6	0.0	0.0	0.0	0.0	0.0	0.0	0.0	0.0	0.0	0.0	0.0	0.0	0.0	0.0	0.0	0.0	0.0	0.0	0.0	0.0	0.0	0.0	0.0	0.0
OCH beta-lactamase	multiple	OCH-6 | OCH-8 | OCH-1 | OCH-7 | OCH-4 | OCH-5	cephalosporin;monobactam;penicillin beta-lactam	antibiotic inactivation	0.0	0.0	0.0	0.0	0.0	0.0	0.0	0.0	0.0	0.0	0.0	0.0	0.0	0.0	29124.07	0.0	0.0	0.0	0.0	0.0	0.0	0.0	0.0	0.0	0.0	0.0	0.0	0.0	0.0	0.0	0.0	0.0	0.0	0.0	0.0	0.0
OCH beta-lactamase	multiple	OCH-7 | OCH-4 | OCH-2 | OCH-8 | OCH-6 | OCH-1 | OCH-5 | OCH-3	cephalosporin;monobactam;penicillin beta-lactam	antibiotic inactivation	0.0	0.0	0.0	0.0	0.0	0.0	0.0	0.0	0.0	77260.92	0.0	0.0	0.0	0.0	0.0	0.0	0.0	0.0	0.0	0.0	0.0	0.0	0.0	0.0	0.0	0.0	0.0	0.0	0.0	0.0	0.0	0.0	0.0	0.0	0.0	0.0
OCH beta-lactamase	multiple	OCH-8 | OCH-6 | OCH-1 | OCH-5 | OCH-4 | OCH-3 | OCH-7 | OCH-2	cephalosporin;monobactam;penicillin beta-lactam	antibiotic inactivation	0.0	0.0	0.0	0.0	0.0	0.0	0.0	0.0	0.0	0.0	0.0	0.0	0.0	0.0	0.0	0.0	0.0	0.0	0.0	0.0	0.0	0.0	0.0	0.0	0.0	0.0	0.0	0.0	263496.11	0.0	0.0	0.0	0.0	0.0	0.0	0.0
OCH beta-lactamase	multiple	OCH-8 | OCH-6 | OCH-7 | OCH-1 | OCH-5 | OCH-2 | OCH-3 | OCH-4	cephalosporin;monobactam;penicillin beta-lactam	antibiotic inactivation	0.0	0.0	0.0	0.0	0.0	0.0	0.0	0.0	0.0	0.0	0.0	0.0	0.0	0.0	0.0	0.0	0.0	0.0	0.0	0.0	0.0	0.0	0.0	0.0	0.0	0.0	0.0	407962.25	0.0	0.0	0.0	0.0	0.0	0.0	0.0	0.0
ORN beta-lactamase	multiple	ORN-1 | ORN-2 | ORN-3 | ORN-4 | ORN-5 | ORN-6 | PLA-1	carbapenem;cephalosporin	antibiotic inactivation	0.0	0.0	0.0	0.0	0.0	0.0	0.0	0.0	0.0	0.0	0.0	0.0	0.0	0.0	0.0	0.0	0.0	0.0	0.0	0.0	0.0	17705601.84	0.0	0.0	0.0	0.0	0.0	0.0	0.0	0.0	0.0	0.0	0.0	0.0	0.0	0.0
ORN beta-lactamase	multiple	ORN-1 | ORN-3 | ORN-6 | ORN-5 | PLA-1 | ORN-2 | ORN-4	carbapenem;cephalosporin	antibiotic inactivation	0.0	0.0	0.0	0.0	0.0	0.0	0.0	0.0	0.0	0.0	0.0	0.0	0.0	0.0	0.0	0.0	0.0	0.0	0.0	0.0	0.0	0.0	0.0	0.0	0.0	0.0	0.0	0.0	0.0	0.0	0.0	0.0	592068.72	0.0	0.0	0.0
ORN beta-lactamase	multiple	ORN-1 | ORN-5 | ORN-3 | ORN-2 | ORN-6 | ORN-4 | PLA-1	carbapenem;cephalosporin	antibiotic inactivation	0.0	0.0	0.0	0.0	0.0	0.0	0.0	0.0	0.0	0.0	0.0	0.0	0.0	0.0	0.0	0.0	0.0	0.0	0.0	0.0	1842481.01	0.0	0.0	0.0	0.0	0.0	0.0	0.0	0.0	0.0	0.0	0.0	0.0	0.0	0.0	0.0
ORN beta-lactamase	multiple	ORN-1 | PLA-1 | ORN-3 | ORN-2 | ORN-4 | ORN-6 | ORN-5	carbapenem;cephalosporin	antibiotic inactivation	0.0	0.0	0.0	0.0	0.0	0.0	0.0	0.0	0.0	0.0	0.0	0.0	0.0	0.0	0.0	0.0	0.0	0.0	0.0	0.0	0.0	0.0	0.0	0.0	0.0	0.0	0.0	166258.59	0.0	0.0	0.0	0.0	0.0	0.0	0.0	0.0
ORN beta-lactamase	multiple	ORN-2 | ORN-4 | ORN-5 | ORN-1 | ORN-3 | ORN-6	carbapenem;cephalosporin	antibiotic inactivation	0.0	0.0	0.0	0.0	0.0	0.0	0.0	0.0	0.0	0.0	0.0	0.0	0.0	0.0	0.0	0.0	0.0	0.0	0.0	0.0	0.0	0.0	238263.14	0.0	0.0	0.0	0.0	0.0	0.0	0.0	0.0	0.0	0.0	0.0	0.0	0.0
ORN beta-lactamase	multiple	ORN-2 | ORN-6 | PLA-1 | ORN-4 | ORN-5 | ORN-1 | ORN-3	carbapenem;cephalosporin	antibiotic inactivation	0.0	0.0	0.0	0.0	0.0	0.0	0.0	0.0	0.0	0.0	0.0	0.0	0.0	0.0	0.0	0.0	0.0	0.0	0.0	0.0	0.0	0.0	0.0	0.0	0.0	1670470.01	0.0	0.0	0.0	0.0	0.0	0.0	0.0	0.0	0.0	0.0
ORN beta-lactamase	multiple	ORN-3 | ORN-5 | ORN-6 | ORN-1 | ORN-4 | ORN-2	carbapenem;cephalosporin	antibiotic inactivation	0.0	0.0	0.0	0.0	0.0	0.0	0.0	0.0	0.0	0.0	0.0	0.0	0.0	0.0	0.0	0.0	0.0	0.0	0.0	0.0	0.0	0.0	0.0	0.0	0.0	0.0	0.0	0.0	415096.61	0.0	0.0	0.0	0.0	0.0	0.0	0.0
ORN beta-lactamase	multiple	ORN-4 | ORN-2 | ORN-6 | ORN-3 | ORN-1 | ORN-5	carbapenem;cephalosporin	antibiotic inactivation	0.0	0.0	0.0	0.0	0.0	0.0	0.0	0.0	0.0	0.0	0.0	0.0	0.0	0.0	0.0	0.0	0.0	0.0	0.0	0.0	0.0	0.0	0.0	0.0	0.0	0.0	0.0	0.0	0.0	0.0	552452.4	0.0	0.0	0.0	0.0	0.0
ORN beta-lactamase	multiple	ORN-4 | ORN-2 | ORN-6 | PLA-1 | ORN-3 | ORN-5 | ORN-1	carbapenem;cephalosporin	antibiotic inactivation	0.0	0.0	0.0	0.0	0.0	0.0	0.0	0.0	0.0	0.0	0.0	0.0	0.0	0.0	0.0	0.0	0.0	0.0	0.0	0.0	0.0	0.0	0.0	0.0	0.0	0.0	0.0	0.0	0.0	0.0	0.0	0.0	0.0	483501.74	0.0	0.0
ORN beta-lactamase	multiple	ORN-6 | ORN-1 | ORN-5 | ORN-2 | ORN-4 | ORN-3	carbapenem;cephalosporin	antibiotic inactivation	0.0	0.0	0.0	0.0	0.0	0.0	0.0	0.0	0.0	0.0	0.0	0.0	0.0	0.0	0.0	0.0	0.0	0.0	0.0	0.0	0.0	0.0	0.0	0.0	713074.03	0.0	0.0	0.0	0.0	0.0	0.0	0.0	0.0	0.0	0.0	0.0
ORN beta-lactamase	multiple	PLA-1 | ORN-5 | ORN-1 | ORN-3 | ORN-6 | ORN-2 | ORN-4	carbapenem;cephalosporin	antibiotic inactivation	0.0	0.0	0.0	0.0	0.0	0.0	0.0	0.0	0.0	0.0	0.0	0.0	0.0	0.0	0.0	0.0	0.0	0.0	0.0	1326411.66	0.0	0.0	0.0	0.0	0.0	0.0	0.0	0.0	0.0	0.0	0.0	0.0	0.0	0.0	0.0	0.0
OXA beta-lactamase	ARO_3001424__OXA-29__H	OXA-29	penicillin beta-lactam	antibiotic inactivation	0.0	0.0	0.0	0.0	0.0	0.0	153001.57	0.0	0.0	56571.2	0.0	159385.28	0.0	0.0	0.0	0.0	0.0	0.0	86850.45	0.0	0.0	0.0	0.0	0.0	0.0	0.0	0.0	0.0	0.0	0.0	0.0	0.0	0.0	0.0	0.0	0.0
OXA beta-lactamase	ARO_3001427__OXA-33__H	OXA-33	penicillin beta-lactam	antibiotic inactivation	0.0	0.0	0.0	0.0	0.0	0.0	0.0	0.0	0.0	0.0	0.0	0.0	0.0	0.0	0.0	0.0	0.0	0.0	0.0	0.0	0.0	0.0	0.0	0.0	0.0	0.0	0.0	0.0	23673.48	0.0	0.0	0.0	0.0	0.0	0.0	0.0
OXA beta-lactamase	ARO_3001428__OXA-34__H	OXA-34	penicillin beta-lactam	antibiotic inactivation	0.0	0.0	0.0	0.0	32219.0	0.0	0.0	0.0	0.0	0.0	0.0	0.0	0.0	0.0	0.0	0.0	0.0	0.0	0.0	0.0	0.0	0.0	0.0	0.0	0.0	0.0	0.0	0.0	0.0	0.0	0.0	0.0	0.0	0.0	0.0	0.0
OXA beta-lactamase	ARO_3001430__OXA-36__H	OXA-36	penicillin beta-lactam	antibiotic inactivation	0.0	0.0	0.0	0.0	0.0	19411.43	0.0	0.0	0.0	0.0	0.0	0.0	0.0	0.0	0.0	0.0	22481.36	0.0	0.0	43734.44	0.0	0.0	0.0	0.0	0.0	0.0	0.0	0.0	0.0	0.0	0.0	0.0	0.0	0.0	0.0	0.0
OXA beta-lactamase	ARO_3001452__OXA-140__H	OXA-140	penicillin beta-lactam	antibiotic inactivation	0.0	0.0	0.0	0.0	0.0	0.0	0.0	0.0	0.0	0.0	0.0	0.0	0.0	0.0	0.0	0.0	0.0	0.0	0.0	0.0	0.0	0.0	0.0	0.0	0.0	0.0	0.0	29512.16	51577.96	0.0	0.0	0.0	0.0	0.0	0.0	0.0
OXA beta-lactamase	ARO_3001777__OXA-347__H	OXA-347	penicillin beta-lactam	antibiotic inactivation	85374.81	929713.04	948116.86	960787.61	2619580.25	31082293.22	0.0	0.0	0.0	0.0	0.0	0.0	9415780.15	7084421.14	2008343.25	206381.97	241327.18	628374.28	1812963.69	0.0	59147250.47	27670440.28	1951653.6	265587.0	363434.39	246975.82	6057370.49	9759940.61	4429609.11	21790427.3	3111551.67	145753.42	598732.7	1083825.31	0.0	259799.74
OXA beta-lactamase	ARO_3001780__OXA-85__H	OXA-85	penicillin beta-lactam	antibiotic inactivation	0.0	0.0	0.0	0.0	0.0	0.0	80100.82	0.0	0.0	0.0	0.0	0.0	0.0	0.0	0.0	0.0	0.0	0.0	0.0	0.0	0.0	0.0	0.0	0.0	0.0	0.0	0.0	0.0	0.0	0.0	0.0	0.0	0.0	0.0	0.0	0.0
OXA beta-lactamase	ARO_3006105__OXA-919__H	OXA-919	penicillin beta-lactam	antibiotic inactivation	0.0	0.0	0.0	0.0	0.0	0.0	0.0	0.0	0.0	0.0	0.0	0.0	0.0	0.0	0.0	0.0	0.0	0.0	0.0	0.0	0.0	0.0	0.0	0.0	0.0	0.0	0.0	150768.66	0.0	22086.95	0.0	0.0	0.0	0.0	0.0	0.0
OXA beta-lactamase	ARO_3008509__OXA-1091__H	OXA-1091	penicillin beta-lactam	antibiotic inactivation	0.0	0.0	0.0	0.0	0.0	0.0	0.0	0.0	20316.79	55327.87	36209.3	0.0	0.0	0.0	0.0	0.0	0.0	0.0	0.0	0.0	0.0	0.0	0.0	0.0	0.0	0.0	0.0	0.0	0.0	0.0	0.0	0.0	0.0	0.0	0.0	0.0
OXA beta-lactamase	ARO_3008648__OXA-1238__H	OXA-1238	penicillin beta-lactam	antibiotic inactivation	254275.16	0.0	0.0	0.0	4184980.28	34478.07	0.0	105533.21	100117.04	163586.75	392550.68	588919.98	61701.62	7617164.21	678317.58	1656209.11	39930.79	494767.5	711577.98	38839.97	565705.15	171232.93	287046.26	58593.2	150337.63	156031.65	154990.59	50074.79	131272.43	264086.62	962174.2	48233.68	89161.46	169894.71	200260.65	119041.81
OXA beta-lactamase	multiple	OXA-1043 | OXA-209 | OXA-1142 | OXA-347	penicillin beta-lactam	antibiotic inactivation	0.0	0.0	0.0	0.0	0.0	0.0	0.0	0.0	0.0	0.0	0.0	0.0	2764777.22	0.0	0.0	0.0	0.0	0.0	0.0	0.0	0.0	0.0	0.0	0.0	0.0	0.0	0.0	0.0	0.0	0.0	0.0	0.0	0.0	0.0	0.0	0.0
OXA beta-lactamase	multiple	OXA-1043 | OXA-209 | OXA-347 | OXA-1142	penicillin beta-lactam	antibiotic inactivation	0.0	0.0	0.0	0.0	0.0	9251974.5	0.0	0.0	0.0	0.0	0.0	0.0	0.0	0.0	0.0	0.0	0.0	0.0	0.0	0.0	0.0	0.0	0.0	0.0	0.0	0.0	0.0	0.0	0.0	0.0	0.0	0.0	0.0	0.0	0.0	0.0
OXA beta-lactamase	multiple	OXA-1043 | OXA-36 | OXA-34 | OXA-1142	penicillin beta-lactam	antibiotic inactivation	0.0	0.0	0.0	0.0	0.0	0.0	183131.56	0.0	0.0	0.0	0.0	0.0	0.0	0.0	0.0	0.0	0.0	0.0	0.0	0.0	0.0	0.0	0.0	0.0	0.0	0.0	0.0	0.0	0.0	0.0	0.0	0.0	0.0	0.0	0.0	0.0
OXA beta-lactamase	multiple	OXA-1142 | OXA-1043	penicillin beta-lactam	antibiotic inactivation	0.0	0.0	0.0	0.0	0.0	0.0	0.0	0.0	0.0	0.0	0.0	0.0	0.0	0.0	0.0	0.0	0.0	0.0	0.0	0.0	0.0	0.0	0.0	392182.37	0.0	0.0	0.0	0.0	0.0	0.0	0.0	0.0	0.0	0.0	68738.79	0.0
OXA beta-lactamase	multiple	OXA-1142 | OXA-1043 | OXA-347 | OXA-36 | OXA-34 | OXA-209	penicillin beta-lactam	antibiotic inactivation	0.0	0.0	0.0	0.0	686987.6	0.0	0.0	0.0	0.0	0.0	0.0	0.0	0.0	0.0	0.0	0.0	0.0	0.0	0.0	0.0	0.0	0.0	0.0	0.0	0.0	0.0	0.0	0.0	0.0	0.0	0.0	0.0	0.0	0.0	0.0	0.0
OXA beta-lactamase	multiple	OXA-1142 | OXA-347 | OXA-209 | OXA-1043	penicillin beta-lactam	antibiotic inactivation	0.0	0.0	0.0	0.0	0.0	0.0	0.0	0.0	0.0	0.0	0.0	0.0	0.0	0.0	0.0	0.0	0.0	0.0	0.0	0.0	0.0	0.0	0.0	0.0	0.0	0.0	0.0	0.0	0.0	0.0	0.0	0.0	0.0	0.0	0.0	626355.43
OXA beta-lactamase	multiple	OXA-209 | OXA-1251 | OXA-258 | OXA-347 | OXA-925	penicillin beta-lactam	antibiotic inactivation	0.0	0.0	0.0	0.0	0.0	0.0	0.0	0.0	0.0	0.0	0.0	0.0	0.0	0.0	0.0	0.0	0.0	0.0	0.0	0.0	0.0	0.0	0.0	0.0	0.0	0.0	0.0	0.0	0.0	0.0	0.0	0.0	0.0	684521.25	0.0	0.0
OXA beta-lactamase	multiple	OXA-209 | OXA-18 | OXA-347 | OXA-1239	penicillin beta-lactam	antibiotic inactivation	0.0	0.0	0.0	0.0	0.0	0.0	0.0	0.0	0.0	0.0	0.0	0.0	0.0	0.0	0.0	0.0	0.0	0.0	0.0	0.0	0.0	0.0	0.0	0.0	0.0	0.0	0.0	2202102.82	0.0	0.0	0.0	0.0	0.0	0.0	0.0	0.0
OXA beta-lactamase	multiple	OXA-209 | OXA-34 | OXA-36 | OXA-347	penicillin beta-lactam	antibiotic inactivation	0.0	0.0	0.0	0.0	0.0	0.0	0.0	0.0	0.0	0.0	0.0	0.0	0.0	0.0	0.0	0.0	0.0	0.0	0.0	0.0	0.0	0.0	0.0	0.0	63276.01	0.0	0.0	0.0	0.0	0.0	0.0	0.0	0.0	0.0	0.0	0.0
OXA beta-lactamase	multiple	OXA-209 | OXA-347	penicillin beta-lactam	antibiotic inactivation	0.0	316498.06	112871.05	0.0	0.0	0.0	0.0	0.0	0.0	0.0	0.0	0.0	0.0	0.0	0.0	0.0	0.0	0.0	0.0	39122.44	0.0	0.0	650551.2	0.0	0.0	89809.39	1686072.2	0.0	1123930.67	0.0	0.0	48584.47	0.0	0.0	0.0	0.0
OXA beta-lactamase	multiple	OXA-258 | OXA-209 | OXA-347 | OXA-925 | OXA-1251	penicillin beta-lactam	antibiotic inactivation	0.0	0.0	0.0	0.0	0.0	0.0	0.0	0.0	0.0	0.0	0.0	0.0	0.0	0.0	0.0	0.0	0.0	0.0	0.0	0.0	0.0	0.0	0.0	0.0	0.0	0.0	0.0	0.0	0.0	0.0	0.0	0.0	1227402.03	0.0	0.0	0.0
OXA beta-lactamase	multiple	OXA-258 | OXA-347 | OXA-925 | OXA-209 | OXA-1251	penicillin beta-lactam	antibiotic inactivation	85374.81	0.0	0.0	0.0	0.0	0.0	0.0	0.0	0.0	0.0	0.0	0.0	0.0	0.0	0.0	0.0	0.0	0.0	0.0	0.0	0.0	0.0	0.0	0.0	0.0	0.0	0.0	0.0	0.0	0.0	0.0	0.0	0.0	0.0	0.0	0.0
OXA beta-lactamase	multiple	OXA-34 | OXA-209 | OXA-36 | OXA-347	penicillin beta-lactam	antibiotic inactivation	0.0	0.0	0.0	0.0	0.0	0.0	0.0	0.0	0.0	0.0	0.0	0.0	0.0	2038664.08	0.0	0.0	0.0	0.0	0.0	0.0	0.0	0.0	0.0	0.0	0.0	0.0	0.0	0.0	0.0	0.0	0.0	0.0	0.0	0.0	0.0	0.0
OXA beta-lactamase	multiple	OXA-347 | OXA-1043 | OXA-209 | OXA-1142	penicillin beta-lactam	antibiotic inactivation	0.0	0.0	0.0	2803138.22	0.0	0.0	0.0	0.0	0.0	0.0	0.0	0.0	0.0	0.0	0.0	0.0	0.0	0.0	0.0	0.0	0.0	0.0	0.0	0.0	0.0	0.0	0.0	0.0	0.0	0.0	0.0	0.0	0.0	0.0	0.0	0.0
OXA beta-lactamase	multiple	OXA-347 | OXA-209	penicillin beta-lactam	antibiotic inactivation	0.0	0.0	0.0	0.0	0.0	0.0	0.0	0.0	0.0	0.0	0.0	0.0	0.0	0.0	724659.94	0.0	0.0	238348.86	337295.57	0.0	15195183.16	9929819.62	0.0	0.0	0.0	0.0	0.0	0.0	0.0	5519650.46	1224217.05	0.0	0.0	0.0	0.0	0.0
OXA beta-lactamase	multiple	OXA-347 | OXA-36 | OXA-34 | OXA-209	penicillin beta-lactam	antibiotic inactivation	0.0	0.0	0.0	0.0	0.0	0.0	0.0	0.0	0.0	0.0	0.0	0.0	0.0	0.0	0.0	107796.85	0.0	0.0	0.0	0.0	0.0	0.0	0.0	0.0	0.0	0.0	0.0	0.0	0.0	0.0	0.0	0.0	0.0	0.0	0.0	0.0
OXA beta-lactamase;OXA-1-like beta-lactamase	multiple	OXA-140 | OXA-4 | OXA-47 | OXA-675 | OXA-31 | OXA-224 | OXA-392 | OXA-534 | OXA-796 | OXA-33 | OXA-1 | OXA-320 | OXA-921 | OXA-1042	penicillin beta-lactam | cephalosporin;penicillin beta-lactam	antibiotic inactivation	0.0	0.0	0.0	0.0	0.0	0.0	0.0	0.0	0.0	0.0	0.0	0.0	0.0	0.0	0.0	0.0	0.0	0.0	0.0	0.0	0.0	49731.61	0.0	0.0	0.0	0.0	0.0	0.0	0.0	0.0	0.0	0.0	0.0	0.0	0.0	0.0
OXA beta-lactamase;OXA-1-like beta-lactamase	multiple	OXA-31 | OXA-33 | OXA-140 | OXA-1 | OXA-675 | OXA-1042 | OXA-47 | OXA-796 | OXA-392 | OXA-320 | OXA-224 | OXA-4 | OXA-921 | OXA-534	cephalosporin;penicillin beta-lactam | penicillin beta-lactam	antibiotic inactivation	0.0	0.0	0.0	0.0	0.0	0.0	0.0	0.0	0.0	0.0	0.0	0.0	0.0	0.0	0.0	0.0	0.0	0.0	0.0	0.0	76672.94	0.0	0.0	0.0	0.0	0.0	0.0	0.0	0.0	0.0	0.0	0.0	0.0	0.0	0.0	0.0
OXA beta-lactamase;OXA-1-like beta-lactamase	multiple	OXA-320 | OXA-921 | OXA-796 | OXA-47 | OXA-140 | OXA-1 | OXA-1042 | OXA-31 | OXA-392 | OXA-675 | OXA-33 | OXA-224 | OXA-4 | OXA-534	cephalosporin;penicillin beta-lactam | penicillin beta-lactam	antibiotic inactivation	0.0	0.0	0.0	0.0	0.0	0.0	0.0	0.0	0.0	0.0	0.0	0.0	0.0	0.0	0.0	0.0	0.0	0.0	0.0	0.0	0.0	0.0	0.0	0.0	0.0	0.0	57789365.47	0.0	0.0	0.0	0.0	0.0	0.0	0.0	0.0	0.0
OXA beta-lactamase;OXA-1-like beta-lactamase	multiple	OXA-33 | OXA-392 | OXA-796 | OXA-140 | OXA-31 | OXA-4 | OXA-534 | OXA-1 | OXA-921 | OXA-320 | OXA-224 | OXA-1042 | OXA-47	penicillin beta-lactam | cephalosporin;penicillin beta-lactam	antibiotic inactivation	0.0	0.0	0.0	0.0	0.0	0.0	0.0	0.0	0.0	0.0	0.0	0.0	0.0	0.0	0.0	0.0	0.0	0.0	0.0	0.0	0.0	0.0	0.0	0.0	0.0	0.0	0.0	0.0	0.0	0.0	0.0	0.0	0.0	57639.99	0.0	0.0
OXA beta-lactamase;OXA-1-like beta-lactamase	multiple	OXA-534 | OXA-1042 | OXA-33 | OXA-224 | OXA-47 | OXA-4 | OXA-675 | OXA-921 | OXA-320 | OXA-1 | OXA-31 | OXA-140 | OXA-392 | OXA-796	cephalosporin;penicillin beta-lactam | penicillin beta-lactam	antibiotic inactivation	0.0	0.0	0.0	0.0	0.0	0.0	0.0	0.0	0.0	0.0	0.0	0.0	0.0	0.0	0.0	0.0	0.0	0.0	0.0	0.0	0.0	0.0	0.0	0.0	0.0	0.0	0.0	1654305.65	0.0	0.0	0.0	0.0	0.0	0.0	0.0	0.0
OXA beta-lactamase;OXA-1-like beta-lactamase	multiple	OXA-796 | OXA-224 | OXA-921 | OXA-392 | OXA-140 | OXA-320 | OXA-47 | OXA-4 | OXA-31 | OXA-33 | OXA-1042 | OXA-675 | OXA-534 | OXA-1	cephalosporin;penicillin beta-lactam | penicillin beta-lactam	antibiotic inactivation	0.0	0.0	0.0	0.0	0.0	0.0	0.0	0.0	0.0	0.0	0.0	0.0	0.0	0.0	0.0	0.0	0.0	0.0	0.0	0.0	0.0	0.0	0.0	0.0	0.0	0.0	0.0	0.0	62650188.28	0.0	0.0	0.0	0.0	0.0	0.0	0.0
OXA beta-lactamase;OXA-1-like beta-lactamase	multiple	OXA-921 | OXA-33 | OXA-1 | OXA-675 | OXA-392 | OXA-320 | OXA-4 | OXA-224 | OXA-47 | OXA-534 | OXA-1042 | OXA-31 | OXA-796 | OXA-140	cephalosporin;penicillin beta-lactam | penicillin beta-lactam	antibiotic inactivation	0.0	0.0	0.0	0.0	0.0	0.0	0.0	0.0	0.0	0.0	0.0	0.0	0.0	0.0	0.0	0.0	0.0	0.0	0.0	0.0	0.0	0.0	0.0	0.0	0.0	0.0	0.0	0.0	0.0	805343.05	0.0	0.0	0.0	0.0	0.0	0.0
OXA beta-lactamase;OXA-10-like beta-lactamase	multiple	OXA-10 | OXA-1302 | OXA-1147 | OXA-16 | OXA-256 | OXA-1248 | OXA-233 | OXA-1148 | OXA-1141 | OXA-368 | OXA-663 | OXA-655 | OXA-240 | OXA-454 | OXA-827 | OXA-1086 | OXA-11 | OXA-1046 | OXA-17 | OXA-836 | OXA-794 | OXA-795 | OXA-1257 | OXA-928 | OXA-520 | OXA-823 | OXA-656 | OXA-246 | OXA-142 | OXA-677 | OXA-74 | OXA-1088 | OXA-935 | OXA-14 | OXA-824 | OXA-251	cephalosporin;penicillin beta-lactam | penicillin beta-lactam	antibiotic inactivation	0.0	0.0	0.0	0.0	0.0	0.0	0.0	0.0	0.0	0.0	0.0	0.0	0.0	0.0	0.0	0.0	0.0	0.0	0.0	0.0	0.0	0.0	0.0	0.0	0.0	0.0	0.0	0.0	0.0	0.0	0.0	0.0	0.0	264717.2	0.0	0.0
OXA beta-lactamase;OXA-10-like beta-lactamase	multiple	OXA-10 | OXA-663 | OXA-1148 | OXA-142 | OXA-256 | OXA-677 | OXA-17 | OXA-656 | OXA-827 | OXA-233 | OXA-1088 | OXA-1086 | OXA-16 | OXA-246 | OXA-74 | OXA-11 | OXA-1302 | OXA-935 | OXA-928 | OXA-520 | OXA-1147 | OXA-795 | OXA-240 | OXA-368 | OXA-1202 | OXA-14 | OXA-836 | OXA-655 | OXA-1257 | OXA-794 | OXA-823 | OXA-1046 | OXA-824 | OXA-251 | OXA-454 | OXA-1248 | OXA-1141	cephalosporin;penicillin beta-lactam | penicillin beta-lactam	antibiotic inactivation	0.0	0.0	0.0	0.0	0.0	0.0	485094.22	0.0	0.0	0.0	0.0	0.0	0.0	0.0	0.0	0.0	0.0	0.0	0.0	0.0	0.0	0.0	0.0	0.0	0.0	0.0	0.0	0.0	0.0	0.0	0.0	0.0	0.0	0.0	0.0	0.0
OXA beta-lactamase;OXA-10-like beta-lactamase	multiple	OXA-1088 | OXA-251 | OXA-823 | OXA-794 | OXA-10 | OXA-795 | OXA-827 | OXA-1086 | OXA-16 | OXA-656 | OXA-1148 | OXA-246 | OXA-17 | OXA-368 | OXA-824 | OXA-935 | OXA-74 | OXA-240 | OXA-836 | OXA-1257 | OXA-142 | OXA-655 | OXA-520 | OXA-14 | OXA-928 | OXA-1248 | OXA-663 | OXA-256 | OXA-1141 | OXA-454 | OXA-1302 | OXA-233 | OXA-1046 | OXA-1147 | OXA-677 | OXA-11	cephalosporin;penicillin beta-lactam | penicillin beta-lactam	antibiotic inactivation	0.0	0.0	0.0	0.0	0.0	0.0	0.0	0.0	0.0	0.0	0.0	0.0	0.0	0.0	0.0	0.0	0.0	0.0	0.0	0.0	0.0	0.0	0.0	0.0	0.0	0.0	0.0	156045.56	0.0	0.0	0.0	0.0	0.0	0.0	0.0	0.0
OXA beta-lactamase;OXA-10-like beta-lactamase	multiple	OXA-14 | OXA-74 | OXA-10 | OXA-1202 | OXA-1087 | OXA-1302 | OXA-17 | OXA-795 | OXA-11 | OXA-827 | OXA-823 | OXA-101 | OXA-1086 | OXA-19 | OXA-1248 | OXA-368 | OXA-1168 | OXA-928 | OXA-1170 | OXA-736 | OXA-836 | OXA-1232 | OXA-1231 | OXA-233 | OXA-1147 | OXA-1175 | OXA-1184 | OXA-1257 | OXA-935 | OXA-1148 | OXA-1171 | OXA-1120 | OXA-932 | OXA-145 | OXA-35 | OXA-147 | OXA-824 | OXA-677 | OXA-183 | OXA-454 | OXA-663 | OXA-1141 | OXA-655 | OXA-251 | OXA-240 | OXA-520 | OXA-1088 | OXA-676 | OXA-1053 | OXA-656 | OXA-794 | OXA-1046 | OXA-1247 | OXA-142 | OXA-1233 | OXA-246 | OXA-1204 | OXA-16 | OXA-256 | OXA-28	cephalosporin;penicillin beta-lactam | penicillin beta-lactam	antibiotic inactivation	0.0	0.0	0.0	0.0	0.0	0.0	0.0	0.0	0.0	0.0	0.0	0.0	0.0	0.0	0.0	0.0	0.0	0.0	0.0	0.0	0.0	0.0	0.0	0.0	0.0	0.0	0.0	0.0	0.0	1506876.28	0.0	0.0	0.0	0.0	0.0	0.0
OXA beta-lactamase;OXA-10-like beta-lactamase	multiple	OXA-454 | OXA-836 | OXA-233 | OXA-1141 | OXA-16 | OXA-10 | OXA-1147 | OXA-663 | OXA-1088 | OXA-368 | OXA-251 | OXA-14 | OXA-795 | OXA-1257 | OXA-1248 | OXA-823 | OXA-1086 | OXA-142 | OXA-246 | OXA-17 | OXA-824 | OXA-935 | OXA-520 | OXA-240 | OXA-256 | OXA-1148 | OXA-11 | OXA-794 | OXA-1302 | OXA-928 | OXA-827 | OXA-74 | OXA-1046 | OXA-656	cephalosporin;penicillin beta-lactam | penicillin beta-lactam	antibiotic inactivation	0.0	0.0	0.0	0.0	0.0	0.0	0.0	0.0	0.0	0.0	0.0	53198.75	0.0	0.0	0.0	0.0	0.0	0.0	0.0	0.0	0.0	0.0	0.0	0.0	0.0	0.0	0.0	0.0	0.0	0.0	0.0	0.0	0.0	0.0	0.0	0.0
OXA beta-lactamase;OXA-10-like beta-lactamase	multiple	OXA-677 | OXA-656 | OXA-935 | OXA-794 | OXA-454 | OXA-1302 | OXA-256 | OXA-1248 | OXA-1088 | OXA-928 | OXA-1147 | OXA-1141 | OXA-17 | OXA-795 | OXA-1148 | OXA-142 | OXA-836 | OXA-14 | OXA-11 | OXA-1086 | OXA-10 | OXA-74 | OXA-1046 | OXA-246 | OXA-251 | OXA-233 | OXA-824 | OXA-368 | OXA-1257 | OXA-520 | OXA-16 | OXA-663 | OXA-823 | OXA-240 | OXA-655	cephalosporin;penicillin beta-lactam | penicillin beta-lactam	antibiotic inactivation	0.0	0.0	0.0	0.0	0.0	0.0	0.0	0.0	0.0	0.0	0.0	0.0	0.0	0.0	0.0	0.0	0.0	0.0	0.0	0.0	0.0	0.0	0.0	0.0	0.0	0.0	0.0	0.0	45454.7	0.0	0.0	0.0	0.0	0.0	0.0	0.0
OXA beta-lactamase;OXA-10-like beta-lactamase	multiple	OXA-74 | OXA-824 | OXA-1257 | OXA-368 | OXA-656 | OXA-836 | OXA-663 | OXA-17 | OXA-14 | OXA-794 | OXA-1046 | OXA-16 | OXA-246 | OXA-454 | OXA-520 | OXA-142 | OXA-823 | OXA-233 | OXA-1086 | OXA-240 | OXA-1148 | OXA-655 | OXA-10 | OXA-1141 | OXA-251 | OXA-11 | OXA-935 | OXA-1147 | OXA-1248 | OXA-795 | OXA-256 | OXA-928 | OXA-1088 | OXA-827 | OXA-1302 | OXA-677	cephalosporin;penicillin beta-lactam | penicillin beta-lactam	antibiotic inactivation	0.0	0.0	0.0	0.0	0.0	0.0	0.0	0.0	0.0	0.0	0.0	0.0	0.0	0.0	0.0	0.0	0.0	0.0	0.0	0.0	0.0	0.0	0.0	0.0	0.0	0.0	0.0	0.0	0.0	0.0	0.0	0.0	154360.77	0.0	0.0	0.0
OXA beta-lactamase;OXA-10-like beta-lactamase	multiple	OXA-794 | OXA-928 | OXA-454 | OXA-1202 | OXA-655 | OXA-656 | OXA-1302 | OXA-14 | OXA-795 | OXA-74 | OXA-368 | OXA-824 | OXA-677 | OXA-1141 | OXA-823 | OXA-256 | OXA-520 | OXA-11 | OXA-1086 | OXA-142 | OXA-1257 | OXA-1046 | OXA-246 | OXA-1088 | OXA-233 | OXA-1147 | OXA-17 | OXA-663 | OXA-836 | OXA-16 | OXA-827 | OXA-1248 | OXA-10 | OXA-935 | OXA-240 | OXA-251 | OXA-1148	cephalosporin;penicillin beta-lactam | penicillin beta-lactam	antibiotic inactivation	0.0	0.0	0.0	0.0	0.0	0.0	0.0	0.0	0.0	0.0	0.0	0.0	0.0	0.0	0.0	0.0	0.0	0.0	0.0	0.0	0.0	0.0	0.0	1156370.99	0.0	0.0	0.0	0.0	0.0	0.0	0.0	0.0	0.0	0.0	0.0	0.0
OXA beta-lactamase;OXA-10-like beta-lactamase	multiple	OXA-795 | OXA-14 | OXA-1302 | OXA-656 | OXA-11 | OXA-520 | OXA-10 | OXA-1088 | OXA-251 | OXA-1141 | OXA-827 | OXA-1148 | OXA-677 | OXA-1046 | OXA-17 | OXA-240 | OXA-935 | OXA-1147 | OXA-16 | OXA-1086 | OXA-454 | OXA-824 | OXA-74 | OXA-1248 | OXA-368 | OXA-233 | OXA-246 | OXA-142 | OXA-655 | OXA-256 | OXA-663 | OXA-928 | OXA-836 | OXA-823 | OXA-1257 | OXA-794	cephalosporin;penicillin beta-lactam | penicillin beta-lactam	antibiotic inactivation	0.0	0.0	0.0	0.0	0.0	0.0	0.0	109622.63	0.0	0.0	0.0	0.0	0.0	0.0	0.0	0.0	0.0	0.0	0.0	0.0	0.0	0.0	0.0	0.0	0.0	0.0	0.0	0.0	0.0	0.0	0.0	0.0	0.0	0.0	0.0	0.0
OXA beta-lactamase;OXA-10-like beta-lactamase	multiple	OXA-823 | OXA-824 | OXA-1257 | OXA-240 | OXA-1302 | OXA-256 | OXA-246 | OXA-795 | OXA-928 | OXA-74 | OXA-663 | OXA-17 | OXA-1148 | OXA-142 | OXA-11 | OXA-827 | OXA-1088 | OXA-794 | OXA-251 | OXA-1141 | OXA-454 | OXA-655 | OXA-836 | OXA-14 | OXA-677 | OXA-10 | OXA-1046 | OXA-1248 | OXA-935 | OXA-368 | OXA-656 | OXA-233 | OXA-16 | OXA-520 | OXA-1147 | OXA-1086	cephalosporin;penicillin beta-lactam | penicillin beta-lactam	antibiotic inactivation	0.0	0.0	0.0	0.0	0.0	89535.24	0.0	0.0	0.0	0.0	0.0	0.0	0.0	0.0	0.0	0.0	0.0	0.0	0.0	0.0	0.0	0.0	0.0	0.0	0.0	0.0	0.0	0.0	0.0	0.0	0.0	0.0	0.0	0.0	0.0	0.0
OXA beta-lactamase;OXA-10-like beta-lactamase	multiple	OXA-932 | OXA-1168 | OXA-824 | OXA-147 | OXA-28 | OXA-1170 | OXA-823 | OXA-101 | OXA-1248 | OXA-1086 | OXA-1046 | OXA-1148 | OXA-1184 | OXA-795 | OXA-19 | OXA-74 | OXA-520 | OXA-1247 | OXA-1231 | OXA-1232 | OXA-11 | OXA-928 | OXA-368 | OXA-246 | OXA-256 | OXA-17 | OXA-1204 | OXA-676 | OXA-233 | OXA-35 | OXA-240 | OXA-16 | OXA-1141 | OXA-1202 | OXA-794 | OXA-454 | OXA-10 | OXA-663 | OXA-827 | OXA-14 | OXA-677 | OXA-1087 | OXA-183 | OXA-1257 | OXA-1053 | OXA-142 | OXA-1233 | OXA-736 | OXA-1088 | OXA-1171 | OXA-145 | OXA-836 | OXA-655 | OXA-935 | OXA-656 | OXA-1120 | OXA-251 | OXA-1147 | OXA-1302	cephalosporin;penicillin beta-lactam | penicillin beta-lactam	antibiotic inactivation	0.0	0.0	0.0	0.0	1303260.91	0.0	0.0	0.0	0.0	0.0	0.0	0.0	0.0	0.0	0.0	0.0	0.0	0.0	0.0	0.0	0.0	0.0	0.0	0.0	0.0	0.0	0.0	0.0	0.0	0.0	0.0	0.0	0.0	0.0	0.0	0.0
OXA beta-lactamase;OXA-114-like beta-lactamase	ARO_3005715__OXA-114p__H	OXA-114p	penicillin beta-lactam	antibiotic inactivation	0.0	0.0	0.0	0.0	0.0	0.0	0.0	0.0	0.0	0.0	0.0	0.0	0.0	0.0	0.0	0.0	0.0	0.0	0.0	0.0	0.0	0.0	0.0	0.0	0.0	0.0	0.0	25128.11	0.0	0.0	0.0	0.0	0.0	0.0	0.0	0.0
OXA beta-lactamase;OXA-114-like beta-lactamase	multiple	OXA-114d | OXA-114a | OXA-114r | OXA-114q | OXA-114v | OXA-114g | OXA-114e | OXA-114f | OXA-114b | OXA-114j | OXA-114n | OXA-114c | OXA-114l | OXA-791 | OXA-114m | OXA-114k | OXA-114p | OXA-114w | OXA-114i | OXA-114t	penicillin beta-lactam	antibiotic inactivation	0.0	0.0	0.0	0.0	0.0	0.0	0.0	0.0	0.0	0.0	0.0	0.0	0.0	0.0	0.0	0.0	0.0	0.0	0.0	0.0	0.0	0.0	0.0	0.0	0.0	0.0	0.0	25128.11	0.0	0.0	0.0	0.0	0.0	0.0	0.0	0.0
OXA beta-lactamase;OXA-12-like beta-lactamase	ARO_3004837__OXA-724__H	OXA-724	penicillin beta-lactam	antibiotic inactivation	0.0	0.0	0.0	0.0	0.0	0.0	0.0	0.0	0.0	0.0	0.0	0.0	0.0	0.0	0.0	0.0	0.0	0.0	0.0	0.0	0.0	0.0	0.0	0.0	0.0	0.0	0.0	0.0	0.0	0.0	0.0	0.0	0.0	29598.01	0.0	0.0
OXA beta-lactamase;OXA-12-like beta-lactamase	multiple	OXA-950 | OXA-724 | OXA-725 | OXA-958 | OXA-951 | OXA-959 | OXA-726	penicillin beta-lactam	antibiotic inactivation	0.0	0.0	0.0	0.0	0.0	0.0	0.0	0.0	0.0	0.0	0.0	0.0	0.0	0.0	0.0	0.0	0.0	0.0	0.0	0.0	0.0	0.0	0.0	0.0	0.0	0.0	0.0	0.0	0.0	0.0	0.0	0.0	2361040.26	0.0	0.0	0.0
OXA beta-lactamase;OXA-12-like beta-lactamase	multiple	OXA-951 | OXA-950 | OXA-726 | OXA-724	penicillin beta-lactam	antibiotic inactivation	0.0	0.0	0.0	0.0	0.0	0.0	0.0	0.0	0.0	56998.15	0.0	0.0	0.0	0.0	0.0	0.0	0.0	0.0	0.0	0.0	0.0	0.0	0.0	0.0	0.0	0.0	0.0	0.0	0.0	0.0	0.0	0.0	0.0	0.0	0.0	0.0
OXA beta-lactamase;OXA-12-like beta-lactamase	multiple	OXA-951 | OXA-958 | OXA-725 | OXA-724 | OXA-959 | OXA-1157 | OXA-1153 | OXA-726 | OXA-950	penicillin beta-lactam	antibiotic inactivation	0.0	0.0	0.0	0.0	0.0	0.0	0.0	0.0	0.0	0.0	0.0	0.0	0.0	0.0	0.0	0.0	0.0	0.0	0.0	0.0	0.0	0.0	0.0	0.0	0.0	0.0	0.0	0.0	0.0	0.0	0.0	0.0	0.0	2545428.86	0.0	0.0
OXA beta-lactamase;OXA-12-like beta-lactamase	multiple	OXA-959 | OXA-725 | OXA-950 | OXA-726 | OXA-724 | OXA-958 | OXA-951	penicillin beta-lactam	antibiotic inactivation	0.0	0.0	0.0	0.0	0.0	0.0	334005.32	0.0	0.0	0.0	0.0	0.0	0.0	0.0	0.0	0.0	0.0	0.0	0.0	0.0	0.0	0.0	0.0	0.0	0.0	0.0	0.0	0.0	0.0	0.0	0.0	0.0	0.0	0.0	0.0	0.0
OXA beta-lactamase;OXA-2-like beta-lactamase	ARO_3001410__OXA-15__H	OXA-15	cephalosporin;penicillin beta-lactam	antibiotic inactivation	0.0	0.0	0.0	0.0	0.0	0.0	0.0	0.0	0.0	0.0	0.0	0.0	0.0	0.0	0.0	0.0	0.0	0.0	0.0	19490.35	0.0	24550.48	0.0	0.0	0.0	0.0	0.0	0.0	0.0	0.0	0.0	0.0	0.0	0.0	0.0	0.0
OXA beta-lactamase;OXA-2-like beta-lactamase	ARO_3001416__OXA-21__H	OXA-21	cephalosporin;penicillin beta-lactam	antibiotic inactivation	0.0	0.0	0.0	0.0	0.0	0.0	0.0	0.0	0.0	0.0	0.0	0.0	0.0	0.0	0.0	0.0	0.0	0.0	0.0	0.0	0.0	0.0	0.0	0.0	0.0	22371.0	0.0	0.0	0.0	0.0	0.0	0.0	0.0	0.0	0.0	0.0
OXA beta-lactamase;OXA-2-like beta-lactamase	ARO_3001800__OXA-226__H	OXA-226	cephalosporin;penicillin beta-lactam	antibiotic inactivation	0.0	0.0	0.0	0.0	0.0	0.0	0.0	0.0	0.0	0.0	0.0	0.0	0.0	0.0	20629.55	0.0	0.0	0.0	0.0	0.0	0.0	0.0	0.0	0.0	0.0	0.0	0.0	0.0	0.0	0.0	0.0	0.0	0.0	0.0	0.0	0.0
OXA beta-lactamase;OXA-2-like beta-lactamase	ARO_3005222__OXA-544__H	OXA-544	cephalosporin;penicillin beta-lactam	antibiotic inactivation	0.0	0.0	0.0	0.0	0.0	0.0	0.0	0.0	0.0	0.0	0.0	0.0	30962.59	0.0	0.0	0.0	0.0	0.0	0.0	0.0	0.0	0.0	0.0	0.0	0.0	0.0	0.0	0.0	21958.01	0.0	0.0	0.0	0.0	0.0	0.0	0.0
OXA beta-lactamase;OXA-2-like beta-lactamase	ARO_3005316__OXA-838__H	OXA-838	cephalosporin;penicillin beta-lactam	antibiotic inactivation	0.0	0.0	0.0	0.0	0.0	0.0	0.0	0.0	0.0	0.0	0.0	0.0	0.0	0.0	0.0	0.0	0.0	0.0	0.0	0.0	0.0	0.0	0.0	0.0	0.0	0.0	0.0	0.0	0.0	0.0	0.0	0.0	29828.17	0.0	0.0	0.0
OXA beta-lactamase;OXA-2-like beta-lactamase	ARO_3005317__OXA-539__H	OXA-539	cephalosporin;penicillin beta-lactam	antibiotic inactivation	0.0	0.0	0.0	0.0	0.0	0.0	24579.67	0.0	0.0	0.0	0.0	0.0	0.0	0.0	0.0	0.0	0.0	0.0	0.0	0.0	0.0	0.0	0.0	0.0	0.0	0.0	0.0	0.0	0.0	0.0	0.0	0.0	0.0	0.0	0.0	0.0
OXA beta-lactamase;OXA-2-like beta-lactamase	ARO_3005318__OXA-543__H	OXA-543	cephalosporin;penicillin beta-lactam	antibiotic inactivation	0.0	0.0	0.0	0.0	0.0	0.0	0.0	0.0	0.0	0.0	0.0	0.0	30962.59	0.0	0.0	0.0	0.0	0.0	0.0	0.0	0.0	0.0	0.0	0.0	0.0	0.0	0.0	0.0	0.0	0.0	0.0	0.0	0.0	0.0	0.0	0.0
OXA beta-lactamase;OXA-2-like beta-lactamase	ARO_3005319__OXA-681__H	OXA-681	cephalosporin;penicillin beta-lactam	antibiotic inactivation	0.0	0.0	0.0	0.0	0.0	0.0	74275.31	0.0	0.0	0.0	0.0	0.0	0.0	0.0	0.0	0.0	0.0	0.0	0.0	19561.22	0.0	0.0	0.0	0.0	0.0	0.0	0.0	0.0	0.0	22167.27	0.0	0.0	0.0	0.0	0.0	0.0
OXA beta-lactamase;OXA-2-like beta-lactamase	ARO_3005320__OXA-737__H	OXA-737	cephalosporin;penicillin beta-lactam	antibiotic inactivation	0.0	0.0	0.0	0.0	0.0	0.0	24668.73	0.0	0.0	0.0	0.0	0.0	0.0	0.0	0.0	0.0	0.0	0.0	0.0	0.0	0.0	0.0	0.0	0.0	0.0	0.0	0.0	0.0	0.0	0.0	0.0	0.0	0.0	0.0	0.0	0.0
OXA beta-lactamase;OXA-2-like beta-lactamase	ARO_3008438__OXA-1017__H	OXA-1017	cephalosporin;penicillin beta-lactam	antibiotic inactivation	0.0	0.0	0.0	0.0	0.0	0.0	24668.73	0.0	0.0	0.0	0.0	0.0	0.0	0.0	0.0	0.0	0.0	0.0	0.0	0.0	0.0	0.0	0.0	0.0	0.0	0.0	0.0	0.0	0.0	0.0	0.0	0.0	0.0	0.0	0.0	0.0
OXA beta-lactamase;OXA-2-like beta-lactamase	ARO_3008500__OXA-1082__H	OXA-1082	cephalosporin;penicillin beta-lactam	antibiotic inactivation	0.0	0.0	0.0	0.0	0.0	0.0	49337.46	0.0	0.0	0.0	0.0	0.0	0.0	0.0	0.0	0.0	0.0	0.0	0.0	19490.35	0.0	0.0	0.0	0.0	0.0	0.0	0.0	100512.44	0.0	0.0	0.0	0.0	0.0	0.0	0.0	0.0
OXA beta-lactamase;OXA-2-like beta-lactamase	ARO_3008503__OXA-1085__H	OXA-1085	cephalosporin;penicillin beta-lactam	antibiotic inactivation	0.0	0.0	0.0	0.0	0.0	0.0	0.0	0.0	0.0	0.0	0.0	0.0	0.0	0.0	0.0	0.0	20332.41	0.0	0.0	0.0	0.0	0.0	0.0	0.0	0.0	0.0	0.0	0.0	0.0	0.0	0.0	0.0	0.0	0.0	0.0	0.0
OXA beta-lactamase;OXA-2-like beta-lactamase	ARO_3008590__OXA-1172__H	OXA-1172	cephalosporin;penicillin beta-lactam	antibiotic inactivation	0.0	0.0	0.0	0.0	0.0	0.0	24758.44	0.0	0.0	0.0	0.0	0.0	0.0	0.0	0.0	0.0	0.0	0.0	0.0	0.0	0.0	0.0	0.0	0.0	0.0	0.0	0.0	0.0	0.0	0.0	0.0	0.0	29936.63	28521.72	0.0	0.0
OXA beta-lactamase;OXA-2-like beta-lactamase	ARO_3008599__OXA-1183__H	OXA-1183	cephalosporin;penicillin beta-lactam	antibiotic inactivation	0.0	0.0	0.0	0.0	0.0	0.0	0.0	0.0	0.0	0.0	0.0	0.0	0.0	0.0	0.0	0.0	0.0	0.0	0.0	0.0	0.0	0.0	0.0	0.0	0.0	0.0	0.0	0.0	43916.02	0.0	0.0	0.0	29828.17	0.0	0.0	0.0
OXA beta-lactamase;OXA-2-like beta-lactamase	ARO_3008603__OXA-1187__H	OXA-1187	cephalosporin;penicillin beta-lactam	antibiotic inactivation	0.0	0.0	0.0	0.0	30110.12	0.0	0.0	0.0	0.0	0.0	0.0	0.0	0.0	0.0	0.0	0.0	20110.6	0.0	0.0	19561.22	0.0	0.0	0.0	0.0	0.0	0.0	0.0	0.0	0.0	0.0	0.0	0.0	0.0	0.0	0.0	0.0
OXA beta-lactamase;OXA-2-like beta-lactamase	multiple	OXA-1017 | OXA-1187 | OXA-1243 | OXA-32 | OXA-681 | OXA-1173 | OXA-1084 | OXA-1183 | OXA-1083 | OXA-161 | OXA-838 | OXA-2 | OXA-737 | OXA-34 | OXA-210 | OXA-540 | OXA-1082 | OXA-1085 | OXA-1049 | OXA-539 | OXA-226 | OXA-541 | OXA-1172 | OXA-141 | OXA-543 | OXA-15 | OXA-544 | OXA-36 | OXA-415	cephalosporin;penicillin beta-lactam | penicillin beta-lactam	antibiotic inactivation	33205223.34	0.0	0.0	0.0	0.0	0.0	0.0	0.0	0.0	0.0	0.0	0.0	0.0	0.0	0.0	0.0	0.0	0.0	0.0	0.0	0.0	0.0	0.0	0.0	0.0	0.0	0.0	0.0	0.0	0.0	0.0	0.0	0.0	0.0	0.0	0.0
OXA beta-lactamase;OXA-2-like beta-lactamase	multiple	OXA-1049 | OXA-539 | OXA-541 | OXA-1083 | OXA-32 | OXA-838 | OXA-1173 | OXA-540 | OXA-1183 | OXA-543 | OXA-1084 | OXA-161 | OXA-737 | OXA-34 | OXA-2 | OXA-15 | OXA-210 | OXA-226 | OXA-544 | OXA-36 | OXA-415 | OXA-1085 | OXA-141 | OXA-681 | OXA-1017 | OXA-1243 | OXA-1187 | OXA-1172 | OXA-1082	cephalosporin;penicillin beta-lactam | penicillin beta-lactam	antibiotic inactivation	0.0	0.0	0.0	0.0	0.0	0.0	0.0	0.0	0.0	0.0	540953.06	0.0	0.0	0.0	0.0	0.0	0.0	0.0	0.0	0.0	0.0	0.0	0.0	0.0	0.0	0.0	0.0	0.0	0.0	0.0	0.0	0.0	0.0	0.0	0.0	0.0
OXA beta-lactamase;OXA-2-like beta-lactamase	multiple	OXA-1082 | OXA-2 | OXA-1243 | OXA-3 | OXA-544 | OXA-141 | OXA-1084 | OXA-226 | OXA-1085 | OXA-543 | OXA-540 | OXA-34 | OXA-1173 | OXA-681 | OXA-415 | OXA-1136 | OXA-1083 | OXA-32 | OXA-541 | OXA-1187 | OXA-15 | OXA-838 | OXA-539 | OXA-1172 | OXA-210 | OXA-161 | OXA-21 | OXA-1049 | OXA-737 | OXA-1183 | OXA-1017 | OXA-36	cephalosporin;penicillin beta-lactam | penicillin beta-lactam	antibiotic inactivation	0.0	0.0	0.0	0.0	0.0	0.0	0.0	0.0	0.0	0.0	0.0	0.0	72657223.98	0.0	0.0	0.0	0.0	0.0	0.0	0.0	0.0	0.0	0.0	0.0	0.0	0.0	0.0	0.0	0.0	0.0	0.0	0.0	0.0	0.0	0.0	0.0
OXA beta-lactamase;OXA-2-like beta-lactamase	multiple	OXA-1083 | OXA-415 | OXA-161 | OXA-15 | OXA-3 | OXA-1172 | OXA-32 | OXA-1173 | OXA-543 | OXA-210 | OXA-1187 | OXA-1183 | OXA-737 | OXA-2 | OXA-681 | OXA-1082 | OXA-21 | OXA-1049 | OXA-541 | OXA-838 | OXA-540 | OXA-226 | OXA-36 | OXA-1243 | OXA-1136 | OXA-1017 | OXA-1084 | OXA-544 | OXA-34 | OXA-539 | OXA-141 | OXA-1085	cephalosporin;penicillin beta-lactam | penicillin beta-lactam	antibiotic inactivation	0.0	0.0	0.0	0.0	0.0	0.0	0.0	0.0	0.0	0.0	0.0	0.0	0.0	0.0	0.0	0.0	0.0	0.0	0.0	0.0	0.0	0.0	0.0	0.0	0.0	0.0	0.0	0.0	0.0	5645241.42	0.0	0.0	0.0	0.0	0.0	0.0
OXA beta-lactamase;OXA-2-like beta-lactamase	multiple	OXA-1084 | OXA-1017 | OXA-36 | OXA-15 | OXA-210 | OXA-737 | OXA-1049 | OXA-1173 | OXA-2 | OXA-1083 | OXA-34 | OXA-1172 | OXA-540 | OXA-1243 | OXA-544 | OXA-539 | OXA-1085 | OXA-161 | OXA-1187 | OXA-541 | OXA-543 | OXA-1183 | OXA-1082 | OXA-226 | OXA-415 | OXA-681 | OXA-838 | OXA-141 | OXA-32	cephalosporin;penicillin beta-lactam | penicillin beta-lactam	antibiotic inactivation	0.0	0.0	0.0	0.0	0.0	0.0	0.0	0.0	0.0	3223650.88	0.0	0.0	0.0	0.0	0.0	0.0	0.0	0.0	0.0	0.0	0.0	0.0	0.0	0.0	0.0	0.0	0.0	0.0	0.0	0.0	0.0	0.0	0.0	0.0	0.0	0.0
OXA beta-lactamase;OXA-2-like beta-lactamase	multiple	OXA-1084 | OXA-1082 | OXA-1243 | OXA-2 | OXA-544 | OXA-541 | OXA-1187 | OXA-36 | OXA-34 | OXA-1172 | OXA-681 | OXA-539 | OXA-1085 | OXA-737 | OXA-1183 | OXA-15 | OXA-540 | OXA-32 | OXA-226 | OXA-161 | OXA-1049 | OXA-1173 | OXA-543 | OXA-1017 | OXA-210 | OXA-141 | OXA-1083 | OXA-415 | OXA-838	cephalosporin;penicillin beta-lactam | penicillin beta-lactam	antibiotic inactivation	0.0	0.0	0.0	0.0	0.0	0.0	0.0	0.0	0.0	0.0	0.0	0.0	0.0	0.0	29372019.76	0.0	0.0	0.0	0.0	0.0	0.0	0.0	0.0	0.0	0.0	0.0	0.0	0.0	0.0	0.0	0.0	0.0	0.0	0.0	0.0	0.0
OXA beta-lactamase;OXA-2-like beta-lactamase	multiple	OXA-1173 | OXA-1187 | OXA-34 | OXA-737 | OXA-1183 | OXA-539 | OXA-1085 | OXA-226 | OXA-1082 | OXA-540 | OXA-161 | OXA-141 | OXA-415 | OXA-1243 | OXA-32 | OXA-1084 | OXA-1017 | OXA-210 | OXA-541 | OXA-36 | OXA-543 | OXA-1049 | OXA-1083 | OXA-1172 | OXA-15 | OXA-2 | OXA-681 | OXA-544 | OXA-838	cephalosporin;penicillin beta-lactam | penicillin beta-lactam	antibiotic inactivation	0.0	0.0	0.0	0.0	0.0	0.0	0.0	0.0	0.0	0.0	0.0	7374601.96	0.0	0.0	0.0	0.0	0.0	0.0	0.0	0.0	0.0	0.0	0.0	0.0	0.0	0.0	0.0	0.0	0.0	0.0	0.0	0.0	0.0	0.0	0.0	0.0
OXA beta-lactamase;OXA-2-like beta-lactamase	multiple	OXA-1183 | OXA-543 | OXA-415 | OXA-34 | OXA-737 | OXA-2 | OXA-1083 | OXA-540 | OXA-544 | OXA-539 | OXA-681 | OXA-210 | OXA-36 | OXA-1017 | OXA-161 | OXA-1084 | OXA-1085 | OXA-838 | OXA-541 | OXA-32 | OXA-15 | OXA-1172 | OXA-141 | OXA-1243 | OXA-1187 | OXA-1049 | OXA-226 | OXA-1082	cephalosporin;penicillin beta-lactam | penicillin beta-lactam	antibiotic inactivation	0.0	0.0	0.0	0.0	0.0	0.0	0.0	0.0	0.0	0.0	0.0	0.0	0.0	0.0	0.0	0.0	0.0	0.0	0.0	0.0	0.0	0.0	0.0	0.0	0.0	0.0	0.0	0.0	0.0	0.0	0.0	97510.87	0.0	0.0	0.0	0.0
OXA beta-lactamase;OXA-2-like beta-lactamase	multiple	OXA-1187 | OXA-1173 | OXA-226 | OXA-1085 | OXA-681 | OXA-15 | OXA-1183 | OXA-141 | OXA-1017 | OXA-36 | OXA-539 | OXA-541 | OXA-2 | OXA-543 | OXA-737 | OXA-544 | OXA-210 | OXA-1084 | OXA-1082 | OXA-415 | OXA-161 | OXA-1083 | OXA-1243 | OXA-1172 | OXA-838 | OXA-1049 | OXA-32 | OXA-540 | OXA-34	cephalosporin;penicillin beta-lactam | penicillin beta-lactam	antibiotic inactivation	0.0	0.0	0.0	0.0	0.0	0.0	0.0	0.0	0.0	0.0	0.0	0.0	0.0	0.0	0.0	0.0	0.0	0.0	0.0	0.0	0.0	0.0	0.0	0.0	0.0	0.0	0.0	0.0	0.0	0.0	10951639.77	0.0	0.0	0.0	0.0	0.0
OXA beta-lactamase;OXA-2-like beta-lactamase	multiple	OXA-1243 | OXA-541 | OXA-1084 | OXA-1083 | OXA-210 | OXA-2 | OXA-838 | OXA-141 | OXA-1183 | OXA-1172 | OXA-15 | OXA-36 | OXA-415 | OXA-1085 | OXA-1187 | OXA-681 | OXA-539 | OXA-226 | OXA-32 | OXA-543 | OXA-1017 | OXA-161 | OXA-1049 | OXA-1082 | OXA-34 | OXA-540 | OXA-1173 | OXA-544 | OXA-737	cephalosporin;penicillin beta-lactam | penicillin beta-lactam	antibiotic inactivation	0.0	0.0	0.0	0.0	0.0	12403898.69	0.0	0.0	0.0	0.0	0.0	0.0	0.0	0.0	0.0	0.0	0.0	0.0	0.0	0.0	0.0	0.0	0.0	0.0	0.0	0.0	0.0	0.0	0.0	0.0	0.0	0.0	0.0	0.0	0.0	0.0
OXA beta-lactamase;OXA-2-like beta-lactamase	multiple	OXA-141 | OXA-34 | OXA-838 | OXA-32 | OXA-210 | OXA-544 | OXA-1173 | OXA-1183 | OXA-1243 | OXA-681 | OXA-415 | OXA-540 | OXA-1187 | OXA-1083 | OXA-1017 | OXA-1085 | OXA-15 | OXA-161 | OXA-1049 | OXA-1084 | OXA-539 | OXA-737 | OXA-1082 | OXA-543 | OXA-36 | OXA-2 | OXA-226 | OXA-1172 | OXA-541	cephalosporin;penicillin beta-lactam | penicillin beta-lactam	antibiotic inactivation	0.0	0.0	0.0	0.0	0.0	0.0	0.0	0.0	0.0	0.0	0.0	0.0	0.0	0.0	0.0	0.0	0.0	0.0	0.0	0.0	15416389.3	0.0	0.0	0.0	0.0	0.0	0.0	0.0	0.0	0.0	0.0	0.0	0.0	0.0	0.0	0.0
OXA beta-lactamase;OXA-2-like beta-lactamase	multiple	OXA-15 | OXA-1085 | OXA-544 | OXA-415 | OXA-1083 | OXA-540 | OXA-1183 | OXA-1187 | OXA-141 | OXA-1173 | OXA-210 | OXA-161 | OXA-32 | OXA-838 | OXA-541 | OXA-737 | OXA-226 | OXA-539 | OXA-681 | OXA-1243 | OXA-1017 | OXA-1049 | OXA-2 | OXA-1084 | OXA-1172 | OXA-36 | OXA-34 | OXA-1082 | OXA-543	cephalosporin;penicillin beta-lactam | penicillin beta-lactam	antibiotic inactivation	0.0	0.0	0.0	0.0	0.0	0.0	0.0	0.0	0.0	0.0	0.0	0.0	0.0	0.0	0.0	0.0	0.0	0.0	0.0	0.0	0.0	0.0	0.0	0.0	0.0	0.0	0.0	0.0	0.0	0.0	0.0	0.0	112179056.01	0.0	0.0	0.0
OXA beta-lactamase;OXA-2-like beta-lactamase	multiple	OXA-2 | OXA-1172 | OXA-226 | OXA-1049 | OXA-34 | OXA-1017 | OXA-161 | OXA-544 | OXA-1082 | OXA-1173 | OXA-1187 | OXA-539 | OXA-1085 | OXA-210 | OXA-838 | OXA-1183 | OXA-541 | OXA-15 | OXA-36 | OXA-681 | OXA-141 | OXA-1083 | OXA-32 | OXA-1243 | OXA-540 | OXA-737 | OXA-415 | OXA-543 | OXA-1084	cephalosporin;penicillin beta-lactam | penicillin beta-lactam	antibiotic inactivation	0.0	0.0	0.0	137704.31	0.0	0.0	0.0	0.0	0.0	0.0	0.0	0.0	0.0	0.0	0.0	0.0	0.0	0.0	0.0	0.0	0.0	0.0	0.0	0.0	0.0	0.0	0.0	0.0	0.0	0.0	0.0	0.0	0.0	0.0	0.0	0.0
OXA beta-lactamase;OXA-2-like beta-lactamase	multiple	OXA-2 | OXA-161 | OXA-543 | OXA-540 | OXA-1085 | OXA-226 | OXA-15 | OXA-1172 | OXA-415 | OXA-34 | OXA-681 | OXA-539 | OXA-1243 | OXA-1183 | OXA-737 | OXA-1173 | OXA-1049 | OXA-32 | OXA-141 | OXA-1083 | OXA-544 | OXA-210 | OXA-1187 | OXA-838 | OXA-36 | OXA-541 | OXA-1017 | OXA-1084 | OXA-1082	cephalosporin;penicillin beta-lactam | penicillin beta-lactam	antibiotic inactivation	0.0	0.0	0.0	0.0	156148271.98	0.0	0.0	0.0	0.0	0.0	0.0	0.0	0.0	0.0	0.0	0.0	0.0	0.0	0.0	0.0	0.0	0.0	0.0	0.0	0.0	0.0	0.0	0.0	0.0	0.0	0.0	0.0	0.0	0.0	0.0	0.0
OXA beta-lactamase;OXA-2-like beta-lactamase	multiple	OXA-2 | OXA-539 | OXA-1173 | OXA-34 | OXA-1084 | OXA-1187 | OXA-1243 | OXA-1172 | OXA-543 | OXA-544 | OXA-141 | OXA-415 | OXA-1083 | OXA-1183 | OXA-15 | OXA-540 | OXA-1082 | OXA-681 | OXA-36 | OXA-210 | OXA-1017 | OXA-737 | OXA-541 | OXA-226 | OXA-1085 | OXA-32 | OXA-1049 | OXA-838 | OXA-161	cephalosporin;penicillin beta-lactam | penicillin beta-lactam	antibiotic inactivation	0.0	0.0	0.0	0.0	0.0	0.0	0.0	0.0	0.0	0.0	0.0	0.0	0.0	0.0	0.0	0.0	0.0	0.0	0.0	0.0	0.0	0.0	0.0	0.0	0.0	20475939.04	0.0	0.0	0.0	0.0	0.0	0.0	0.0	0.0	0.0	0.0
OXA beta-lactamase;OXA-2-like beta-lactamase	multiple	OXA-210 | OXA-415 | OXA-161 | OXA-1083 | OXA-1187 | OXA-1084 | OXA-681 | OXA-737 | OXA-34 | OXA-539 | OXA-226 | OXA-36 | OXA-1049 | OXA-32 | OXA-838 | OXA-1172 | OXA-540 | OXA-1017 | OXA-15 | OXA-543 | OXA-141 | OXA-1173 | OXA-1243 | OXA-541 | OXA-1183 | OXA-1082 | OXA-1085 | OXA-2 | OXA-544	cephalosporin;penicillin beta-lactam | penicillin beta-lactam	antibiotic inactivation	0.0	0.0	0.0	0.0	0.0	0.0	0.0	13117755.94	0.0	0.0	0.0	0.0	0.0	0.0	0.0	0.0	0.0	0.0	0.0	0.0	0.0	0.0	0.0	0.0	0.0	0.0	0.0	0.0	0.0	0.0	0.0	0.0	0.0	0.0	0.0	0.0
OXA beta-lactamase;OXA-2-like beta-lactamase	multiple	OXA-226 | OXA-737 | OXA-681 | OXA-1083 | OXA-539 | OXA-540 | OXA-3 | OXA-541 | OXA-1187 | OXA-1172 | OXA-1049 | OXA-544 | OXA-2 | OXA-1183 | OXA-32 | OXA-1082 | OXA-34 | OXA-15 | OXA-415 | OXA-1173 | OXA-161 | OXA-1243 | OXA-838 | OXA-1136 | OXA-210 | OXA-1017 | OXA-36 | OXA-1085 | OXA-21 | OXA-1084 | OXA-543 | OXA-141	cephalosporin;penicillin beta-lactam | penicillin beta-lactam	antibiotic inactivation	0.0	0.0	0.0	0.0	0.0	0.0	0.0	0.0	0.0	0.0	0.0	0.0	0.0	0.0	0.0	0.0	0.0	0.0	0.0	0.0	0.0	0.0	0.0	0.0	0.0	0.0	0.0	0.0	0.0	0.0	0.0	0.0	0.0	116015835.96	0.0	0.0
OXA beta-lactamase;OXA-2-like beta-lactamase	multiple	OXA-32 | OXA-1017 | OXA-681 | OXA-415 | OXA-1084 | OXA-541 | OXA-544 | OXA-1049 | OXA-2 | OXA-1172 | OXA-1085 | OXA-210 | OXA-543 | OXA-34 | OXA-1173 | OXA-737 | OXA-540 | OXA-1083 | OXA-1183 | OXA-141 | OXA-539 | OXA-838 | OXA-1243 | OXA-1187 | OXA-15 | OXA-1082 | OXA-161 | OXA-226 | OXA-36	cephalosporin;penicillin beta-lactam | penicillin beta-lactam	antibiotic inactivation	0.0	0.0	0.0	0.0	0.0	0.0	0.0	0.0	0.0	0.0	0.0	0.0	0.0	0.0	0.0	0.0	0.0	0.0	0.0	0.0	0.0	0.0	0.0	0.0	0.0	0.0	0.0	0.0	0.0	0.0	0.0	0.0	0.0	0.0	0.0	1944846.34
OXA beta-lactamase;OXA-2-like beta-lactamase	multiple	OXA-32 | OXA-210 | OXA-1172 | OXA-161 | OXA-1017 | OXA-2 | OXA-1083 | OXA-1085 | OXA-1187 | OXA-541 | OXA-1084 | OXA-1183 | OXA-539 | OXA-543 | OXA-1243 | OXA-141 | OXA-415 | OXA-737 | OXA-540 | OXA-34 | OXA-1049 | OXA-1173 | OXA-226 | OXA-681 | OXA-1082 | OXA-36 | OXA-838 | OXA-544 | OXA-15	cephalosporin;penicillin beta-lactam | penicillin beta-lactam	antibiotic inactivation	0.0	0.0	0.0	0.0	0.0	0.0	0.0	0.0	0.0	0.0	0.0	0.0	0.0	0.0	0.0	0.0	0.0	0.0	16221993.18	0.0	0.0	0.0	0.0	0.0	0.0	0.0	0.0	0.0	0.0	0.0	0.0	0.0	0.0	0.0	0.0	0.0
OXA beta-lactamase;OXA-2-like beta-lactamase	multiple	OXA-34 | OXA-15 | OXA-1187 | OXA-838 | OXA-541 | OXA-1173 | OXA-544 | OXA-2 | OXA-226 | OXA-210 | OXA-1183 | OXA-415 | OXA-737 | OXA-539 | OXA-681 | OXA-32 | OXA-161 | OXA-1084 | OXA-1082 | OXA-1017 | OXA-36 | OXA-1172 | OXA-141 | OXA-1085 | OXA-1049 | OXA-1243 | OXA-540 | OXA-1083 | OXA-543	penicillin beta-lactam | cephalosporin;penicillin beta-lactam	antibiotic inactivation	0.0	0.0	0.0	0.0	0.0	0.0	0.0	0.0	0.0	0.0	0.0	0.0	0.0	0.0	0.0	0.0	78365047.79	0.0	0.0	0.0	0.0	0.0	0.0	0.0	0.0	0.0	0.0	0.0	0.0	0.0	0.0	0.0	0.0	0.0	0.0	0.0
OXA beta-lactamase;OXA-2-like beta-lactamase	multiple	OXA-34 | OXA-540 | OXA-1082 | OXA-1183 | OXA-541 | OXA-1173 | OXA-1083 | OXA-1243 | OXA-838 | OXA-737 | OXA-141 | OXA-544 | OXA-161 | OXA-226 | OXA-1049 | OXA-1172 | OXA-1187 | OXA-36 | OXA-15 | OXA-539 | OXA-2 | OXA-210 | OXA-1084 | OXA-32 | OXA-681 | OXA-543 | OXA-1017 | OXA-1085 | OXA-415	penicillin beta-lactam | cephalosporin;penicillin beta-lactam	antibiotic inactivation	0.0	0.0	0.0	0.0	0.0	0.0	0.0	0.0	0.0	0.0	0.0	0.0	0.0	0.0	0.0	0.0	0.0	0.0	0.0	0.0	0.0	0.0	0.0	0.0	12852965.25	0.0	0.0	0.0	0.0	0.0	0.0	0.0	0.0	0.0	0.0	0.0
OXA beta-lactamase;OXA-2-like beta-lactamase	multiple	OXA-36 | OXA-1049 | OXA-1082 | OXA-838 | OXA-3 | OXA-1183 | OXA-32 | OXA-1187 | OXA-226 | OXA-737 | OXA-681 | OXA-541 | OXA-1243 | OXA-141 | OXA-15 | OXA-415 | OXA-21 | OXA-1017 | OXA-210 | OXA-161 | OXA-2 | OXA-1084 | OXA-543 | OXA-1083 | OXA-1172 | OXA-1085 | OXA-34 | OXA-539 | OXA-1173 | OXA-544 | OXA-1136 | OXA-540	penicillin beta-lactam | cephalosporin;penicillin beta-lactam	antibiotic inactivation	0.0	0.0	0.0	0.0	0.0	0.0	0.0	0.0	0.0	0.0	0.0	0.0	0.0	0.0	0.0	0.0	0.0	0.0	0.0	0.0	0.0	77497448.79	0.0	0.0	0.0	0.0	0.0	0.0	0.0	0.0	0.0	0.0	0.0	0.0	0.0	0.0
OXA beta-lactamase;OXA-2-like beta-lactamase	multiple	OXA-415 | OXA-141 | OXA-737 | OXA-36 | OXA-541 | OXA-1187 | OXA-1082 | OXA-1173 | OXA-161 | OXA-1083 | OXA-15 | OXA-681 | OXA-210 | OXA-1017 | OXA-1172 | OXA-544 | OXA-540 | OXA-543 | OXA-1085 | OXA-539 | OXA-1084 | OXA-1243 | OXA-1049 | OXA-226 | OXA-32 | OXA-1183 | OXA-838 | OXA-2 | OXA-34	cephalosporin;penicillin beta-lactam | penicillin beta-lactam	antibiotic inactivation	0.0	0.0	0.0	0.0	0.0	0.0	0.0	0.0	0.0	0.0	0.0	0.0	0.0	0.0	0.0	0.0	0.0	0.0	0.0	0.0	0.0	0.0	0.0	0.0	0.0	0.0	0.0	2403687.53	0.0	0.0	0.0	0.0	0.0	0.0	0.0	0.0
OXA beta-lactamase;OXA-2-like beta-lactamase	multiple	OXA-539 | OXA-737 | OXA-1183 | OXA-141 | OXA-415 | OXA-161 | OXA-1243 | OXA-3 | OXA-15 | OXA-1083 | OXA-34 | OXA-681 | OXA-1085 | OXA-1049 | OXA-1136 | OXA-21 | OXA-32 | OXA-544 | OXA-1084 | OXA-838 | OXA-540 | OXA-2 | OXA-1187 | OXA-543 | OXA-1017 | OXA-36 | OXA-1082 | OXA-1172 | OXA-226 | OXA-1173 | OXA-541 | OXA-210	cephalosporin;penicillin beta-lactam | penicillin beta-lactam	antibiotic inactivation	0.0	0.0	0.0	0.0	0.0	0.0	0.0	0.0	0.0	0.0	0.0	0.0	0.0	0.0	0.0	0.0	0.0	0.0	0.0	118812418.32	0.0	0.0	0.0	0.0	0.0	0.0	0.0	0.0	0.0	0.0	0.0	0.0	0.0	0.0	0.0	0.0
OXA beta-lactamase;OXA-2-like beta-lactamase	multiple	OXA-540 | OXA-1084 | OXA-838 | OXA-32 | OXA-681 | OXA-2 | OXA-1017 | OXA-1243 | OXA-161 | OXA-544 | OXA-1187 | OXA-1083 | OXA-541 | OXA-737 | OXA-1183 | OXA-141 | OXA-1082 | OXA-543 | OXA-34 | OXA-539 | OXA-1085 | OXA-1173 | OXA-15 | OXA-1172 | OXA-1049 | OXA-36 | OXA-226 | OXA-210 | OXA-415	cephalosporin;penicillin beta-lactam | penicillin beta-lactam	antibiotic inactivation	0.0	0.0	0.0	0.0	0.0	0.0	0.0	0.0	0.0	0.0	0.0	0.0	0.0	0.0	0.0	0.0	0.0	0.0	0.0	0.0	0.0	0.0	14141379.54	0.0	0.0	0.0	0.0	0.0	0.0	0.0	0.0	0.0	0.0	0.0	0.0	0.0
OXA beta-lactamase;OXA-2-like beta-lactamase	multiple	OXA-540 | OXA-210 | OXA-544 | OXA-541 | OXA-737 | OXA-1172 | OXA-226 | OXA-415 | OXA-1243 | OXA-2 | OXA-539 | OXA-1017 | OXA-1173 | OXA-15 | OXA-1085 | OXA-838 | OXA-1187 | OXA-1084 | OXA-1083 | OXA-1049 | OXA-36 | OXA-141 | OXA-161 | OXA-1082 | OXA-543 | OXA-681 | OXA-34 | OXA-1183 | OXA-32	cephalosporin;penicillin beta-lactam | penicillin beta-lactam	antibiotic inactivation	0.0	0.0	0.0	0.0	0.0	0.0	0.0	0.0	0.0	0.0	0.0	0.0	0.0	0.0	0.0	0.0	0.0	0.0	0.0	0.0	0.0	0.0	0.0	0.0	0.0	0.0	0.0	0.0	0.0	0.0	0.0	0.0	0.0	0.0	629616.96	0.0
OXA beta-lactamase;OXA-2-like beta-lactamase	multiple	OXA-540 | OXA-681 | OXA-1183 | OXA-541 | OXA-161 | OXA-1243 | OXA-544 | OXA-1187 | OXA-838 | OXA-539 | OXA-2 | OXA-15 | OXA-737 | OXA-1082 | OXA-415 | OXA-1172 | OXA-141 | OXA-1049 | OXA-226 | OXA-36 | OXA-1084 | OXA-543 | OXA-1083 | OXA-1017 | OXA-32 | OXA-1085 | OXA-1173 | OXA-34 | OXA-210	cephalosporin;penicillin beta-lactam | penicillin beta-lactam	antibiotic inactivation	0.0	0.0	0.0	0.0	0.0	0.0	0.0	0.0	0.0	0.0	0.0	0.0	0.0	0.0	0.0	0.0	0.0	0.0	0.0	0.0	0.0	0.0	0.0	0.0	0.0	0.0	4886807.15	0.0	0.0	0.0	0.0	0.0	0.0	0.0	0.0	0.0
OXA beta-lactamase;OXA-2-like beta-lactamase	multiple	OXA-541 | OXA-1084 | OXA-1243 | OXA-838 | OXA-210 | OXA-226 | OXA-161 | OXA-1172 | OXA-543 | OXA-540 | OXA-36 | OXA-141 | OXA-15 | OXA-1085 | OXA-539 | OXA-1183 | OXA-681 | OXA-1082 | OXA-1173 | OXA-1049 | OXA-1187 | OXA-34 | OXA-32 | OXA-1017 | OXA-415 | OXA-737 | OXA-1083 | OXA-2 | OXA-544	cephalosporin;penicillin beta-lactam | penicillin beta-lactam	antibiotic inactivation	0.0	0.0	0.0	0.0	0.0	0.0	0.0	0.0	0.0	0.0	0.0	0.0	0.0	0.0	0.0	0.0	0.0	0.0	0.0	0.0	0.0	0.0	0.0	10628621.59	0.0	0.0	0.0	0.0	0.0	0.0	0.0	0.0	0.0	0.0	0.0	0.0
OXA beta-lactamase;OXA-2-like beta-lactamase	multiple	OXA-543 | OXA-226 | OXA-1183 | OXA-1017 | OXA-539 | OXA-415 | OXA-1136 | OXA-1172 | OXA-21 | OXA-34 | OXA-36 | OXA-210 | OXA-1085 | OXA-681 | OXA-737 | OXA-540 | OXA-32 | OXA-1084 | OXA-161 | OXA-1049 | OXA-3 | OXA-1082 | OXA-1083 | OXA-544 | OXA-2 | OXA-141 | OXA-838 | OXA-1173 | OXA-1187 | OXA-15 | OXA-1243 | OXA-541	cephalosporin;penicillin beta-lactam | penicillin beta-lactam	antibiotic inactivation	0.0	0.0	0.0	0.0	0.0	0.0	309000626.61	0.0	0.0	0.0	0.0	0.0	0.0	0.0	0.0	0.0	0.0	0.0	0.0	0.0	0.0	0.0	0.0	0.0	0.0	0.0	0.0	0.0	0.0	0.0	0.0	0.0	0.0	0.0	0.0	0.0
OXA beta-lactamase;OXA-2-like beta-lactamase	multiple	OXA-543 | OXA-32 | OXA-1017 | OXA-15 | OXA-1082 | OXA-161 | OXA-36 | OXA-1084 | OXA-681 | OXA-210 | OXA-544 | OXA-226 | OXA-1187 | OXA-1085 | OXA-1173 | OXA-838 | OXA-34 | OXA-540 | OXA-141 | OXA-1243 | OXA-539 | OXA-415 | OXA-541 | OXA-1049 | OXA-737 | OXA-1183 | OXA-1083 | OXA-2 | OXA-1172	cephalosporin;penicillin beta-lactam | penicillin beta-lactam	antibiotic inactivation	0.0	0.0	0.0	0.0	0.0	0.0	0.0	0.0	3298305.49	0.0	0.0	0.0	0.0	0.0	0.0	0.0	0.0	0.0	0.0	0.0	0.0	0.0	0.0	0.0	0.0	0.0	0.0	0.0	0.0	0.0	0.0	0.0	0.0	0.0	0.0	0.0
OXA beta-lactamase;OXA-2-like beta-lactamase	multiple	OXA-681 | OXA-1173 | OXA-539 | OXA-415 | OXA-34 | OXA-838 | OXA-1049 | OXA-141 | OXA-543 | OXA-1243 | OXA-540 | OXA-1084 | OXA-210 | OXA-544 | OXA-1017 | OXA-541 | OXA-1083 | OXA-1172 | OXA-2 | OXA-226 | OXA-161 | OXA-737 | OXA-15 | OXA-36 | OXA-1085 | OXA-1187 | OXA-32 | OXA-1183 | OXA-1082	cephalosporin;penicillin beta-lactam | penicillin beta-lactam	antibiotic inactivation	0.0	0.0	0.0	0.0	0.0	0.0	0.0	0.0	0.0	0.0	0.0	0.0	0.0	34009163.08	0.0	0.0	0.0	0.0	0.0	0.0	0.0	0.0	0.0	0.0	0.0	0.0	0.0	0.0	0.0	0.0	0.0	0.0	0.0	0.0	0.0	0.0
OXA beta-lactamase;OXA-2-like beta-lactamase	multiple	OXA-737 | OXA-210 | OXA-541 | OXA-34 | OXA-2 | OXA-1017 | OXA-1082 | OXA-681 | OXA-1136 | OXA-15 | OXA-544 | OXA-1049 | OXA-161 | OXA-543 | OXA-226 | OXA-1084 | OXA-1173 | OXA-1083 | OXA-415 | OXA-1187 | OXA-1085 | OXA-1243 | OXA-141 | OXA-1183 | OXA-36 | OXA-539 | OXA-1172 | OXA-838 | OXA-32 | OXA-540	cephalosporin;penicillin beta-lactam | penicillin beta-lactam	antibiotic inactivation	0.0	0.0	0.0	0.0	0.0	0.0	0.0	0.0	0.0	0.0	0.0	0.0	0.0	0.0	0.0	10402215.92	0.0	0.0	0.0	0.0	0.0	0.0	0.0	0.0	0.0	0.0	0.0	0.0	0.0	0.0	0.0	0.0	0.0	0.0	0.0	0.0
OXA beta-lactamase;OXA-2-like beta-lactamase	multiple	OXA-838 | OXA-1084 | OXA-226 | OXA-161 | OXA-3 | OXA-1183 | OXA-1049 | OXA-539 | OXA-1136 | OXA-1085 | OXA-2 | OXA-1017 | OXA-1243 | OXA-1172 | OXA-36 | OXA-541 | OXA-1083 | OXA-1082 | OXA-415 | OXA-210 | OXA-141 | OXA-543 | OXA-540 | OXA-1187 | OXA-34 | OXA-681 | OXA-544 | OXA-15 | OXA-32 | OXA-1173 | OXA-737	cephalosporin;penicillin beta-lactam | penicillin beta-lactam	antibiotic inactivation	0.0	0.0	0.0	0.0	0.0	0.0	0.0	0.0	0.0	0.0	0.0	0.0	0.0	0.0	0.0	0.0	0.0	0.0	0.0	0.0	0.0	0.0	0.0	0.0	0.0	0.0	0.0	0.0	78322660.44	0.0	0.0	0.0	0.0	0.0	0.0	0.0
OXA beta-lactamase;OXA-22-like beta-lactamase	ARO_3005795__OXA-574__H	OXA-574	cephalosporin;penicillin beta-lactam	antibiotic inactivation	0.0	0.0	0.0	0.0	29572.44	0.0	0.0	0.0	19808.87	0.0	0.0	0.0	122081.07	0.0	0.0	0.0	0.0	0.0	0.0	0.0	0.0	0.0	0.0	28982.71	0.0	0.0	0.0	0.0	0.0	0.0	0.0	0.0	0.0	0.0	0.0	0.0
OXA beta-lactamase;OXA-22-like beta-lactamase	multiple	OXA-569 | OXA-574	cephalosporin;penicillin beta-lactam	antibiotic inactivation	0.0	0.0	0.0	0.0	325296.81	0.0	0.0	0.0	19808.87	0.0	0.0	0.0	0.0	0.0	0.0	0.0	0.0	0.0	0.0	0.0	0.0	0.0	0.0	289827.08	0.0	0.0	0.0	0.0	0.0	0.0	0.0	0.0	0.0	0.0	0.0	0.0
OXA beta-lactamase;OXA-22-like beta-lactamase	multiple	OXA-574 | OXA-569	cephalosporin;penicillin beta-lactam	antibiotic inactivation	0.0	0.0	0.0	0.0	0.0	0.0	24316.32	0.0	0.0	0.0	0.0	0.0	122081.07	0.0	0.0	0.0	0.0	0.0	0.0	0.0	0.0	0.0	0.0	0.0	0.0	0.0	0.0	0.0	0.0	0.0	0.0	0.0	0.0	0.0	0.0	19627.73
OXA beta-lactamase;OXA-364-like beta-lactamase	multiple	OXA-364 | OXA-513 | OXA-789 | OXA-455 | OXA-787	penicillin beta-lactam	antibiotic inactivation	0.0	0.0	0.0	0.0	0.0	0.0	0.0	0.0	0.0	0.0	0.0	0.0	0.0	0.0	0.0	0.0	0.0	43179.14	0.0	0.0	0.0	0.0	0.0	0.0	0.0	0.0	0.0	0.0	0.0	0.0	0.0	0.0	0.0	0.0	0.0	0.0
OXA beta-lactamase;OXA-364-like beta-lactamase	multiple	OXA-455 | OXA-787 | OXA-513 | OXA-789	penicillin beta-lactam	antibiotic inactivation	0.0	0.0	0.0	0.0	0.0	0.0	0.0	0.0	0.0	0.0	0.0	0.0	0.0	0.0	0.0	0.0	0.0	0.0	21004.59	0.0	0.0	0.0	0.0	0.0	0.0	0.0	0.0	0.0	0.0	0.0	0.0	0.0	0.0	0.0	0.0	0.0
OXA beta-lactamase;OXA-50-like beta-lactamase	multiple	OXA-1135 | OXA-903 | OXA-1028 | OXA-1281 | OXA-1199 | OXA-1272 | OXA-1254 | OXA-906 | OXA-1018 | OXA-1296 | OXA-1126 | OXA-488 | OXA-1268 | OXA-846 | OXA-1188 | OXA-1295 | OXA-1269 | OXA-1019 | OXA-1244 | OXA-1289 | OXA-1124 | OXA-485 | OXA-1277 | OXA-1288 | OXA-901 | OXA-913 | OXA-1271 | OXA-1270 | OXA-1255 | OXA-1273 | OXA-904 | OXA-905 | OXA-1300 | OXA-396 | OXA-1301 | OXA-849 | OXA-1246 | OXA-1029 | OXA-1129 | OXA-1020 | OXA-1282 | OXA-1276 | OXA-1030 | OXA-1280 | OXA-1024 | OXA-1128 | OXA-851 | OXA-1298 | OXA-1267 | OXA-1250 | OXA-908 | OXA-1252 | OXA-1198 | OXA-1014 | OXA-1292 | OXA-1274 | OXA-1026 | OXA-1279 | OXA-1131 | OXA-1299 | OXA-914 | OXA-1022 | OXA-1256 | OXA-1132 | OXA-50 | OXA-1031 | OXA-847 | OXA-850 | OXA-1027 | OXA-1287 | OXA-1035 | OXA-1023 | OXA-1025 | OXA-494 | OXA-1127 | OXA-1032 | OXA-1291 | OXA-1245 | OXA-486 | OXA-1140 | OXA-1034 | OXA-1297 | OXA-1278 | OXA-848 | OXA-1174 | OXA-1033 | OXA-1286 | OXA-1125 | OXA-1133 | OXA-395 | OXA-907 | OXA-1285 | OXA-1134 | OXA-1253 | OXA-1130 | OXA-1283 | OXA-937 | OXA-1293	penicillin beta-lactam | cephalosporin;penicillin beta-lactam	antibiotic inactivation	0.0	0.0	0.0	0.0	0.0	0.0	0.0	0.0	0.0	0.0	0.0	0.0	0.0	0.0	0.0	0.0	0.0	0.0	308599.8	0.0	0.0	0.0	0.0	0.0	0.0	0.0	0.0	0.0	0.0	0.0	0.0	0.0	0.0	0.0	0.0	0.0
OXA beta-lactamase;OXA-60-like beta-lactamase	ARO_3005324__OXA-570__H	OXA-570	carbapenem;penicillin beta-lactam	antibiotic inactivation	0.0	0.0	0.0	0.0	0.0	0.0	0.0	0.0	0.0	0.0	0.0	0.0	31417.92	0.0	0.0	0.0	0.0	0.0	0.0	0.0	0.0	0.0	0.0	29835.14	0.0	0.0	0.0	0.0	0.0	0.0	0.0	0.0	0.0	0.0	0.0	0.0
OXA beta-lactamase;OXA-60-like beta-lactamase	ARO_3005325__OXA-573__H	OXA-573	carbapenem;penicillin beta-lactam	antibiotic inactivation	0.0	0.0	0.0	0.0	60884.43	0.0	25031.51	80604.87	0.0	0.0	145369.7	0.0	62835.85	0.0	0.0	0.0	0.0	0.0	0.0	0.0	0.0	0.0	0.0	119340.56	0.0	0.0	0.0	0.0	0.0	0.0	0.0	0.0	0.0	0.0	22660.21	0.0
OXA beta-lactamase;OXA-60-like beta-lactamase	multiple	OXA-570 | OXA-573	carbapenem;penicillin beta-lactam	antibiotic inactivation	0.0	0.0	0.0	0.0	0.0	0.0	0.0	26868.29	0.0	0.0	0.0	0.0	0.0	0.0	0.0	0.0	0.0	0.0	0.0	0.0	0.0	0.0	0.0	208845.99	0.0	0.0	0.0	0.0	0.0	0.0	0.0	0.0	0.0	0.0	0.0	0.0
OXA beta-lactamase;OXA-60-like beta-lactamase	multiple	OXA-573 | OXA-570	carbapenem;penicillin beta-lactam	antibiotic inactivation	0.0	0.0	0.0	0.0	0.0	0.0	50063.01	0.0	0.0	27765.64	0.0	0.0	0.0	0.0	0.0	0.0	0.0	0.0	0.0	0.0	0.0	0.0	0.0	0.0	0.0	0.0	0.0	0.0	0.0	0.0	0.0	0.0	0.0	0.0	0.0	0.0
OXA beta-lactamase;OXA-62-like beta-lactamase	ARO_3001460__OXA-155__H	OXA-155	carbapenem;penicillin beta-lactam	antibiotic inactivation	0.0	0.0	0.0	0.0	0.0	0.0	0.0	0.0	0.0	0.0	0.0	0.0	0.0	0.0	0.0	0.0	0.0	0.0	0.0	0.0	0.0	0.0	0.0	0.0	0.0	0.0	29305.39	0.0	0.0	0.0	0.0	0.0	0.0	0.0	0.0	0.0
OXA beta-lactamase;OXA-62-like beta-lactamase	ARO_3008674__OXA-1264__H	OXA-1264	carbapenem;penicillin beta-lactam	antibiotic inactivation	0.0	0.0	0.0	0.0	0.0	0.0	0.0	0.0	0.0	0.0	0.0	0.0	0.0	25350.89	0.0	0.0	0.0	0.0	0.0	0.0	0.0	0.0	0.0	0.0	0.0	0.0	0.0	0.0	0.0	0.0	0.0	0.0	0.0	0.0	0.0	0.0
OXA beta-lactamase;OXA-62-like beta-lactamase	multiple	OXA-1227 | OXA-155 | OXA-154 | OXA-1228 | OXA-1152	carbapenem;penicillin beta-lactam	antibiotic inactivation	0.0	0.0	0.0	0.0	0.0	0.0	0.0	0.0	0.0	0.0	0.0	0.0	0.0	0.0	0.0	0.0	0.0	0.0	0.0	0.0	0.0	0.0	0.0	0.0	0.0	0.0	0.0	0.0	765307.81	0.0	0.0	0.0	0.0	0.0	0.0	0.0
OXA beta-lactamase;OXA-62-like beta-lactamase	multiple	OXA-1228 | OXA-1149 | OXA-155 | OXA-154 | OXA-1152 | OXA-1227	carbapenem;penicillin beta-lactam	antibiotic inactivation	0.0	0.0	0.0	0.0	0.0	0.0	0.0	0.0	0.0	0.0	0.0	0.0	0.0	0.0	0.0	0.0	0.0	0.0	0.0	0.0	0.0	0.0	0.0	0.0	0.0	0.0	6359269.27	0.0	0.0	0.0	0.0	0.0	0.0	0.0	0.0	0.0
OXA beta-lactamase;OXA-62-like beta-lactamase	multiple	OXA-1264 | OXA-153	carbapenem;penicillin beta-lactam	antibiotic inactivation	0.0	0.0	0.0	0.0	0.0	0.0	0.0	0.0	0.0	0.0	0.0	0.0	0.0	2991404.89	0.0	32617.84	133492.76	41094.63	0.0	0.0	0.0	0.0	0.0	0.0	0.0	0.0	0.0	0.0	0.0	0.0	0.0	0.0	0.0	0.0	0.0	0.0
OXA beta-lactamase;OXA-9-like beta-lactamase	ARO_3001404__OXA-9__H	OXA-9	penicillin beta-lactam	antibiotic inactivation	0.0	0.0	0.0	0.0	0.0	0.0	0.0	0.0	0.0	0.0	0.0	0.0	0.0	0.0	0.0	0.0	0.0	0.0	0.0	19561.22	94969.89	468155.27	0.0	0.0	60572.4	89809.39	0.0	0.0	110189.28	0.0	25504.52	0.0	0.0	0.0	0.0	0.0
OXA beta-lactamase;OXA-9-like beta-lactamase	multiple	OXA-896 | OXA-9	penicillin beta-lactam	antibiotic inactivation	0.0	0.0	0.0	0.0	0.0	0.0	0.0	0.0	0.0	0.0	0.0	0.0	0.0	0.0	0.0	0.0	0.0	0.0	0.0	9017723.57	12327092.34	146803635.98	1301102.4	0.0	3422340.48	0.0	1030377.45	453950.73	0.0	0.0	4794850.11	0.0	0.0	1397564.22	0.0	0.0
OXA beta-lactamase;OXA-9-like beta-lactamase	multiple	OXA-9 | OXA-896	penicillin beta-lactam	antibiotic inactivation	199207.89	0.0	0.0	0.0	0.0	0.0	0.0	0.0	0.0	0.0	0.0	0.0	0.0	160401.99	0.0	0.0	0.0	0.0	0.0	0.0	0.0	0.0	0.0	0.0	0.0	12618219.14	0.0	0.0	7008038.29	0.0	0.0	0.0	1886008.0	0.0	0.0	199845.96
OXY beta-lactamase	ARO_3002411__OXY-5-1__H	OXY-5-1	cephalosporin;monobactam;penicillin beta-lactam	antibiotic inactivation	0.0	0.0	0.0	0.0	56909.16	0.0	0.0	0.0	0.0	0.0	0.0	0.0	0.0	0.0	0.0	0.0	0.0	0.0	0.0	0.0	0.0	0.0	0.0	0.0	0.0	0.0	501615.6	0.0	0.0	0.0	0.0	0.0	0.0	0.0	0.0	0.0
OXY beta-lactamase	ARO_3008784__OXY-10-1__H	OXY-10-1	cephalosporin;monobactam;penicillin beta-lactam	antibiotic inactivation	0.0	0.0	0.0	0.0	0.0	0.0	23397.15	0.0	0.0	0.0	0.0	0.0	0.0	0.0	0.0	0.0	0.0	0.0	0.0	0.0	0.0	0.0	0.0	0.0	0.0	0.0	0.0	0.0	0.0	0.0	0.0	0.0	0.0	0.0	0.0	0.0
OXY beta-lactamase	multiple	OXY-1-1 | OXY-6-10 | OXY-1-3 | OXY-6-2 | OXY-1-11 | OXY-1-4 | OXY-1-7 | OXY-1-13 | OXY-1-12 | OXY-5-1 | OXY-1-18 | OXY-5-7 | OXY-6-3 | OXY-1-19 | OXY-5-2 | OXY-5-11 | OXY-6-7 | OXY-6-4 | OXY-5-10 | OXY-6-11 | OXY-1-16 | OXY-1-2 | OXY-1-17 | OXY-5-6 | OXY-5-8 | OXY-6-1	cephalosporin;monobactam;penicillin beta-lactam	antibiotic inactivation	0.0	0.0	0.0	0.0	0.0	0.0	0.0	0.0	0.0	0.0	0.0	0.0	0.0	0.0	0.0	32441.43	0.0	0.0	0.0	0.0	0.0	0.0	0.0	0.0	0.0	0.0	0.0	0.0	0.0	0.0	0.0	0.0	0.0	0.0	0.0	0.0
OXY beta-lactamase	multiple	OXY-1-12 | OXY-1-4 | OXY-1-1 | OXY-5-8 | OXY-1-6 | OXY-5-7 | OXY-6-4 | OXY-1-11 | OXY-1-3 | OXY-1-7 | OXY-1-16 | OXY-1-2 | OXY-6-2 | OXY-5-2 | OXY-7-1 | OXY-6-3 | OXY-6-7 | OXY-6-11 | OXY-1-17 | OXY-1-18 | OXY-6-10 | OXY-6-5 | OXY-5-6 | OXY-5-1 | OXY-6-1 | OXY-5-10 | OXY-1-19 | OXY-1-13 | OXY-5-11	cephalosporin;monobactam;penicillin beta-lactam	antibiotic inactivation	0.0	0.0	0.0	0.0	0.0	0.0	0.0	0.0	0.0	0.0	0.0	0.0	0.0	0.0	0.0	0.0	0.0	0.0	0.0	0.0	0.0	0.0	0.0	0.0	0.0	0.0	0.0	356816.19	0.0	0.0	0.0	0.0	0.0	0.0	0.0	0.0
OXY beta-lactamase	multiple	OXY-1-2 | OXY-1-13 | OXY-5-7 | OXY-6-2 | OXY-1-4 | OXY-1-16 | OXY-1-7 | OXY-5-8 | OXY-4-1 | OXY-4-2 | OXY-5-6 | OXY-1-12 | OXY-6-1 | OXY-1-18 | OXY-5-2 | OXY-1-3 | OXY-6-3 | OXY-6-11 | OXY-4-4 | OXY-5-10 | OXY-4-3 | OXY-4-5 | OXY-5-11 | OXY-6-10 | OXY-6-5 | OXY-6-7 | OXY-1-17 | OXY-1-6 | OXY-1-19 | OXY-1-1 | OXY-7-1 | OXY-5-1 | OXY-1-11 | OXY-6-4	cephalosporin;monobactam;penicillin beta-lactam	antibiotic inactivation	0.0	0.0	0.0	0.0	2982906.98	0.0	0.0	0.0	0.0	0.0	0.0	0.0	0.0	0.0	0.0	0.0	0.0	0.0	0.0	0.0	0.0	0.0	0.0	0.0	0.0	0.0	0.0	0.0	0.0	0.0	0.0	0.0	0.0	0.0	0.0	0.0
OXY beta-lactamase	multiple	OXY-1-2 | OXY-1-19 | OXY-5-11 | OXY-1-7 | OXY-1-6 | OXY-4-3 | OXY-6-1 | OXY-1-18 | OXY-5-6 | OXY-1-17 | OXY-1-11 | OXY-4-5 | OXY-4-4 | OXY-5-1 | OXY-6-2 | OXY-5-10 | OXY-6-3 | OXY-5-8 | OXY-7-1 | OXY-5-2 | OXY-1-12 | OXY-4-1 | OXY-6-4 | OXY-5-7 | OXY-6-11 | OXY-1-1 | OXY-1-3 | OXY-1-4 | OXY-6-5 | OXY-6-7 | OXY-1-13 | OXY-1-16 | OXY-6-10	cephalosporin;monobactam;penicillin beta-lactam	antibiotic inactivation	0.0	0.0	0.0	0.0	0.0	0.0	0.0	0.0	0.0	0.0	0.0	0.0	0.0	0.0	0.0	0.0	0.0	0.0	0.0	0.0	0.0	0.0	0.0	0.0	0.0	0.0	0.0	0.0	1871236.0	0.0	0.0	0.0	0.0	0.0	0.0	0.0
OXY beta-lactamase	multiple	OXY-1-3 | OXY-5-10 | OXY-1-19 | OXY-5-8 | OXY-1-18 | OXY-5-1 | OXY-1-6 | OXY-6-3 | OXY-5-2 | OXY-1-16 | OXY-6-11 | OXY-6-10 | OXY-5-6 | OXY-1-17 | OXY-7-1 | OXY-5-11 | OXY-1-13 | OXY-1-11 | OXY-6-5 | OXY-6-1 | OXY-1-1 | OXY-6-4 | OXY-1-4 | OXY-1-12 | OXY-6-2 | OXY-6-7	cephalosporin;monobactam;penicillin beta-lactam	antibiotic inactivation	0.0	0.0	0.0	0.0	0.0	0.0	0.0	0.0	0.0	0.0	0.0	0.0	0.0	0.0	0.0	0.0	0.0	0.0	0.0	0.0	0.0	0.0	0.0	0.0	0.0	0.0	0.0	0.0	0.0	125458.56	0.0	0.0	0.0	0.0	0.0	0.0
OXY beta-lactamase	multiple	OXY-1-7 | OXY-1-12 | OXY-5-7 | OXY-1-19 | OXY-1-13 | OXY-1-6 | OXY-1-16 | OXY-5-8 | OXY-1-18 | OXY-1-17 | OXY-5-10 | OXY-1-4 | OXY-5-11 | OXY-5-6 | OXY-1-2 | OXY-5-1 | OXY-1-1 | OXY-1-3 | OXY-1-11 | OXY-5-2	cephalosporin;monobactam;penicillin beta-lactam	antibiotic inactivation	0.0	0.0	0.0	0.0	0.0	0.0	0.0	0.0	0.0	0.0	0.0	0.0	0.0	0.0	0.0	0.0	0.0	0.0	0.0	0.0	0.0	0.0	0.0	0.0	0.0	0.0	0.0	0.0	0.0	0.0	0.0	0.0	0.0	0.0	0.0	207387.31
OXY beta-lactamase	multiple	OXY-12-1 | OXY-8-2 | OXY-3-3 | OXY-8-1 | OXY-10-1 | OXY-8-3 | OXY-3-1 | OXY-3-2 | OXY-12-2	cephalosporin;monobactam;penicillin beta-lactam	antibiotic inactivation	0.0	0.0	0.0	0.0	0.0	0.0	70352.62	0.0	0.0	0.0	0.0	0.0	0.0	0.0	0.0	0.0	0.0	0.0	0.0	0.0	0.0	0.0	0.0	0.0	0.0	0.0	0.0	0.0	0.0	0.0	0.0	0.0	0.0	0.0	0.0	0.0
OXY beta-lactamase	multiple	OXY-4-2 | OXY-1-16 | OXY-5-1 | OXY-1-2 | OXY-6-2 | OXY-6-3 | OXY-5-8 | OXY-1-6 | OXY-6-10 | OXY-6-1 | OXY-4-1 | OXY-1-3 | OXY-4-5 | OXY-6-4 | OXY-1-19 | OXY-4-4 | OXY-1-4 | OXY-5-11 | OXY-4-3 | OXY-1-7 | OXY-5-2 | OXY-5-7 | OXY-5-10 | OXY-6-7 | OXY-1-1 | OXY-7-1 | OXY-1-18 | OXY-1-13 | OXY-6-5 | OXY-1-17 | OXY-6-11 | OXY-5-6 | OXY-1-11 | OXY-1-12	cephalosporin;monobactam;penicillin beta-lactam	antibiotic inactivation	0.0	0.0	0.0	0.0	0.0	0.0	0.0	0.0	0.0	0.0	0.0	0.0	0.0	0.0	0.0	0.0	0.0	0.0	0.0	0.0	0.0	0.0	0.0	0.0	0.0	0.0	62748011.46	0.0	0.0	0.0	0.0	0.0	0.0	0.0	0.0	0.0
OXY beta-lactamase	multiple	OXY-5-1 | OXY-6-7 | OXY-1-6 | OXY-4-3 | OXY-1-17 | OXY-5-6 | OXY-1-11 | OXY-6-4 | OXY-5-7 | OXY-5-11 | OXY-1-7 | OXY-6-1 | OXY-4-5 | OXY-1-12 | OXY-6-11 | OXY-4-1 | OXY-1-1 | OXY-5-10 | OXY-5-2 | OXY-4-2 | OXY-1-19 | OXY-7-1 | OXY-1-2 | OXY-1-18 | OXY-6-3 | OXY-1-3 | OXY-6-5 | OXY-5-8 | OXY-6-10 | OXY-6-2 | OXY-1-16 | OXY-1-13 | OXY-1-4	cephalosporin;monobactam;penicillin beta-lactam	antibiotic inactivation	0.0	0.0	0.0	0.0	0.0	0.0	0.0	0.0	0.0	0.0	0.0	0.0	0.0	0.0	0.0	0.0	0.0	0.0	0.0	0.0	0.0	999589.02	0.0	0.0	0.0	0.0	0.0	0.0	0.0	0.0	0.0	0.0	0.0	0.0	0.0	0.0
OXY beta-lactamase	multiple	OXY-5-10 | OXY-1-1 | OXY-4-1 | OXY-1-4 | OXY-6-1 | OXY-4-5 | OXY-1-2 | OXY-5-11 | OXY-1-7 | OXY-1-19 | OXY-1-12 | OXY-1-18 | OXY-6-2 | OXY-5-6 | OXY-6-4 | OXY-4-4 | OXY-5-1 | OXY-5-8 | OXY-1-11 | OXY-6-7 | OXY-1-13 | OXY-6-5 | OXY-1-17 | OXY-6-11 | OXY-1-16 | OXY-4-3 | OXY-6-3 | OXY-1-3 | OXY-7-1 | OXY-1-6 | OXY-4-2 | OXY-6-10 | OXY-5-7 | OXY-5-2	cephalosporin;monobactam;penicillin beta-lactam	antibiotic inactivation	0.0	0.0	0.0	0.0	0.0	4374306.8	0.0	0.0	0.0	0.0	0.0	0.0	0.0	0.0	0.0	0.0	0.0	0.0	0.0	0.0	0.0	0.0	0.0	0.0	0.0	0.0	0.0	0.0	0.0	0.0	0.0	0.0	0.0	0.0	0.0	0.0
OXY beta-lactamase	multiple	OXY-5-2 | OXY-5-11 | OXY-5-1 | OXY-5-7 | OXY-1-4 | OXY-6-5 | OXY-1-13 | OXY-5-10 | OXY-1-12 | OXY-6-2 | OXY-5-6 | OXY-5-8	cephalosporin;monobactam;penicillin beta-lactam	antibiotic inactivation	0.0	0.0	0.0	0.0	0.0	0.0	0.0	0.0	0.0	0.0	0.0	0.0	0.0	0.0	0.0	0.0	0.0	0.0	0.0	0.0	53848.91	0.0	0.0	0.0	0.0	0.0	0.0	0.0	0.0	0.0	0.0	0.0	0.0	0.0	0.0	0.0
OXY beta-lactamase	multiple	OXY-6-10 | OXY-1-18 | OXY-1-1 | OXY-1-13 | OXY-1-2 | OXY-1-11 | OXY-6-1 | OXY-5-2 | OXY-6-2 | OXY-5-1 | OXY-1-12 | OXY-4-1 | OXY-4-3 | OXY-5-8 | OXY-4-4 | OXY-1-19 | OXY-5-11 | OXY-1-6 | OXY-5-7 | OXY-5-10 | OXY-6-3 | OXY-4-5 | OXY-1-3 | OXY-6-4 | OXY-6-11 | OXY-6-7 | OXY-5-6 | OXY-1-16 | OXY-6-5 | OXY-7-1 | OXY-1-7 | OXY-4-2 | OXY-1-17 | OXY-1-4	cephalosporin;monobactam;penicillin beta-lactam	antibiotic inactivation	0.0	0.0	0.0	0.0	0.0	0.0	0.0	0.0	0.0	0.0	0.0	0.0	0.0	0.0	0.0	0.0	0.0	0.0	198897.17	0.0	0.0	0.0	0.0	0.0	0.0	0.0	0.0	0.0	0.0	0.0	0.0	0.0	0.0	0.0	0.0	0.0
OXY beta-lactamase	multiple	OXY-6-3 | OXY-6-10 | OXY-6-4 | OXY-1-6 | OXY-6-5 | OXY-5-10 | OXY-5-11 | OXY-1-3 | OXY-5-1 | OXY-6-11 | OXY-1-16 | OXY-1-13 | OXY-1-17 | OXY-1-12 | OXY-5-2 | OXY-5-7 | OXY-1-11 | OXY-1-7 | OXY-6-7 | OXY-5-8 | OXY-1-18 | OXY-1-1 | OXY-7-1 | OXY-1-2 | OXY-5-6 | OXY-6-2 | OXY-1-4 | OXY-1-19 | OXY-6-1	cephalosporin;monobactam;penicillin beta-lactam	antibiotic inactivation	0.0	0.0	0.0	0.0	0.0	0.0	0.0	0.0	0.0	0.0	0.0	0.0	0.0	0.0	0.0	0.0	0.0	0.0	0.0	0.0	0.0	0.0	0.0	0.0	0.0	0.0	0.0	0.0	0.0	0.0	0.0	0.0	282370.98	0.0	0.0	0.0
OXY beta-lactamase	multiple	OXY-6-4 | OXY-5-2 | OXY-6-7 | OXY-5-11 | OXY-5-1 | OXY-1-1 | OXY-1-6 | OXY-1-17 | OXY-6-3 | OXY-1-16 | OXY-5-10 | OXY-6-10 | OXY-1-2 | OXY-6-1 | OXY-5-6 | OXY-6-2 | OXY-1-13 | OXY-7-1 | OXY-1-12 | OXY-1-18 | OXY-6-5 | OXY-5-7 | OXY-1-11 | OXY-6-11 | OXY-5-8 | OXY-1-4 | OXY-1-19 | OXY-1-7 | OXY-1-3	cephalosporin;monobactam;penicillin beta-lactam	antibiotic inactivation	0.0	0.0	0.0	0.0	0.0	0.0	0.0	0.0	0.0	0.0	0.0	0.0	0.0	0.0	0.0	0.0	0.0	0.0	0.0	0.0	0.0	0.0	0.0	0.0	0.0	0.0	0.0	0.0	0.0	0.0	0.0	0.0	0.0	591855.18	0.0	0.0
OXY beta-lactamase	multiple	OXY-7-1 | OXY-1-12 | OXY-5-1 | OXY-6-1 | OXY-4-4 | OXY-1-11 | OXY-1-7 | OXY-5-7 | OXY-4-1 | OXY-1-13 | OXY-4-3 | OXY-5-10 | OXY-1-6 | OXY-5-6 | OXY-5-8 | OXY-6-4 | OXY-5-2 | OXY-6-7 | OXY-1-3 | OXY-6-5 | OXY-6-11 | OXY-1-1 | OXY-1-2 | OXY-1-18 | OXY-1-19 | OXY-6-3 | OXY-1-17 | OXY-6-10 | OXY-1-4 | OXY-5-11 | OXY-6-2 | OXY-4-5 | OXY-1-16	cephalosporin;monobactam;penicillin beta-lactam	antibiotic inactivation	0.0	0.0	0.0	0.0	0.0	0.0	0.0	0.0	0.0	0.0	0.0	0.0	1231344.8	0.0	0.0	0.0	0.0	0.0	0.0	0.0	0.0	0.0	0.0	0.0	0.0	0.0	0.0	0.0	0.0	0.0	0.0	0.0	0.0	0.0	0.0	0.0
Outer Membrane Porin (Opr)	ARO_3007682__MdtQ__H	MdtQ	carbapenem;cephalosporin;monobactam;penicillin beta-lactam	reduced permeability to antibiotic	0.0	0.0	0.0	0.0	34501.18	39793.44	14184.52	0.0	0.0	0.0	0.0	0.0	71213.96	0.0	0.0	0.0	0.0	0.0	36232.92	22413.9	21763.93	84699.14	0.0	0.0	0.0	0.0	178884.97	28897.33	0.0	0.0	0.0	0.0	34302.39	16340.57	0.0	11449.51
Outer Membrane Porin (Opr);resistance-nodulation-cell division (RND) antibiotic efflux pump	ARO_3005067__ParS__H	ParS	aminoglycoside antibiotic;carbapenem;cephalosporin;disinfecting agents and antiseptics;fluoroquinolone antibiotic;macrolide antibiotic;monobactam;penicillin beta-lactam;phenicol antibiotic;tetracycline antibiotic	antibiotic efflux;reduced permeability to antibiotic	0.0	0.0	0.0	0.0	0.0	0.0	0.0	0.0	0.0	0.0	0.0	0.0	0.0	0.0	0.0	0.0	0.0	0.0	121621.0	0.0	0.0	0.0	0.0	0.0	0.0	0.0	0.0	0.0	0.0	0.0	0.0	0.0	0.0	0.0	0.0	0.0
Outer Membrane Porin (Opr);resistance-nodulation-cell division (RND) antibiotic efflux pump	ARO_3005068__ParR__H	ParR	aminoglycoside antibiotic;carbapenem;cephalosporin;disinfecting agents and antiseptics;fluoroquinolone antibiotic;macrolide antibiotic;monobactam;penicillin beta-lactam;phenicol antibiotic;tetracycline antibiotic	antibiotic efflux;reduced permeability to antibiotic	0.0	0.0	0.0	0.0	0.0	0.0	0.0	0.0	0.0	0.0	0.0	0.0	0.0	0.0	0.0	0.0	0.0	0.0	245646.93	0.0	0.0	0.0	0.0	0.0	0.0	0.0	0.0	0.0	0.0	0.0	0.0	0.0	0.0	0.0	0.0	0.0
PAU beta-lactamase	ARO_3006964__PAU-1__H	PAU-1	carbapenem;cephalosporin	antibiotic inactivation	0.0	0.0	0.0	0.0	0.0	3215959.54	0.0	0.0	0.0	0.0	0.0	0.0	116267.69	0.0	0.0	0.0	0.0	0.0	0.0	146376.49	497461.35	322663.4	2129780.71	1683757.33	5382496.25	15435988.72	0.0	0.0	680250.16	103673.46	95425.08	113611.65	0.0	0.0	146751.85	1345901.34
PDC beta-lactamase	multiple	PDC-159 | PDC-378 | PDC-302 | PDC-213 | PDC-494 | PDC-341 | PDC-254 | PDC-36 | PDC-488 | PDC-120 | PDC-141 | PDC-138 | PDC-91 | PDC-148 | PDC-394 | PDC-358 | PDC-137 | PDC-210 | PDC-215 | PDC-324 | PDC-569 | PDC-40 | PDC-164 | PDC-108 | PDC-572 | PDC-275 | PDC-67 | PDC-104 | PDC-24 | PDC-549 | PDC-359 | PDC-18 | PDC-52 | PDC-12 | PDC-333 | PDC-88 | PDC-174 | PDC-547 | PDC-573 | PDC-132 | PDC-96 | PDC-45 | PDC-307 | PDC-413 | PDC-263 | PDC-19a | PDC-393 | PDC-522 | PDC-627 | PDC-468 | PDC-313 | PDC-43 | PDC-203 | PDC-352 | PDC-362 | PDC-131 | PDC-440 | PDC-555 | PDC-381 | PDC-398 | PDC-16 | PDC-157 | PDC-618 | PDC-401 | PDC-346 | PDC-122 | PDC-266 | PDC-442 | PDC-30 | PDC-145 | PDC-436 | PDC-234 | PDC-630 | PDC-264 | PDC-128 | PDC-303 | PDC-92 | PDC-32 | PDC-245 | PDC-489 | PDC-188 | PDC-360 | PDC-404 | PDC-532 | PDC-516 | PDC-607 | PDC-490 | PDC-161 | PDC-105 | PDC-453 | PDC-553 | PDC-225 | PDC-370 | PDC-194 | PDC-621 | PDC-447 | PDC-295 | PDC-252 | PDC-101 | PDC-81 | PDC-373 | PDC-578 | PDC-608 | PDC-153 | PDC-89 | PDC-191 | PDC-330 | PDC-187 | PDC-507 | PDC-111 | PDC-388 | PDC-606 | PDC-284 | PDC-107 | PDC-631 | PDC-70 | PDC-311 | PDC-56 | PDC-492 | PDC-265 | PDC-25 | PDC-348 | PDC-423 | PDC-387 | PDC-372 | PDC-617 | PDC-293 | PDC-533 | PDC-172 | PDC-253 | PDC-556 | PDC-90 | PDC-407 | PDC-190 | PDC-400 | PDC-604 | PDC-623 | PDC-427 | PDC-61 | PDC-281 | PDC-21a | PDC-158 | PDC-166 | PDC-110 | PDC-273 | PDC-550 | PDC-46 | PDC-58 | PDC-636 | PDC-286 | PDC-452 | PDC-47 | PDC-574 | PDC-626 | PDC-592 | PDC-261 | PDC-176 | PDC-425 | PDC-86 | PDC-562 | PDC-38 | PDC-579 | PDC-23 | PDC-619 | PDC-337 | PDC-272 | PDC-510 | PDC-422 | PDC-220 | PDC-470 | PDC-416 | PDC-408 | PDC-380 | PDC-35 | PDC-475 | PDC-391 | PDC-467 | PDC-142 | PDC-199 | PDC-568 | PDC-565 | PDC-20 | PDC-498 | PDC-580 | PDC-564 | PDC-615 | PDC-374 | PDC-236 | PDC-251 | PDC-590 | PDC-534 | PDC-385 | PDC-69 | PDC-552 | PDC-226 | PDC-184 | PDC-347 | PDC-99 | PDC-432 | PDC-430 | PDC-212 | PDC-26 | PDC-369 | PDC-68 | PDC-603 | PDC-471 | PDC-638 | PDC-561 | PDC-403 | PDC-219 | PDC-239 | PDC-296 | PDC-366 | PDC-93 | PDC-28 | PDC-635 | PDC-218 | PDC-100 | PDC-429 | PDC-576 | PDC-382 | PDC-271 | PDC-118 | PDC-258 | PDC-11 | PDC-152 | PDC-146 | PDC-235 | PDC-536 | PDC-182 | PDC-375 | PDC-135 | PDC-567 | PDC-193 | PDC-95 | PDC-192 | PDC-64 | PDC-241 | PDC-123 | PDC-456 | PDC-222 | PDC-339 | PDC-600 | PDC-402 | PDC-415 | PDC-205 | PDC-395 | PDC-338 | PDC-611 | PDC-431 | PDC-211 | PDC-127 | PDC-449 | PDC-612 | PDC-195 | PDC-434 | PDC-65 | PDC-614 | PDC-22 | PDC-124 | PDC-383 | PDC-102 | PDC-445 | PDC-231 | PDC-87 | PDC-435 | PDC-201 | PDC-282 | PDC-112 | PDC-270 | PDC-115 | PDC-384 | PDC-113 | PDC-301 | PDC-334 | PDC-426 | PDC-500 | PDC-274 | PDC-34 | PDC-409 | PDC-304 | PDC-317 | PDC-397 | PDC-73 | PDC-625 | PDC-278 | PDC-260 | PDC-283 | PDC-98 | PDC-365 | PDC-257 | PDC-288 | PDC-476 | PDC-255 | PDC-634 | PDC-469 | PDC-457 | PDC-279 | PDC-355 | PDC-139 | PDC-357 | PDC-48 | PDC-289 | PDC-454 | PDC-39 | PDC-433 | PDC-134 | PDC-605 | PDC-37 | PDC-335 | PDC-513 | PDC-320 | PDC-179 | PDC-209 | PDC-322 | PDC-170 | PDC-106 | PDC-421 | PDC-371 | PDC-19b | PDC-256 | PDC-535 | PDC-491 | PDC-60 | PDC-121 | PDC-511 | PDC-368 | PDC-163 | PDC-363 | PDC-439 | PDC-377 | PDC-354 | PDC-541 | PDC-82	carbapenem;cephalosporin;monobactam	antibiotic inactivation	0.0	0.0	0.0	0.0	0.0	0.0	0.0	0.0	0.0	0.0	0.0	0.0	0.0	0.0	0.0	0.0	0.0	30018.75	0.0	0.0	0.0	0.0	0.0	0.0	0.0	0.0	0.0	0.0	0.0	0.0	0.0	0.0	0.0	0.0	0.0	0.0
PDC beta-lactamase	multiple	PDC-26 | PDC-444 | PDC-635 | PDC-24 | PDC-347 | PDC-156 | PDC-308 | PDC-317 | PDC-556 | PDC-453 | PDC-84 | PDC-226 | PDC-510 | PDC-249 | PDC-274 | PDC-258 | PDC-297 | PDC-302 | PDC-589 | PDC-419 | PDC-496 | PDC-608 | PDC-212 | PDC-275 | PDC-96 | PDC-400 | PDC-599 | PDC-78 | PDC-466 | PDC-484 | PDC-132 | PDC-1 | PDC-313 | PDC-169 | PDC-440 | PDC-5 | PDC-221 | PDC-191 | PDC-371 | PDC-69 | PDC-432 | PDC-568 | PDC-409 | PDC-19a | PDC-205 | PDC-456 | PDC-25 | PDC-368 | PDC-470 | PDC-177 | PDC-93 | PDC-357 | PDC-454 | PDC-284 | PDC-439 | PDC-431 | PDC-404 | PDC-548 | PDC-47 | PDC-636 | PDC-519 | PDC-373 | PDC-381 | PDC-109 | PDC-471 | PDC-298 | PDC-429 | PDC-632 | PDC-116 | PDC-94 | PDC-549 | PDC-478 | PDC-406 | PDC-639 | PDC-640 | PDC-481 | PDC-107 | PDC-193 | PDC-271 | PDC-490 | PDC-68 | PDC-393 | PDC-143 | PDC-56 | PDC-186 | PDC-276 | PDC-171 | PDC-307 | PDC-634 | PDC-88 | PDC-458 | PDC-155 | PDC-528 | PDC-183 | PDC-185 | PDC-575 | PDC-372 | PDC-590 | PDC-333 | PDC-164 | PDC-542 | PDC-219 | PDC-550 | PDC-64 | PDC-621 | PDC-392 | PDC-291 | PDC-430 | PDC-584 | PDC-598 | PDC-332 | PDC-594 | PDC-622 | PDC-270 | PDC-268 | PDC-334 | PDC-601 | PDC-581 | PDC-77 | PDC-397 | PDC-345 | PDC-541 | PDC-49 | PDC-30 | PDC-638 | PDC-100 | PDC-262 | PDC-301 | PDC-106 | PDC-540 | PDC-522 | PDC-447 | PDC-126 | PDC-448 | PDC-411 | PDC-468 | PDC-43 | PDC-223 | PDC-95 | PDC-518 | PDC-312 | PDC-85 | PDC-473 | PDC-253 | PDC-74 | PDC-428 | PDC-423 | PDC-265 | PDC-216 | PDC-572 | PDC-21a | PDC-86 | PDC-178 | PDC-153 | PDC-611 | PDC-239 | PDC-217 | PDC-32 | PDC-232 | PDC-257 | PDC-296 | PDC-449 | PDC-513 | PDC-79 | PDC-571 | PDC-441 | PDC-451 | PDC-230 | PDC-187 | PDC-321 | PDC-475 | PDC-122 | PDC-148 | PDC-379 | PDC-208 | PDC-474 | PDC-493 | PDC-580 | PDC-408 | PDC-299 | PDC-533 | PDC-497 | PDC-190 | PDC-509 | PDC-558 | PDC-225 | PDC-446 | PDC-421 | PDC-370 | PDC-59 | PDC-244 | PDC-261 | PDC-255 | PDC-517 | PDC-592 | PDC-523 | PDC-8 | PDC-182 | PDC-236 | PDC-362 | PDC-118 | PDC-391 | PDC-39 | PDC-380 | PDC-398 | PDC-573 | PDC-485 | PDC-535 | PDC-4 | PDC-243 | PDC-234 | PDC-631 | PDC-9 | PDC-165 | PDC-3 | PDC-480 | PDC-48 | PDC-492 | PDC-252 | PDC-290 | PDC-353 | PDC-44 | PDC-154 | PDC-120 | PDC-618 | PDC-612 | PDC-464 | PDC-615 | PDC-105 | PDC-591 | PDC-227 | PDC-546 | PDC-507 | PDC-128 | PDC-179 | PDC-72 | PDC-494 | PDC-38 | PDC-595 | PDC-173 | PDC-279 | PDC-463 | PDC-159 | PDC-121 | PDC-460 | PDC-354 | PDC-434 | PDC-491 | PDC-82 | PDC-318 | PDC-436 | PDC-338 | PDC-198 | PDC-218 | PDC-388 | PDC-539 | PDC-241 | PDC-112 | PDC-199 | PDC-51 | PDC-192 | PDC-45 | PDC-200 | PDC-534 | PDC-138 | PDC-35 | PDC-358 | PDC-60 | PDC-325 | PDC-501 | PDC-328 | PDC-383 | PDC-131 | PDC-117 | PDC-561 | PDC-415 | PDC-170 | PDC-577 | PDC-201 | PDC-127 | PDC-300 | PDC-375 | PDC-482 | PDC-487 | PDC-564 | PDC-272 | PDC-114 | PDC-237 | PDC-113 | PDC-547 | PDC-374 | PDC-352 | PDC-75 | PDC-180 | PDC-320 | PDC-260 | PDC-91 | PDC-83 | PDC-570 | PDC-623 | PDC-399 | PDC-7 | PDC-363 | PDC-489 | PDC-435 | PDC-402 | PDC-67 | PDC-195 | PDC-73 | PDC-544 | PDC-289 | PDC-115 | PDC-18 | PDC-80 | PDC-467 | PDC-19b | PDC-562 | PDC-585 | PDC-245 | PDC-288 | PDC-552 | PDC-596 | PDC-574 | PDC-576 | PDC-387 | PDC-254 | PDC-360 | PDC-123 | PDC-322 | PDC-331 | PDC-587 | PDC-578 | PDC-101 | PDC-316 | PDC-152 | PDC-349 | PDC-292 | PDC-633 | PDC-617 | PDC-211 | PDC-54 | PDC-231 | PDC-336 | PDC-593 | PDC-457 | PDC-314 | PDC-52 | PDC-76 | PDC-536 | PDC-569 | PDC-512 | PDC-625 | PDC-365 | PDC-461 | PDC-588 | PDC-630 | PDC-286 | PDC-293 | PDC-264 | PDC-58 | PDC-414 | PDC-207 | PDC-12 | PDC-560 | PDC-215 | PDC-176 | PDC-350 | PDC-476 | PDC-565 | PDC-188 | PDC-413 | PDC-555 | PDC-220 | PDC-348 | PDC-213 | PDC-247 | PDC-46 | PDC-420 | PDC-403 | PDC-324 | PDC-498 | PDC-566 | PDC-361 | PDC-295 | PDC-407 | PDC-282 | PDC-394 | PDC-330 | PDC-280 | PDC-28 | PDC-537 | PDC-606 | PDC-71 | PDC-553 | PDC-504 | PDC-150 | PDC-137 | PDC-22 | PDC-240 | PDC-174 | PDC-351 | PDC-626 | PDC-579 | PDC-34 | PDC-256 | PDC-92 | PDC-500 | PDC-425 | PDC-98 | PDC-157 | PDC-427 | PDC-206 | PDC-184 | PDC-323 | PDC-57 | PDC-287 | PDC-311 | PDC-175 | PDC-20 | PDC-141 | PDC-90 | PDC-168 | PDC-355 | PDC-488 | PDC-426 | PDC-557 | PDC-23 | PDC-503 | PDC-424 | PDC-144 | PDC-89 | PDC-119 | PDC-10 | PDC-161 | PDC-586 | PDC-346 | PDC-305 | PDC-614 | PDC-417 | PDC-545 | PDC-326 | PDC-486 | PDC-437 | PDC-145 | PDC-203 | PDC-382 | PDC-251 | PDC-246 | PDC-329 | PDC-209 | PDC-514 | PDC-36 | PDC-229 | PDC-196 | PDC-395 | PDC-158 | PDC-6 | PDC-11 | PDC-422 | PDC-378 | PDC-124 | PDC-309 | PDC-181 | PDC-477 | PDC-204 | PDC-335 | PDC-613 | PDC-597 | PDC-97 | PDC-50 | PDC-384 | PDC-583 | PDC-637 | PDC-619 | PDC-65 | PDC-479 | PDC-607 | PDC-567 | PDC-134 | PDC-40 | PDC-609 | PDC-582 | PDC-21b | PDC-554 | PDC-604 | PDC-520 | PDC-462 | PDC-508 | PDC-222 | PDC-235 | PDC-142 | PDC-502 | PDC-306 | PDC-310 | PDC-516 | PDC-130 | PDC-278 | PDC-385 | PDC-367 | PDC-563 | PDC-452 | PDC-304 | PDC-99 | PDC-605 | PDC-87 | PDC-418 | PDC-505 | PDC-14 | PDC-129 | PDC-242 | PDC-532 | PDC-341 | PDC-53 | PDC-389 | PDC-61 | PDC-438 | PDC-81 | PDC-339 | PDC-70 | PDC-472 | PDC-266 | PDC-238 | PDC-149 | PDC-16 | PDC-459 | PDC-37 | PDC-442 | PDC-281 | PDC-627 | PDC-337 | PDC-469 | PDC-135 | PDC-416 | PDC-294 | PDC-359 | PDC-2 | PDC-340 | PDC-263 | PDC-600 | PDC-366 | PDC-315 | PDC-259 | PDC-104 | PDC-319 | PDC-559 | PDC-166 | PDC-603 | PDC-629	carbapenem;cephalosporin;monobactam | carbapenem;cephalosporin;monobactam;penicillin beta-lactam	antibiotic inactivation	0.0	0.0	0.0	0.0	0.0	0.0	0.0	0.0	0.0	0.0	0.0	0.0	0.0	0.0	0.0	0.0	0.0	0.0	175394.32	0.0	0.0	0.0	0.0	0.0	0.0	0.0	0.0	0.0	0.0	0.0	0.0	0.0	0.0	0.0	0.0	0.0
PEN-B beta-lactamase	multiple	PEN-B1 | PEN-B4	penicillin beta-lactam	antibiotic inactivation	0.0	0.0	0.0	0.0	26454.58	0.0	0.0	0.0	0.0	0.0	0.0	0.0	0.0	0.0	0.0	0.0	0.0	0.0	0.0	0.0	0.0	0.0	0.0	233343.21	0.0	0.0	0.0	0.0	19362.33	0.0	0.0	0.0	0.0	0.0	0.0	0.0
PEN-B beta-lactamase	multiple	PEN-B3 | PEN-B1 | PEN-B4	penicillin beta-lactam	antibiotic inactivation	0.0	0.0	0.0	0.0	0.0	0.0	0.0	0.0	0.0	0.0	0.0	0.0	0.0	0.0	0.0	0.0	0.0	0.0	0.0	0.0	0.0	0.0	0.0	0.0	0.0	0.0	0.0	0.0	0.0	0.0	0.0	0.0	0.0	0.0	0.0	193141.86
PEN-B beta-lactamase	multiple	PEN-B3 | PEN-B4 | PEN-B1	penicillin beta-lactam	antibiotic inactivation	0.0	0.0	0.0	1230036.17	0.0	0.0	0.0	0.0	0.0	0.0	0.0	0.0	0.0	0.0	0.0	0.0	0.0	0.0	0.0	0.0	0.0	0.0	0.0	0.0	0.0	0.0	0.0	0.0	0.0	0.0	0.0	0.0	26302.16	0.0	0.0	0.0
PEN-B beta-lactamase	multiple	PEN-B4 | PEN-B1	penicillin beta-lactam	antibiotic inactivation	0.0	0.0	0.0	0.0	0.0	0.0	0.0	0.0	0.0	0.0	0.0	0.0	81907.43	0.0	0.0	0.0	0.0	0.0	0.0	0.0	0.0	0.0	0.0	0.0	0.0	0.0	0.0	0.0	0.0	0.0	0.0	0.0	0.0	0.0	0.0	0.0
PJM beta-lactamase	ARO_3007374__PJM-1__H	PJM-1	carbapenem;cephalosporin;penicillin beta-lactam	antibiotic inactivation	77741.96	0.0	61667.96	0.0	0.0	0.0	0.0	0.0	0.0	0.0	0.0	0.0	0.0	0.0	0.0	0.0	0.0	0.0	0.0	0.0	103775.05	0.0	0.0	0.0	0.0	0.0	0.0	0.0	0.0	0.0	0.0	0.0	0.0	77915.29	40818.4	54593.68
PJM beta-lactamase	ARO_3009029__PJM-2__H	PJM-2	carbapenem;cephalosporin;penicillin beta-lactam	antibiotic inactivation	0.0	0.0	0.0	0.0	0.0	0.0	0.0	0.0	0.0	0.0	0.0	0.0	0.0	0.0	0.0	0.0	0.0	0.0	0.0	0.0	0.0	0.0	0.0	0.0	0.0	0.0	0.0	0.0	60202.75	0.0	0.0	0.0	0.0	0.0	0.0	0.0
PJM beta-lactamase	multiple	PJM-1 | PJM-2	carbapenem;cephalosporin;penicillin beta-lactam	antibiotic inactivation	0.0	0.0	20555.99	0.0	0.0	0.0	0.0	0.0	0.0	0.0	0.0	0.0	0.0	0.0	0.0	0.0	0.0	0.0	0.0	0.0	86479.21	0.0	0.0	0.0	0.0	0.0	0.0	0.0	240811.01	0.0	0.0	0.0	0.0	0.0	0.0	163781.04
PJM beta-lactamase	multiple	PJM-2 | PJM-1	carbapenem;cephalosporin;penicillin beta-lactam	antibiotic inactivation	129569.94	180126.17	0.0	0.0	0.0	0.0	0.0	0.0	0.0	0.0	0.0	0.0	28296.94	0.0	0.0	0.0	0.0	0.0	0.0	0.0	0.0	157058.01	0.0	0.0	0.0	0.0	56864.1	0.0	0.0	0.0	0.0	0.0	0.0	0.0	183682.78	0.0
PLA beta-lactamase	ARO_3006969__PLA-2a__H	PLA-2a	carbapenem;cephalosporin	antibiotic inactivation	0.0	0.0	0.0	0.0	0.0	0.0	0.0	0.0	0.0	0.0	0.0	0.0	0.0	0.0	0.0	0.0	0.0	0.0	0.0	0.0	0.0	0.0	0.0	0.0	0.0	0.0	29405.75	0.0	0.0	0.0	0.0	0.0	0.0	0.0	0.0	0.0
PLA beta-lactamase	ARO_3006971__PLA-6__H	PLA-6	carbapenem;cephalosporin	antibiotic inactivation	0.0	0.0	0.0	0.0	0.0	0.0	0.0	0.0	0.0	0.0	0.0	0.0	0.0	0.0	0.0	0.0	0.0	0.0	0.0	0.0	0.0	0.0	0.0	0.0	0.0	0.0	88217.25	0.0	0.0	0.0	0.0	0.0	0.0	0.0	0.0	0.0
PLA beta-lactamase	ARO_3009030__PLA-4__H	PLA-4	carbapenem;cephalosporin	antibiotic inactivation	0.0	0.0	0.0	0.0	0.0	0.0	0.0	0.0	0.0	0.0	0.0	0.0	0.0	0.0	0.0	0.0	0.0	0.0	59560.97	0.0	0.0	0.0	0.0	0.0	0.0	0.0	0.0	0.0	0.0	0.0	0.0	0.0	0.0	0.0	0.0	0.0
PLA beta-lactamase	multiple	PLA-1 | PLA-4 | PLA-2a | PLA-5 | PLA-6 | PLA-3	carbapenem;cephalosporin	antibiotic inactivation	0.0	0.0	0.0	0.0	0.0	0.0	0.0	0.0	0.0	0.0	0.0	0.0	0.0	453190.55	0.0	0.0	0.0	0.0	0.0	0.0	0.0	0.0	0.0	0.0	0.0	0.0	0.0	0.0	0.0	0.0	0.0	0.0	0.0	0.0	0.0	0.0
PLA beta-lactamase	multiple	PLA-2a | PLA-4 | PLA-1 | PLA-3 | PLA-6 | PLA-5	carbapenem;cephalosporin	antibiotic inactivation	0.0	0.0	0.0	0.0	0.0	0.0	0.0	0.0	0.0	0.0	0.0	0.0	0.0	0.0	97495.83	0.0	0.0	0.0	0.0	0.0	0.0	0.0	0.0	0.0	0.0	0.0	0.0	0.0	0.0	0.0	0.0	0.0	0.0	0.0	0.0	0.0
PLA beta-lactamase	multiple	PLA-2a | PLA-5 | PLA-1 | PLA-3 | PLA-6 | PLA-4	carbapenem;cephalosporin	antibiotic inactivation	0.0	0.0	0.0	0.0	0.0	0.0	0.0	0.0	0.0	0.0	0.0	0.0	0.0	0.0	0.0	0.0	18939.78	0.0	0.0	0.0	0.0	0.0	0.0	0.0	0.0	0.0	0.0	0.0	0.0	0.0	0.0	0.0	0.0	0.0	0.0	0.0
PLA beta-lactamase	multiple	PLA-3 | PLA-1 | PLA-6 | PLA-4 | PLA-5 | PLA-2a	carbapenem;cephalosporin	antibiotic inactivation	0.0	0.0	0.0	0.0	0.0	0.0	256487.22	0.0	0.0	0.0	0.0	0.0	0.0	0.0	0.0	0.0	0.0	0.0	0.0	0.0	0.0	0.0	0.0	0.0	0.0	0.0	0.0	0.0	0.0	0.0	0.0	0.0	0.0	0.0	0.0	0.0
PLA beta-lactamase	multiple	PLA-5 | PLA-3 | PLA-6 | PLA-2a | PLA-1 | PLA-4	carbapenem;cephalosporin	antibiotic inactivation	0.0	0.0	0.0	0.0	0.0	0.0	0.0	0.0	0.0	0.0	0.0	0.0	0.0	0.0	0.0	0.0	0.0	0.0	0.0	0.0	0.0	0.0	0.0	0.0	0.0	0.0	0.0	0.0	20754.83	0.0	0.0	0.0	0.0	0.0	0.0	0.0
PLA beta-lactamase	multiple	PLA-5 | PLA-3 | PLA-6 | PLA-4 | PLA-1 | PLA-2a	carbapenem;cephalosporin	antibiotic inactivation	0.0	0.0	0.0	0.0	0.0	0.0	0.0	0.0	0.0	0.0	0.0	0.0	0.0	0.0	0.0	0.0	0.0	0.0	0.0	0.0	0.0	0.0	0.0	0.0	0.0	0.0	19290171.52	0.0	0.0	0.0	0.0	0.0	0.0	0.0	0.0	0.0
PLA beta-lactamase	multiple	PLA-5 | PLA-6 | PLA-4 | PLA-2a | PLA-1 | PLA-3	carbapenem;cephalosporin	antibiotic inactivation	0.0	0.0	0.0	0.0	0.0	0.0	0.0	0.0	0.0	0.0	0.0	0.0	0.0	0.0	0.0	0.0	0.0	0.0	13480632.59	0.0	0.0	0.0	0.0	0.0	0.0	0.0	0.0	0.0	0.0	0.0	0.0	0.0	0.0	0.0	0.0	0.0
PNC beta-lactamase	multiple	PNC-1 | PNC-3 | PNC-2	cephalosporin	antibiotic inactivation	0.0	0.0	0.0	0.0	0.0	0.0	0.0	0.0	0.0	0.0	0.0	0.0	0.0	0.0	0.0	0.0	0.0	0.0	0.0	0.0	0.0	0.0	0.0	0.0	0.0	0.0	0.0	33913.73	0.0	104332.51	0.0	0.0	0.0	0.0	0.0	0.0
PNC beta-lactamase	multiple	PNC-2 | PNC-1 | PNC-3	cephalosporin	antibiotic inactivation	0.0	0.0	0.0	0.0	0.0	0.0	0.0	0.0	0.0	0.0	0.0	0.0	0.0	0.0	0.0	0.0	0.0	0.0	0.0	0.0	0.0	0.0	0.0	0.0	0.0	0.0	7767719.19	0.0	0.0	0.0	0.0	0.0	0.0	0.0	0.0	0.0
PNC beta-lactamase	multiple	PNC-2 | PNC-3 | PNC-1	cephalosporin	antibiotic inactivation	0.0	0.0	0.0	0.0	0.0	0.0	0.0	0.0	0.0	0.0	0.0	0.0	0.0	0.0	0.0	0.0	0.0	0.0	0.0	0.0	0.0	0.0	0.0	0.0	0.0	0.0	0.0	0.0	637158.07	0.0	0.0	0.0	0.0	0.0	0.0	0.0
RATA beta-lactamase	ARO_3007801__RATA-1__H	RATA-1	carbapenem	antibiotic inactivation	0.0	0.0	0.0	0.0	0.0	0.0	0.0	0.0	0.0	0.0	0.0	0.0	0.0	0.0	0.0	0.0	0.0	0.0	0.0	0.0	0.0	0.0	0.0	0.0	0.0	0.0	0.0	0.0	0.0	59960.65	0.0	0.0	0.0	0.0	0.0	0.0
RATA beta-lactamase	ARO_3007802__RATA-2__H	RATA-2	carbapenem	antibiotic inactivation	0.0	0.0	0.0	0.0	0.0	0.0	0.0	0.0	0.0	0.0	0.0	0.0	0.0	0.0	0.0	0.0	0.0	0.0	0.0	0.0	0.0	0.0	0.0	0.0	0.0	141707.44	84457.17	0.0	0.0	0.0	91983.52	0.0	107968.19	25716.3	0.0	0.0
RATA beta-lactamase	multiple	RATA-1 | RATA-2	carbapenem	antibiotic inactivation	0.0	0.0	0.0	0.0	0.0	0.0	0.0	0.0	0.0	0.0	0.0	0.0	0.0	0.0	0.0	0.0	0.0	0.0	0.0	0.0	0.0	0.0	0.0	0.0	0.0	20243.92	0.0	0.0	0.0	0.0	45991.76	0.0	0.0	0.0	0.0	0.0
RATA beta-lactamase	multiple	RATA-2 | RATA-1	carbapenem	antibiotic inactivation	0.0	0.0	0.0	0.0	0.0	0.0	0.0	0.0	0.0	0.0	0.0	0.0	0.0	0.0	0.0	0.0	0.0	0.0	0.0	0.0	0.0	0.0	0.0	0.0	27307.23	0.0	28152.39	0.0	0.0	0.0	0.0	0.0	0.0	51432.61	0.0	0.0
SED beta-lactamase	ARO_3009044__SED-2__H	SED-2	penicillin beta-lactam	antibiotic inactivation	106115.58	0.0	0.0	0.0	84206.26	48561.48	0.0	0.0	0.0	0.0	0.0	0.0	0.0	1071612.15	1080848.72	0.0	0.0	40398.11	1277364.05	0.0	0.0	229692.59	0.0	0.0	28232.9	62790.46	436600.62	0.0	0.0	0.0	0.0	0.0	0.0	0.0	0.0	0.0
SGM beta-lactamase	ARO_3006992__SGM-6__H	SGM-6	carbapenem	antibiotic inactivation	215395.16	199626.07	94922.14	0.0	25321.96	1445706.58	0.0	0.0	0.0	0.0	0.0	0.0	104534.25	0.0	0.0	0.0	0.0	0.0	0.0	0.0	0.0	0.0	30394.42	0.0	25470.05	0.0	262583.45	4072136.99	2891205.0	298275.2	235936.33	0.0	75528.21	239861.55	358128.38	84033.09
SGM beta-lactamase	ARO_3006993__SGM-7__H	SGM-7	carbapenem	antibiotic inactivation	167529.57	66542.02	208828.71	0.0	0.0	846979.61	0.0	0.0	0.0	0.0	0.0	0.0	104534.25	0.0	0.0	0.0	0.0	0.0	0.0	0.0	15973.53	0.0	0.0	0.0	0.0	0.0	262583.45	1272542.81	3113605.38	74568.8	450423.9	0.0	125880.35	47972.31	339279.51	100839.7
SGM beta-lactamase	multiple	SGM-5 | SGM-6 | SGM-7	carbapenem	antibiotic inactivation	0.0	1064672.36	0.0	0.0	0.0	0.0	0.0	0.0	0.0	0.0	0.0	0.0	0.0	0.0	0.0	0.0	0.0	0.0	0.0	0.0	0.0	0.0	0.0	0.0	0.0	0.0	0.0	0.0	0.0	0.0	0.0	0.0	0.0	0.0	0.0	789911.0
SGM beta-lactamase	multiple	SGM-5 | SGM-7 | SGM-6	carbapenem	antibiotic inactivation	2010354.86	0.0	0.0	0.0	0.0	5636795.35	0.0	0.0	0.0	0.0	0.0	0.0	0.0	0.0	0.0	0.0	0.0	0.0	0.0	0.0	15973.53	0.0	0.0	0.0	0.0	0.0	0.0	0.0	17736430.66	0.0	1887490.61	0.0	0.0	0.0	0.0	0.0
SGM beta-lactamase	multiple	SGM-6 | SGM-5 | SGM-7	carbapenem	antibiotic inactivation	0.0	0.0	0.0	0.0	0.0	0.0	0.0	0.0	0.0	0.0	0.0	0.0	0.0	0.0	0.0	0.0	0.0	0.0	0.0	0.0	0.0	0.0	121577.7	0.0	0.0	0.0	1181625.52	0.0	0.0	0.0	0.0	0.0	0.0	0.0	0.0	0.0
SGM beta-lactamase	multiple	SGM-6 | SGM-7	carbapenem	antibiotic inactivation	0.0	0.0	0.0	0.0	0.0	0.0	0.0	0.0	0.0	0.0	0.0	0.0	0.0	0.0	0.0	0.0	0.0	0.0	0.0	82252.85	0.0	0.0	0.0	0.0	25470.05	0.0	0.0	0.0	0.0	0.0	0.0	0.0	0.0	0.0	0.0	0.0
SGM beta-lactamase	multiple	SGM-6 | SGM-7 | SGM-5	carbapenem	antibiotic inactivation	0.0	0.0	0.0	0.0	0.0	0.0	0.0	0.0	0.0	0.0	0.0	0.0	0.0	0.0	0.0	0.0	0.0	0.0	0.0	0.0	0.0	0.0	0.0	0.0	0.0	0.0	0.0	13085981.9	0.0	0.0	0.0	0.0	0.0	0.0	0.0	0.0
SGM beta-lactamase	multiple	SGM-7 | SGM-5 | SGM-6	carbapenem	antibiotic inactivation	0.0	0.0	0.0	0.0	0.0	0.0	0.0	0.0	0.0	0.0	0.0	0.0	0.0	0.0	0.0	0.0	0.0	0.0	0.0	0.0	0.0	0.0	0.0	0.0	0.0	0.0	0.0	0.0	0.0	0.0	0.0	0.0	0.0	0.0	1564455.54	0.0
SGM beta-lactamase	multiple	SGM-7 | SGM-6	carbapenem	antibiotic inactivation	0.0	0.0	0.0	0.0	0.0	0.0	0.0	0.0	0.0	0.0	0.0	0.0	0.0	0.0	0.0	0.0	0.0	0.0	0.0	0.0	0.0	0.0	0.0	0.0	0.0	0.0	0.0	0.0	0.0	0.0	0.0	0.0	755282.07	0.0	0.0	0.0
SGM beta-lactamase	multiple	SGM-7 | SGM-6 | SGM-5	carbapenem	antibiotic inactivation	0.0	0.0	1044143.55	0.0	0.0	0.0	0.0	0.0	0.0	0.0	0.0	0.0	653339.07	0.0	0.0	0.0	0.0	0.0	0.0	0.0	0.0	0.0	0.0	0.0	0.0	0.0	0.0	0.0	0.0	633834.81	0.0	0.0	0.0	767556.96	0.0	0.0
SHV beta-lactamase	ARO_3001130__SHV-76__H	SHV-76	cephalosporin;penicillin beta-lactam	antibiotic inactivation	0.0	0.0	0.0	0.0	0.0	0.0	0.0	0.0	0.0	0.0	0.0	0.0	29775.87	0.0	0.0	0.0	0.0	0.0	0.0	0.0	0.0	0.0	0.0	0.0	0.0	0.0	0.0	0.0	0.0	0.0	0.0	0.0	0.0	0.0	0.0	0.0
SHV beta-lactamase	ARO_3005248__SHV-200__H	SHV-200	cephalosporin;penicillin beta-lactam	antibiotic inactivation	0.0	0.0	0.0	0.0	0.0	0.0	0.0	0.0	0.0	0.0	34443.0	0.0	0.0	0.0	0.0	0.0	0.0	0.0	0.0	0.0	0.0	0.0	0.0	0.0	0.0	0.0	0.0	0.0	0.0	0.0	0.0	0.0	0.0	0.0	0.0	0.0
SHV beta-lactamase	multiple	SHV-102 | SHV-124 | SHV-78 | SHV-57 | SHV-231 | SHV-72 | SHV-162 | SHV-106 | SHV-147 | SHV-97 | SHV-24 | SHV-41 | SHV-2 | SHV-200 | SHV-1b-b | SHV-229 | SHV-45 | SHV-155 | SHV-15 | SHV-244 | SHV-219 | SHV-70 | SHV-105 | SHV-127 | SHV-218 | SHV-216 | SHV-237 | SHV-173 | SHV-129 | SHV-204 | SHV-133 | SHV-86 | SHV-73 | SHV-137 | SHV-148 | SHV-203 | SHV-242 | SHV-51 | SHV-214 | SHV-210 | SHV-122 | SHV-33 | SHV-199 | SHV-215 | SHV-143 | SHV-165 | SHV-159 | SHV-211 | SHV-89 | SHV-28 | SHV-5 | SHV-81 | SHV-64 | SHV-149 | SHV-82 | SHV-62 | SHV-44 | SHV-108 | SHV-98 | SHV-160 | SHV-94 | SHV-101 | SHV-77 | SHV-134 | SHV-238 | SHV-92 | SHV-71 | SHV-213 | SHV-241 | SHV-76 | SHV-49 | SHV-245 | SHV-96 | SHV-190 | SHV-206 | SHV-75 | SHV-18 | SHV-152 | SHV-16 | SHV-202 | SHV-207 | SHV-32 | SHV-182 | SHV-128 | SHV-236 | SHV-56 | SHV-123 | SHV-2A | SHV-104 | SHV-40 | SHV-158 | SHV-223 | SHV-22 | SHV-35 | SHV-208 | SHV-150 | SHV-189 | SHV-126 | SHV-151 | SHV-221 | SHV-66 | SHV-65 | SHV-224 | SHV-157 | SHV-36 | SHV-115 | SHV-69 | SHV-103 | SHV-195 | SHV-232 | SHV-8 | SHV-80 | SHV-235 | SHV-111 | SHV-171 | SHV-19 | SHV-38 | SHV-6 | SHV-3 | SHV-228 | SHV-42 | SHV-178 | SHV-7 | SHV-168 | SHV-25 | SHV-107 | SHV-141 | SHV-48 | SHV-99 | SHV-185 | SHV-193 | SHV-55 | SHV-119 | SHV-4 | SHV-63 | SHV-14 | SHV-239 | SHV-31 | SHV-205 | SHV-125 | SHV-59 | SHV-146 | SHV-156 | SHV-85 | SHV-34 | SHV-12 | SHV-100 | SHV-93 | SHV-167 | SHV-27 | SHV-153 | SHV-225 | SHV-212 | SHV-21 | SHV-132 | SHV-140 | SHV-120 | SHV-164 | SHV-222 | SHV-198 | SHV-29 | SHV-234 | SHV-240 | SHV-172 | SHV-1 | SHV-187 | SHV-37 | SHV-142 | SHV-191 | SHV-163 | SHV-61 | SHV-13 | SHV-161 | SHV-20 | SHV-197 | SHV-196 | SHV-230 | SHV-67 | SHV-110 | SHV-209 | SHV-83 | SHV-179 | SHV-109 | SHV-201 | SHV-30 | SHV-121 | SHV-145 | SHV-144 | SHV-217 | SHV-154 | SHV-74 | SHV-226 | SHV-84 | SHV-52 | SHV-116 | SHV-233 | SHV-188 | SHV-11 | SHV-79	cephalosporin;penicillin beta-lactam	antibiotic inactivation	0.0	0.0	0.0	0.0	0.0	0.0	0.0	0.0	174401.82	0.0	0.0	0.0	0.0	0.0	0.0	0.0	0.0	0.0	0.0	0.0	0.0	0.0	0.0	0.0	0.0	0.0	0.0	0.0	0.0	0.0	0.0	0.0	0.0	0.0	0.0	0.0
SHV beta-lactamase	multiple	SHV-105 | SHV-225 | SHV-190 | SHV-210 | SHV-134 | SHV-78 | SHV-194 | SHV-30 | SHV-123 | SHV-37 | SHV-71 | SHV-15 | SHV-237 | SHV-202 | SHV-146 | SHV-119 | SHV-171 | SHV-103 | SHV-150 | SHV-20 | SHV-238 | SHV-203 | SHV-195 | SHV-214 | SHV-25 | SHV-18 | SHV-107 | SHV-96 | SHV-223 | SHV-85 | SHV-84 | SHV-163 | SHV-23 | SHV-143 | SHV-83 | SHV-21 | SHV-14 | SHV-235 | SHV-50 | SHV-193 | SHV-179 | SHV-215 | SHV-141 | SHV-2 | SHV-197 | SHV-196 | SHV-29 | SHV-162 | SHV-111 | SHV-86 | SHV-189 | SHV-79 | SHV-137 | SHV-218 | SHV-115 | SHV-227 | SHV-4 | SHV-74 | SHV-217 | SHV-63 | SHV-49 | SHV-219 | SHV-151 | SHV-185 | SHV-241 | SHV-13 | SHV-82 | SHV-243 | SHV-144 | SHV-89 | SHV-220 | SHV-67 | SHV-31 | SHV-66 | SHV-43 | SHV-40 | SHV-147 | SHV-127 | SHV-160 | SHV-41 | SHV-42 | SHV-97 | SHV-201 | SHV-126 | SHV-236 | SHV-155 | SHV-38 | SHV-154 | SHV-3 | SHV-205 | SHV-168 | SHV-178 | SHV-72 | SHV-135 | SHV-32 | SHV-33 | SHV-27 | SHV-19 | SHV-81 | SHV-11 | SHV-26 | SHV-102 | SHV-100 | SHV-125 | SHV-57 | SHV-212 | SHV-224 | SHV-6 | SHV-1b-b | SHV-116 | SHV-157 | SHV-153 | SHV-167 | SHV-148 | SHV-108 | SHV-7 | SHV-80 | SHV-55 | SHV-204 | SHV-199 | SHV-129 | SHV-231 | SHV-59 | SHV-8 | SHV-149 | SHV-5 | SHV-128 | SHV-216 | SHV-52 | SHV-200 | SHV-56 | SHV-1 | SHV-34 | SHV-211 | SHV-221 | SHV-207 | SHV-188 | SHV-75 | SHV-208 | SHV-240 | SHV-213 | SHV-164 | SHV-121 | SHV-62 | SHV-226 | SHV-22 | SHV-73 | SHV-156 | SHV-159 | SHV-60 | SHV-45 | SHV-76 | SHV-152 | SHV-173 | SHV-9 | SHV-228 | SHV-183 | SHV-69 | SHV-222 | SHV-187 | SHV-206 | SHV-98 | SHV-124 | SHV-64 | SHV-77 | SHV-140 | SHV-209 | SHV-244 | SHV-92 | SHV-182 | SHV-2A | SHV-36 | SHV-165 | SHV-61 | SHV-133 | SHV-198 | SHV-99 | SHV-245 | SHV-51 | SHV-94 | SHV-230 | SHV-106 | SHV-142 | SHV-28 | SHV-53 | SHV-172 | SHV-46 | SHV-70 | SHV-35 | SHV-242 | SHV-12 | SHV-229 | SHV-109 | SHV-101 | SHV-161 | SHV-180 | SHV-233 | SHV-48 | SHV-24 | SHV-145 | SHV-110 | SHV-104 | SHV-191 | SHV-132 | SHV-186 | SHV-122 | SHV-65 | SHV-232 | SHV-95 | SHV-120 | SHV-158 | SHV-44	cephalosporin;penicillin beta-lactam	antibiotic inactivation	0.0	0.0	0.0	0.0	0.0	0.0	0.0	0.0	0.0	0.0	0.0	0.0	0.0	0.0	0.0	0.0	0.0	0.0	0.0	0.0	493267.49	0.0	0.0	0.0	0.0	0.0	0.0	0.0	0.0	0.0	0.0	0.0	0.0	0.0	0.0	0.0
SHV beta-lactamase	multiple	SHV-106 | SHV-19 | SHV-133 | SHV-132 | SHV-238 | SHV-36 | SHV-6 | SHV-233 | SHV-4 | SHV-103 | SHV-191 | SHV-89 | SHV-33 | SHV-218 | SHV-13 | SHV-107 | SHV-74 | SHV-48 | SHV-189 | OHIO-1 | SHV-63 | SHV-57 | SHV-143 | SHV-96 | SHV-213 | SHV-235 | SHV-12 | SHV-56 | SHV-111 | SHV-46 | SHV-81 | SHV-237 | SHV-159 | SHV-186 | SHV-221 | SHV-137 | SHV-180 | SHV-30 | SHV-243 | SHV-25 | SHV-209 | SHV-32 | SHV-220 | SHV-150 | SHV-84 | SHV-23 | SHV-83 | SHV-44 | SHV-160 | SHV-79 | SHV-211 | SHV-95 | SHV-171 | SHV-222 | SHV-163 | SHV-29 | SHV-245 | SHV-165 | SHV-196 | SHV-216 | SHV-141 | SHV-3 | SHV-40 | SHV-145 | SHV-7 | SHV-105 | SHV-8 | SHV-41 | SHV-73 | SHV-217 | SHV-28 | SHV-94 | SHV-161 | SHV-18 | SHV-144 | SHV-214 | SHV-21 | SHV-37 | SHV-2A | SHV-24 | SHV-129 | SHV-127 | SHV-223 | SHV-22 | SHV-187 | SHV-244 | SHV-168 | SHV-199 | SHV-183 | SHV-61 | SHV-2 | SHV-198 | SHV-120 | SHV-102 | SHV-76 | SHV-172 | SHV-135 | SHV-153 | SHV-219 | SHV-134 | SHV-231 | SHV-109 | SHV-242 | SHV-148 | SHV-123 | SHV-101 | SHV-38 | SHV-82 | SHV-228 | SHV-208 | SHV-140 | SHV-71 | SHV-27 | SHV-206 | SHV-190 | SHV-225 | SHV-45 | SHV-43 | SHV-205 | SHV-20 | SHV-124 | SHV-26 | SHV-226 | SHV-34 | SHV-215 | SHV-62 | SHV-108 | SHV-98 | SHV-119 | SHV-122 | SHV-149 | SHV-99 | SHV-182 | SHV-195 | SHV-230 | SHV-75 | SHV-5 | SHV-72 | SHV-121 | SHV-194 | SHV-202 | SHV-188 | SHV-227 | SHV-185 | SHV-200 | SHV-86 | SHV-80 | SHV-53 | SHV-125 | SHV-85 | SHV-55 | SHV-207 | SHV-70 | SHV-154 | SHV-155 | SHV-178 | SHV-162 | SHV-100 | SHV-50 | SHV-232 | SHV-104 | SHV-110 | SHV-31 | SHV-51 | SHV-126 | SHV-173 | SHV-128 | SHV-151 | SHV-69 | SHV-236 | SHV-60 | SHV-1 | SHV-97 | SHV-1b-b | SHV-11 | SHV-142 | SHV-197 | SHV-14	cephalosporin;penicillin beta-lactam | cephalosporin	antibiotic inactivation	0.0	0.0	0.0	0.0	0.0	0.0	0.0	127875.82	0.0	0.0	0.0	0.0	0.0	0.0	0.0	0.0	0.0	0.0	0.0	0.0	0.0	0.0	0.0	0.0	0.0	0.0	0.0	0.0	0.0	0.0	0.0	0.0	0.0	0.0	0.0	0.0
SHV beta-lactamase	multiple	SHV-108 | SHV-106 | SHV-121 | SHV-2A | SHV-133 | SHV-237 | SHV-116 | SHV-111 | SHV-120 | SHV-123 | SHV-21 | SHV-48 | SHV-143 | SHV-132 | SHV-229 | SHV-142 | SHV-44 | SHV-96 | SHV-193 | SHV-122 | SHV-49 | SHV-76 | SHV-95 | SHV-156 | SHV-7 | SHV-212 | SHV-214 | SHV-185 | SHV-145 | SHV-53 | SHV-186 | SHV-72 | SHV-160 | SHV-29 | SHV-206 | SHV-227 | SHV-28 | SHV-188 | SHV-81 | SHV-224 | SHV-164 | SHV-102 | SHV-239 | SHV-99 | SHV-41 | SHV-241 | SHV-12 | SHV-197 | SHV-37 | SHV-129 | SHV-140 | SHV-36 | SHV-26 | SHV-64 | SHV-75 | SHV-98 | SHV-65 | SHV-59 | SHV-162 | SHV-204 | SHV-109 | SHV-183 | AAK-1 | SHV-220 | SHV-45 | SHV-6 | SHV-31 | SHV-202 | SHV-165 | SHV-43 | SHV-159 | SHV-125 | SHV-149 | SHV-69 | SHV-15 | SHV-80 | SHV-51 | SHV-61 | SHV-42 | SHV-89 | SHV-228 | SHV-187 | SHV-243 | SHV-9 | SHV-146 | SHV-244 | SHV-191 | SHV-223 | SHV-34 | SHV-163 | SHV-203 | SHV-182 | SHV-155 | SHV-200 | SHV-82 | SHV-3 | SHV-236 | SHV-101 | SHV-32 | SHV-94 | SHV-195 | SHV-103 | SHV-205 | SHV-208 | SHV-196 | SHV-67 | SHV-85 | SHV-24 | SHV-1b-b | SHV-134 | SHV-73 | SHV-211 | SHV-71 | SHV-152 | SHV-207 | SHV-245 | SHV-198 | SHV-189 | SHV-231 | SHV-23 | SHV-128 | SHV-173 | SHV-105 | SHV-168 | SHV-18 | SHV-213 | SHV-218 | SHV-179 | SHV-148 | SHV-216 | SHV-221 | SHV-2 | SHV-157 | SHV-27 | SHV-78 | SHV-158 | SHV-46 | SHV-52 | SHV-161 | SHV-63 | SHV-147 | SHV-141 | SHV-60 | SHV-153 | SHV-232 | SHV-38 | SHV-8 | SHV-201 | SHV-238 | SHV-97 | SHV-100 | SHV-107 | SHV-209 | SHV-14 | SHV-30 | SHV-16 | SHV-230 | SHV-180 | SHV-210 | SHV-240 | SHV-22 | SHV-84 | SHV-226 | SHV-56 | SHV-151 | SHV-79 | SHV-19 | SHV-119 | SHV-171 | SHV-190 | SHV-124 | SHV-1 | SHV-167 | SHV-104 | SHV-126 | SHV-150 | SHV-4 | SHV-25 | SHV-234 | SHV-137 | SHV-62 | SHV-199 | SHV-217 | SHV-110 | SHV-20 | SHV-11 | SHV-242 | SHV-66 | SHV-233 | SHV-222 | SHV-225 | SHV-33 | SHV-235 | SHV-154 | SHV-35 | SHV-50 | SHV-135 | SHV-144 | SHV-74 | SHV-194 | SHV-178 | SHV-55 | SHV-83 | SHV-57 | SHV-93 | SHV-92 | SHV-86 | SHV-215 | SHV-5 | SHV-13 | SHV-219 | SHV-70 | SHV-127 | SHV-115 | SHV-77 | SHV-40 | OHIO-1 | SHV-172	cephalosporin;penicillin beta-lactam | carbapenem | cephalosporin	antibiotic inactivation	0.0	0.0	0.0	0.0	0.0	0.0	0.0	0.0	0.0	0.0	0.0	0.0	0.0	0.0	0.0	0.0	1721223.96	0.0	0.0	0.0	0.0	0.0	0.0	0.0	0.0	0.0	0.0	0.0	0.0	0.0	0.0	0.0	0.0	0.0	0.0	0.0
SHV beta-lactamase	multiple	SHV-116 | SHV-104 | SHV-210 | SHV-219 | SHV-74 | SHV-60 | SHV-70 | SHV-119 | SHV-242 | SHV-235 | SHV-14 | SHV-204 | SHV-127 | SHV-27 | SHV-187 | SHV-46 | SHV-231 | SHV-20 | SHV-228 | SHV-165 | SHV-150 | SHV-24 | SHV-65 | SHV-163 | SHV-164 | SHV-81 | SHV-182 | SHV-61 | SHV-33 | SHV-198 | SHV-22 | SHV-55 | SHV-223 | SHV-2 | SHV-212 | SHV-106 | SHV-224 | SHV-197 | SHV-107 | SHV-42 | SHV-11 | SHV-241 | SHV-1 | SHV-189 | SHV-133 | SHV-85 | SHV-132 | SHV-202 | SHV-188 | SHV-19 | SHV-221 | SHV-38 | SHV-79 | SHV-52 | SHV-209 | SHV-16 | SHV-230 | SHV-35 | SHV-240 | SHV-140 | SHV-199 | SHV-135 | SHV-105 | SHV-126 | SHV-82 | SHV-62 | SHV-77 | SHV-180 | SHV-50 | SHV-76 | SHV-171 | SHV-161 | SHV-214 | SHV-102 | SHV-30 | SHV-66 | SHV-41 | SHV-51 | SHV-155 | SHV-134 | SHV-1b-b | SHV-15 | SHV-236 | SHV-49 | SHV-213 | SHV-238 | SHV-111 | SHV-234 | SHV-122 | SHV-162 | SHV-83 | SHV-194 | SHV-141 | SHV-115 | SHV-67 | SHV-229 | SHV-120 | SHV-220 | SHV-211 | SHV-129 | SHV-144 | SHV-57 | SHV-149 | SHV-173 | SHV-128 | SHV-25 | SHV-4 | SHV-190 | SHV-205 | SHV-73 | SHV-233 | SHV-237 | SHV-142 | SHV-100 | SHV-18 | SHV-145 | SHV-200 | SHV-2A | SHV-227 | SHV-124 | SHV-63 | SHV-8 | SHV-153 | SHV-193 | SHV-217 | SHV-5 | SHV-78 | SHV-206 | SHV-21 | SHV-201 | SHV-186 | SHV-226 | SHV-143 | SHV-43 | SHV-44 | SHV-158 | SHV-53 | SHV-245 | SHV-7 | SHV-80 | SHV-208 | SHV-152 | SHV-26 | SHV-86 | SHV-159 | SHV-207 | SHV-183 | OHIO-1 | SHV-101 | SHV-29 | SHV-97 | SHV-151 | SHV-225 | SHV-40 | SHV-45 | SHV-75 | SHV-31 | SHV-147 | SHV-56 | SHV-99 | SHV-179 | SHV-160 | SHV-95 | SHV-89 | SHV-137 | SHV-84 | SHV-92 | SHV-146 | SHV-222 | SHV-244 | SHV-154 | SHV-148 | SHV-239 | SHV-203 | SHV-125 | SHV-110 | SHV-72 | SHV-96 | SHV-218 | SHV-123 | SHV-9 | SHV-172 | SHV-232 | SHV-71 | SHV-156 | SHV-69 | SHV-103 | SHV-215 | SHV-167 | SHV-243 | SHV-94 | SHV-178 | SHV-216 | SHV-48 | SHV-12 | SHV-34 | SHV-59 | SHV-195 | SHV-121 | SHV-64 | SHV-32 | SHV-191 | SHV-168 | SHV-37 | SHV-109 | SHV-6 | SHV-196 | SHV-13 | SHV-23 | SHV-36 | SHV-185 | SHV-28 | SHV-108 | SHV-98 | SHV-3	cephalosporin;penicillin beta-lactam | cephalosporin	antibiotic inactivation	0.0	0.0	0.0	0.0	0.0	0.0	0.0	0.0	0.0	0.0	0.0	0.0	0.0	0.0	0.0	0.0	0.0	0.0	0.0	0.0	0.0	0.0	173789.42	0.0	0.0	0.0	0.0	0.0	0.0	0.0	0.0	0.0	0.0	0.0	0.0	0.0
SHV beta-lactamase	multiple	SHV-12 | SHV-171 | SHV-180 | SHV-168 | SHV-81 | SHV-8 | SHV-103 | SHV-238 | SHV-61 | SHV-56 | SHV-63 | SHV-189 | SHV-231 | SHV-119 | SHV-178 | SHV-55 | SHV-86 | SHV-14 | SHV-134 | SHV-128 | SHV-150 | SHV-190 | SHV-164 | SHV-167 | SHV-23 | SHV-11 | SHV-15 | SHV-106 | SHV-223 | SHV-216 | SHV-214 | SHV-230 | SHV-60 | SHV-206 | SHV-135 | SHV-220 | SHV-78 | SHV-163 | SHV-107 | SHV-126 | SHV-7 | SHV-204 | SHV-62 | SHV-207 | SHV-80 | SHV-5 | SHV-73 | SHV-158 | SHV-196 | SHV-242 | SHV-237 | SHV-44 | SHV-95 | SHV-179 | SHV-219 | SHV-172 | SHV-79 | SHV-187 | SHV-195 | SHV-37 | SHV-218 | SHV-38 | SHV-57 | SHV-125 | SHV-185 | SHV-34 | SHV-165 | SHV-121 | SHV-186 | SHV-124 | SHV-203 | SHV-93 | SHV-30 | SHV-217 | SHV-18 | SHV-208 | SHV-2 | SHV-19 | SHV-89 | SHV-236 | SHV-143 | SHV-188 | SHV-123 | SHV-221 | SHV-146 | SHV-16 | SHV-159 | SHV-129 | SHV-115 | SHV-132 | SHV-197 | SHV-209 | SHV-228 | SHV-205 | SHV-43 | SHV-6 | SHV-2A | SHV-83 | SHV-212 | SHV-104 | SHV-94 | SHV-59 | SHV-191 | SHV-108 | SHV-160 | SHV-210 | SHV-201 | SHV-96 | SHV-241 | SHV-194 | SHV-20 | SHV-25 | SHV-215 | SHV-33 | SHV-245 | SHV-35 | SHV-161 | SHV-72 | SHV-151 | SHV-111 | SHV-235 | SHV-40 | SHV-222 | SHV-74 | SHV-1b-b | SHV-202 | SHV-65 | SHV-53 | SHV-193 | SHV-50 | SHV-243 | SHV-153 | SHV-66 | SHV-244 | SHV-32 | SHV-144 | SHV-155 | SHV-122 | SHV-85 | SHV-71 | SHV-224 | SHV-82 | SHV-225 | SHV-70 | SHV-234 | SHV-92 | SHV-227 | SHV-152 | SHV-1 | SHV-183 | SHV-69 | SHV-226 | SHV-41 | SHV-45 | SHV-149 | SHV-232 | SHV-148 | SHV-3 | SHV-64 | SHV-240 | SHV-4 | SHV-154 | SHV-127 | SHV-36 | SHV-97 | SHV-51 | SHV-140 | SHV-21 | SHV-199 | SHV-120 | SHV-52 | SHV-116 | SHV-27 | SHV-13 | SHV-211 | SHV-156 | SHV-100 | SHV-22 | SHV-109 | SHV-141 | SHV-28 | SHV-98 | SHV-31 | SHV-147 | SHV-105 | SHV-239 | SHV-182 | SHV-26 | SHV-229 | SHV-67 | SHV-101 | SHV-157 | SHV-145 | SHV-75 | SHV-213 | SHV-200 | SHV-162 | SHV-48 | SHV-9 | SHV-29 | SHV-42 | SHV-142 | SHV-110 | SHV-49 | SHV-46 | SHV-137 | SHV-233 | SHV-76 | SHV-133 | SHV-102 | SHV-173 | SHV-24 | SHV-198 | SHV-77 | SHV-84 | SHV-99	cephalosporin;penicillin beta-lactam	antibiotic inactivation	0.0	0.0	0.0	0.0	0.0	0.0	0.0	0.0	0.0	0.0	0.0	0.0	0.0	1234061.21	0.0	0.0	0.0	0.0	0.0	0.0	0.0	0.0	0.0	0.0	0.0	0.0	0.0	0.0	0.0	0.0	0.0	0.0	0.0	0.0	0.0	0.0
SHV beta-lactamase	multiple	SHV-127 | SHV-201 | SHV-32 | SHV-206 | SHV-25 | SHV-12 | SHV-86 | SHV-1b-b | SHV-199 | SHV-134 | SHV-242 | SHV-30 | SHV-110 | SHV-84 | SHV-146 | SHV-148 | SHV-151 | SHV-158 | SHV-106 | SHV-71 | SHV-27 | SHV-119 | SHV-36 | SHV-40 | SHV-230 | SHV-70 | SHV-226 | SHV-52 | SHV-132 | SHV-89 | SHV-155 | SHV-161 | SHV-244 | SHV-141 | SHV-140 | SHV-233 | SHV-167 | SHV-207 | SHV-80 | SHV-164 | SHV-150 | SHV-217 | SHV-124 | SHV-204 | SHV-196 | SHV-92 | SHV-213 | SHV-66 | SHV-202 | SHV-145 | SHV-232 | SHV-209 | SHV-193 | SHV-103 | SHV-165 | SHV-13 | SHV-115 | SHV-203 | SHV-239 | SHV-153 | SHV-45 | SHV-29 | SHV-120 | SHV-99 | SHV-82 | SHV-98 | SHV-42 | SHV-121 | SHV-41 | SHV-218 | SHV-240 | SHV-69 | SHV-11 | SHV-1 | SHV-49 | SHV-14 | SHV-48 | SHV-187 | SHV-123 | SHV-83 | SHV-178 | SHV-198 | SHV-147 | SHV-74 | SHV-222 | SHV-173 | SHV-85 | SHV-129 | SHV-31 | SHV-179 | SHV-229 | SHV-35 | SHV-34 | SHV-137 | SHV-231 | SHV-142 | SHV-108 | SHV-149 | SHV-172 | SHV-171 | SHV-241 | SHV-212 | SHV-107 | SHV-55 | SHV-2 | SHV-15 | SHV-64 | SHV-156 | SHV-224 | SHV-18 | SHV-7 | SHV-116 | SHV-234 | SHV-101 | SHV-160 | SHV-65 | SHV-208 | SHV-154 | SHV-214 | SHV-33 | SHV-228 | SHV-61 | SHV-100 | SHV-76 | SHV-152 | SHV-73 | SHV-67 | SHV-126 | SHV-245 | SHV-5 | SHV-81 | SHV-144 | SHV-22 | SHV-182 | SHV-189 | SHV-238 | SHV-105 | SHV-191 | SHV-102 | SHV-205 | SHV-133 | SHV-185 | SHV-72 | SHV-211 | SHV-128 | SHV-28 | SHV-56 | SHV-38 | SHV-225 | SHV-125 | SHV-77 | SHV-78 | SHV-168 | SHV-37 | SHV-59 | SHV-219 | SHV-163 | SHV-159 | SHV-75 | SHV-210 | SHV-2A | SHV-216	cephalosporin;penicillin beta-lactam	antibiotic inactivation	54664.91	0.0	0.0	0.0	0.0	0.0	0.0	0.0	0.0	0.0	0.0	0.0	0.0	0.0	0.0	0.0	0.0	0.0	0.0	0.0	0.0	0.0	0.0	0.0	0.0	0.0	0.0	0.0	0.0	0.0	0.0	0.0	0.0	0.0	0.0	0.0
SHV beta-lactamase	multiple	SHV-14 | SHV-18 | SHV-7 | SHV-151 | SHV-73 | SHV-195 | SHV-72 | SHV-188 | SHV-38 | SHV-69 | SHV-83 | SHV-105 | SHV-132 | SHV-111 | SHV-29 | SHV-202 | SHV-161 | SHV-140 | SHV-168 | SHV-1b-b | SHV-144 | SHV-30 | SHV-162 | SHV-141 | SHV-154 | SHV-71 | SHV-189 | SHV-34 | SHV-198 | SHV-187 | SHV-149 | SHV-163	cephalosporin;penicillin beta-lactam	antibiotic inactivation	0.0	0.0	0.0	0.0	0.0	0.0	0.0	0.0	0.0	0.0	0.0	0.0	0.0	0.0	0.0	0.0	0.0	0.0	0.0	0.0	0.0	0.0	0.0	169617.94	0.0	0.0	0.0	0.0	0.0	0.0	0.0	0.0	0.0	0.0	0.0	0.0
SHV beta-lactamase	multiple	SHV-14 | SHV-77 | SHV-100 | SHV-165 | SHV-193 | SHV-97 | SHV-1b-b | SHV-20 | SHV-171 | SHV-135 | SHV-122 | SHV-197 | SHV-27 | SHV-190 | SHV-21 | SHV-141 | SHV-220 | SHV-163 | SHV-158 | SHV-153 | SHV-101 | SHV-227 | SHV-103 | SHV-234 | SHV-160 | SHV-157 | SHV-85 | SHV-213 | SHV-78 | OHIO-1 | SHV-162 | SHV-123 | SHV-34 | SHV-37 | SHV-219 | SHV-23 | SHV-13 | SHV-121 | SHV-31 | SHV-239 | SHV-240 | SHV-244 | SHV-74 | SHV-61 | SHV-4 | SHV-228 | SHV-140 | SHV-203 | SHV-71 | SHV-89 | SHV-12 | SHV-115 | SHV-53 | SHV-62 | SHV-48 | SHV-92 | SHV-2A | SHV-137 | SHV-55 | SHV-67 | SHV-212 | SHV-75 | SHV-201 | SHV-72 | SHV-108 | SHV-154 | SHV-147 | SHV-124 | SHV-215 | SHV-52 | SHV-49 | SHV-65 | SHV-209 | SHV-200 | SHV-42 | SHV-205 | SHV-80 | SHV-143 | SHV-82 | SHV-217 | SHV-25 | SHV-161 | SHV-84 | SHV-178 | SHV-186 | SHV-70 | SHV-73 | SHV-106 | SHV-32 | SHV-180 | SHV-159 | SHV-245 | SHV-196 | SHV-86 | SHV-69 | SHV-241 | SHV-208 | SHV-150 | SHV-56 | SHV-183 | SHV-189 | SHV-204 | SHV-230 | SHV-59 | SHV-5 | SHV-7 | SHV-60 | SHV-3 | SHV-6 | SHV-8 | SHV-216 | SHV-168 | SHV-24 | SHV-173 | SHV-76 | SHV-235 | SHV-191 | SHV-179 | SHV-226 | SHV-29 | SHV-187 | SHV-36 | SHV-194 | SHV-46 | SHV-81 | SHV-236 | SHV-18 | SHV-116 | SHV-26 | SHV-111 | SHV-40 | SHV-93 | SHV-83 | SHV-110 | SHV-1 | SHV-107 | SHV-50 | SHV-66 | SHV-125 | SHV-11 | SHV-225 | SHV-188 | SHV-206 | SHV-44 | SHV-30 | SHV-222 | SHV-127 | SHV-9 | SHV-99 | SHV-237 | SHV-19 | SHV-142 | SHV-28 | SHV-41 | SHV-104 | SHV-35 | SHV-210 | SHV-22 | SHV-38 | SHV-16 | SHV-120 | SHV-95 | SHV-102 | SHV-146 | SHV-182 | SHV-195 | SHV-199 | SHV-214 | SHV-134 | SHV-211 | SHV-129 | SHV-64 | SHV-242 | SHV-207 | SHV-221 | SHV-149 | SHV-57 | SHV-96 | SHV-79 | SHV-2 | SHV-202 | SHV-109 | SHV-33 | SHV-238 | SHV-185 | SHV-218 | SHV-15 | SHV-156 | SHV-152 | SHV-145 | SHV-45 | SHV-151 | SHV-167 | SHV-155 | SHV-172 | SHV-148 | SHV-224 | SHV-94 | SHV-51 | SHV-119 | SHV-233 | SHV-144 | SHV-132 | SHV-133 | SHV-105 | SHV-98 | SHV-231 | SHV-164 | SHV-128 | SHV-126 | SHV-198 | SHV-229 | SHV-232	cephalosporin;penicillin beta-lactam | cephalosporin	antibiotic inactivation	0.0	0.0	0.0	0.0	0.0	0.0	0.0	0.0	0.0	0.0	0.0	0.0	0.0	0.0	0.0	0.0	0.0	0.0	0.0	0.0	0.0	0.0	0.0	0.0	0.0	0.0	0.0	0.0	0.0	170553.87	0.0	0.0	0.0	0.0	0.0	0.0
SHV beta-lactamase	multiple	SHV-141 | SHV-85 | SHV-171 | SHV-61 | SHV-101 | SHV-115 | SHV-224 | SHV-82 | SHV-102 | SHV-142 | SHV-127 | SHV-122 | SHV-187 | SHV-126 | SHV-6 | SHV-73 | SHV-49 | SHV-238 | SHV-30 | SHV-69 | SHV-179 | SHV-26 | SHV-230 | SHV-28 | SHV-173 | SHV-241 | SHV-196 | SHV-161 | SHV-165 | SHV-240 | SHV-133 | SHV-190 | SHV-2A | SHV-62 | SHV-144 | SHV-194 | SHV-217 | SHV-229 | SHV-74 | SHV-145 | SHV-40 | SHV-27 | SHV-203 | SHV-162 | SHV-223 | SHV-158 | SHV-168 | SHV-36 | SHV-105 | SHV-63 | SHV-143 | SHV-201 | SHV-236 | SHV-96 | SHV-76 | SHV-154 | SHV-182 | SHV-160 | SHV-116 | SHV-151 | SHV-189 | SHV-46 | SHV-21 | SHV-53 | SHV-132 | SHV-213 | SHV-81 | SHV-159 | SHV-185 | SHV-210 | SHV-221 | SHV-97 | SHV-59 | SHV-98 | SHV-197 | SHV-5 | SHV-152 | SHV-242 | SHV-219 | SHV-134 | SHV-222 | SHV-52 | SHV-207 | SHV-237 | SHV-153 | SHV-109 | SHV-128 | SHV-42 | SHV-172 | SHV-235 | SHV-13 | SHV-220 | SHV-146 | SHV-72 | SHV-65 | SHV-208 | SHV-214 | SHV-45 | SHV-86 | SHV-215 | SHV-51 | SHV-202 | SHV-108 | SHV-71 | SHV-66 | SHV-92 | SHV-216 | SHV-243 | SHV-233 | SHV-24 | SHV-211 | SHV-29 | SHV-195 | SHV-156 | SHV-209 | SHV-193 | SHV-34 | SHV-22 | SHV-157 | SHV-77 | SHV-57 | SHV-135 | SHV-107 | SHV-147 | SHV-41 | SHV-19 | SHV-67 | OHIO-1 | SHV-64 | SHV-50 | SHV-198 | SHV-148 | SHV-245 | SHV-79 | SHV-119 | SHV-199 | SHV-167 | SHV-226 | SHV-111 | SHV-84 | SHV-149 | SHV-80 | SHV-44 | SHV-186 | SHV-227 | SHV-231 | SHV-110 | SHV-70 | SHV-33 | SHV-129 | SHV-94 | SHV-55 | SHV-37 | SHV-244 | SHV-137 | SHV-9 | SHV-83 | SHV-18 | SHV-8 | SHV-15 | SHV-106 | SHV-188 | SHV-3 | SHV-125 | SHV-180 | SHV-164 | SHV-100 | SHV-2 | SHV-78 | SHV-183 | SHV-4 | SHV-104 | SHV-225 | SHV-228 | SHV-206 | SHV-205 | SHV-23 | SHV-121 | SHV-12 | SHV-35 | SHV-200 | SHV-120 | SHV-7 | SHV-31 | SHV-123 | SHV-60 | SHV-89 | SHV-48 | SHV-56 | SHV-155 | SHV-204 | SHV-140 | SHV-75 | SHV-1b-b | SHV-178 | SHV-25 | SHV-99 | SHV-150 | SHV-14 | SHV-43 | SHV-95 | SHV-32 | SHV-163 | SHV-212 | SHV-218 | SHV-124 | SHV-20 | SHV-1 | SHV-232 | SHV-38 | SHV-103 | SHV-11	cephalosporin;penicillin beta-lactam | cephalosporin	antibiotic inactivation	0.0	0.0	0.0	0.0	0.0	0.0	0.0	0.0	0.0	0.0	414891.13	0.0	0.0	0.0	0.0	0.0	0.0	0.0	0.0	0.0	0.0	0.0	0.0	0.0	0.0	0.0	0.0	0.0	0.0	0.0	0.0	0.0	0.0	0.0	0.0	0.0
SHV beta-lactamase	multiple	SHV-152 | SHV-233 | SHV-153 | SHV-3 | SHV-34 | SHV-21 | SHV-30 | SHV-2 | SHV-162 | SHV-20 | SHV-141 | SHV-163	cephalosporin;penicillin beta-lactam	antibiotic inactivation	0.0	0.0	0.0	0.0	0.0	0.0	0.0	0.0	0.0	0.0	0.0	50272.73	0.0	0.0	0.0	0.0	0.0	0.0	0.0	0.0	0.0	0.0	0.0	0.0	0.0	0.0	0.0	0.0	0.0	0.0	0.0	0.0	0.0	0.0	0.0	0.0
SHV beta-lactamase	multiple	SHV-19 | SHV-137 | SHV-50 | SHV-1b-b | SHV-211 | SHV-236 | SHV-8 | SHV-29 | SHV-35 | SHV-178 | SHV-92 | SHV-151 | SHV-62 | SHV-182 | SHV-203 | SHV-195 | SHV-110 | SHV-115 | SHV-38 | SHV-224 | SHV-51 | SHV-89 | SHV-239 | SHV-46 | SHV-245 | SHV-57 | SHV-126 | SHV-28 | SHV-55 | SHV-105 | SHV-201 | SHV-235 | SHV-226 | SHV-7 | SHV-207 | SHV-26 | SHV-83 | SHV-243 | SHV-13 | SHV-157 | SHV-109 | SHV-44 | SHV-82 | SHV-22 | SHV-216 | SHV-59 | SHV-159 | SHV-143 | SHV-127 | SHV-111 | SHV-107 | SHV-40 | SHV-27 | SHV-230 | SHV-9 | SHV-69 | SHV-196 | SHV-104 | SHV-34 | SHV-244 | SHV-199 | SHV-161 | SHV-12 | SHV-71 | SHV-191 | SHV-145 | SHV-124 | SHV-134 | SHV-167 | SHV-18 | SHV-198 | SHV-4 | SHV-208 | SHV-221 | SHV-154 | SHV-97 | SHV-171 | SHV-122 | SHV-140 | SHV-2A | SHV-61 | SHV-33 | SHV-219 | SHV-24 | SHV-128 | SHV-32 | SHV-213 | SHV-204 | SHV-132 | SHV-76 | SHV-129 | SHV-210 | SHV-172 | SHV-220 | SHV-135 | SHV-45 | SHV-5 | SHV-223 | SHV-74 | SHV-150 | SHV-100 | SHV-96 | SHV-197 | SHV-215 | SHV-241 | SHV-77 | SHV-85 | SHV-142 | SHV-234 | SHV-186 | SHV-179 | SHV-180 | SHV-95 | SHV-6 | SHV-162 | SHV-36 | SHV-238 | SHV-146 | SHV-148 | OHIO-1 | SHV-75 | SHV-53 | SHV-15 | SHV-86 | SHV-168 | SHV-141 | SHV-231 | SHV-25 | SHV-116 | SHV-202 | SHV-218 | SHV-123 | SHV-30 | SHV-31 | SHV-147 | SHV-79 | SHV-98 | SHV-158 | SHV-37 | SHV-194 | SHV-48 | SHV-242 | SHV-101 | SHV-23 | SHV-102 | SHV-121 | SHV-99 | SHV-233 | SHV-120 | SHV-21 | SHV-1 | SHV-106 | SHV-212 | SHV-66 | SHV-152 | SHV-64 | SHV-67 | SHV-200 | SHV-63 | SHV-240 | SHV-189 | SHV-84 | SHV-237 | SHV-16 | SHV-153 | SHV-229 | SHV-156 | SHV-60 | SHV-160 | SHV-41 | SHV-11 | SHV-187 | SHV-103 | SHV-183 | SHV-163 | SHV-185 | SHV-72 | SHV-80 | SHV-222 | SHV-2 | SHV-73 | SHV-49 | SHV-227 | SHV-133 | SHV-165 | SHV-43 | SHV-93 | SHV-155 | SHV-144 | SHV-52 | SHV-42 | SHV-232 | SHV-214 | SHV-65 | SHV-205 | SHV-217 | SHV-78 | SHV-108 | SHV-225 | SHV-56 | SHV-94 | SHV-228 | SHV-190 | SHV-81 | SHV-188 | SHV-20 | SHV-70 | SHV-125 | SHV-193 | SHV-209 | SHV-149 | SHV-119 | SHV-14 | SHV-173 | SHV-206 | SHV-3 | SHV-164	cephalosporin;penicillin beta-lactam | cephalosporin	antibiotic inactivation	0.0	0.0	0.0	0.0	0.0	0.0	690479.6	0.0	0.0	0.0	0.0	0.0	0.0	0.0	0.0	0.0	0.0	0.0	0.0	0.0	0.0	0.0	0.0	0.0	0.0	0.0	0.0	0.0	0.0	0.0	0.0	0.0	0.0	0.0	0.0	0.0
SHV beta-lactamase	multiple	SHV-198 | SHV-134 | SHV-190 | SHV-232 | SHV-144 | SHV-119 | SHV-98 | SHV-124 | SHV-221 | SHV-120 | SHV-61 | SHV-108 | SHV-97 | SHV-234 | SHV-189 | SHV-26 | SHV-212 | SHV-230 | SHV-102 | SHV-51 | SHV-94 | SHV-195 | SHV-210 | SHV-209 | SHV-172 | SHV-205 | SHV-55 | SHV-240 | SHV-82 | SHV-79 | SHV-44 | SHV-155 | SHV-78 | SHV-73 | SHV-168 | SHV-69 | SHV-239 | SHV-178 | SHV-92 | SHV-66 | SHV-203 | SHV-211 | SHV-148 | SHV-128 | SHV-89 | SHV-25 | SHV-96 | SHV-63 | SHV-52 | SHV-95 | SHV-32 | SHV-149 | SHV-28 | SHV-81 | SHV-193 | SHV-53 | SHV-15 | SHV-127 | SHV-35 | SHV-12 | SHV-142 | SHV-116 | SHV-46 | SHV-197 | SHV-77 | SHV-122 | SHV-111 | SHV-11 | SHV-135 | SHV-231 | SHV-103 | SHV-100 | SHV-71 | SHV-42 | SHV-226 | SHV-140 | SHV-84 | SHV-74 | SHV-164 | SHV-38 | SHV-110 | SHV-157 | SHV-86 | SHV-208 | SHV-109 | SHV-238 | SHV-104 | SHV-146 | SHV-115 | SHV-160 | SHV-179 | SHV-126 | SHV-76 | SHV-237 | SHV-2 | SHV-219 | SHV-137 | SHV-2A | SHV-50 | SHV-206 | SHV-13 | SHV-1b-b | SHV-18 | SHV-154 | SHV-70 | SHV-129 | SHV-214 | SHV-83 | SHV-16 | SHV-64 | SHV-22 | SHV-224 | SHV-37 | SHV-21 | SHV-20 | SHV-1 | SHV-62 | SHV-19 | SHV-199 | SHV-220 | SHV-216 | SHV-207 | SHV-200 | SHV-72 | SHV-194 | SHV-3 | SHV-14 | SHV-173 | SHV-204 | SHV-186 | SHV-31 | SHV-9 | SHV-213 | SHV-152 | SHV-40 | SHV-229 | SHV-159 | SHV-241 | SHV-182 | SHV-202 | SHV-156 | SHV-45 | SHV-24 | SHV-201 | SHV-7 | SHV-59 | SHV-151 | SHV-5 | SHV-105 | SHV-93 | SHV-244 | SHV-49 | SHV-141 | SHV-99 | SHV-153 | SHV-245 | SHV-188 | SHV-143 | SHV-235 | SHV-65 | SHV-163 | SHV-121 | SHV-132 | SHV-80 | SHV-171 | SHV-4 | SHV-187 | SHV-180 | SHV-196 | SHV-167 | SHV-183 | SHV-30 | SHV-191 | SHV-233 | SHV-222 | SHV-34 | SHV-56 | SHV-133 | SHV-242 | SHV-41 | SHV-33 | SHV-27 | SHV-101 | SHV-158 | SHV-123 | SHV-57 | SHV-225 | SHV-228 | SHV-150 | SHV-8 | SHV-218 | SHV-185 | SHV-85 | SHV-60 | SHV-165 | SHV-75 | SHV-29 | SHV-67 | SHV-106 | SHV-48 | SHV-215 | SHV-236 | SHV-107 | SHV-161 | SHV-125 | SHV-217 | SHV-147 | SHV-36 | SHV-145 | SHV-162	cephalosporin;penicillin beta-lactam	antibiotic inactivation	0.0	0.0	0.0	0.0	0.0	0.0	0.0	0.0	0.0	0.0	0.0	0.0	0.0	0.0	0.0	396815.73	0.0	0.0	0.0	0.0	0.0	0.0	0.0	0.0	0.0	0.0	0.0	0.0	0.0	0.0	0.0	0.0	0.0	0.0	0.0	0.0
SHV beta-lactamase	multiple	SHV-208 | SHV-71 | SHV-134 | SHV-70 | SHV-78 | SHV-191 | SHV-109 | SHV-200 | SHV-98 | SHV-5 | SHV-150 | SHV-219 | SHV-108 | SHV-154 | SHV-14 | SHV-235 | SHV-27 | SHV-158 | SHV-204 | SHV-99 | SHV-86 | SHV-133 | SHV-16 | SHV-160 | SHV-221 | SHV-145 | SHV-57 | SHV-37 | SHV-18 | SHV-106 | SHV-95 | SHV-125 | SHV-188 | SHV-129 | SHV-196 | SHV-4 | SHV-42 | SHV-163 | SHV-231 | SHV-44 | SHV-217 | SHV-127 | SHV-211 | SHV-245 | SHV-35 | SHV-67 | SHV-63 | SHV-216 | SHV-162 | SHV-167 | SHV-105 | SHV-233 | SHV-100 | SHV-152 | SHV-229 | SHV-55 | SHV-25 | SHV-202 | SHV-19 | SHV-122 | SHV-149 | SHV-242 | SHV-240 | SHV-153 | SHV-93 | SHV-107 | SHV-128 | SHV-6 | SHV-33 | SHV-31 | SHV-215 | SHV-49 | SHV-239 | SHV-3 | SHV-74 | SHV-60 | SHV-51 | SHV-178 | SHV-102 | SHV-214 | SHV-2A | SHV-187 | SHV-64 | SHV-226 | SHV-124 | SHV-218 | SHV-21 | SHV-220 | SHV-212 | SHV-2 | SHV-180 | SHV-223 | SHV-203 | SHV-83 | SHV-110 | SHV-65 | SHV-53 | SHV-227 | SHV-207 | SHV-76 | SHV-241 | SHV-151 | SHV-41 | SHV-148 | SHV-156 | SHV-75 | SHV-198 | SHV-15 | SHV-12 | SHV-186 | SHV-193 | SHV-28 | SHV-206 | SHV-141 | SHV-234 | SHV-80 | SHV-116 | SHV-22 | SHV-7 | SHV-89 | SHV-1 | SHV-168 | SHV-157 | SHV-94 | SHV-213 | SHV-103 | SHV-81 | SHV-146 | SHV-34 | SHV-104 | SHV-183 | SHV-190 | SHV-36 | SHV-236 | SHV-79 | SHV-123 | SHV-209 | SHV-77 | SHV-38 | SHV-161 | SHV-147 | SHV-11 | SHV-237 | SHV-171 | SHV-143 | SHV-164 | SHV-121 | SHV-50 | SHV-165 | SHV-244 | SHV-73 | SHV-182 | SHV-40 | SHV-32 | SHV-144 | SHV-210 | SHV-189 | SHV-185 | SHV-243 | SHV-228 | SHV-69 | SHV-84 | SHV-142 | SHV-101 | SHV-92 | SHV-172 | SHV-238 | SHV-82 | SHV-132 | SHV-155 | SHV-85 | SHV-137 | SHV-222 | SHV-29 | SHV-195 | SHV-45 | SHV-56 | SHV-52 | SHV-201 | SHV-135 | SHV-194 | SHV-230 | SHV-59 | SHV-205 | SHV-66 | SHV-20 | SHV-13 | SHV-126 | SHV-115 | SHV-97 | SHV-199 | SHV-224 | SHV-48 | SHV-1b-b | SHV-173 | SHV-30 | SHV-62 | SHV-61 | SHV-46 | SHV-119 | SHV-140 | SHV-111 | SHV-159 | SHV-26 | SHV-72 | SHV-232 | SHV-179 | SHV-120 | SHV-225 | SHV-96	cephalosporin;penicillin beta-lactam	antibiotic inactivation	0.0	0.0	0.0	0.0	0.0	0.0	0.0	0.0	0.0	0.0	0.0	0.0	0.0	0.0	0.0	0.0	0.0	0.0	0.0	413712.43	0.0	0.0	0.0	0.0	0.0	0.0	0.0	0.0	0.0	0.0	0.0	0.0	0.0	0.0	0.0	0.0
SHV beta-lactamase	multiple	SHV-209 | SHV-31 | SHV-215 | SHV-23 | SHV-228 | SHV-80 | SHV-127 | SHV-48 | SHV-160 | SHV-183 | SHV-124 | SHV-122 | SHV-180 | SHV-197 | SHV-9 | SHV-151 | SHV-76 | SHV-144 | SHV-233 | SHV-129 | SHV-157 | SHV-225 | SHV-7 | SHV-163 | SHV-19 | SHV-121 | SHV-57 | SHV-18 | SHV-63 | SHV-24 | SHV-79 | SHV-1 | SHV-143 | SHV-1b-b | SHV-226 | SHV-142 | SHV-222 | SHV-82 | SHV-29 | SHV-186 | SHV-168 | SHV-132 | SHV-84 | SHV-236 | SHV-71 | SHV-21 | SHV-218 | SHV-141 | SHV-26 | SHV-4 | SHV-154 | SHV-149 | SHV-36 | SHV-245 | SHV-126 | SHV-162 | SHV-60 | SHV-96 | SHV-34 | SHV-187 | SHV-119 | SHV-155 | SHV-135 | SHV-221 | SHV-164 | SHV-66 | SHV-198 | SHV-30 | SHV-97 | SHV-53 | SHV-123 | SHV-78 | SHV-2A | SHV-101 | SHV-196 | SHV-195 | SHV-5 | SHV-200 | SHV-15 | SHV-211 | SHV-22 | SHV-2 | SHV-189 | SHV-25 | SHV-20 | SHV-46 | SHV-125 | SHV-230 | SHV-188 | SHV-45 | SHV-133 | SHV-199 | SHV-152 | SHV-70 | SHV-217 | SHV-85 | SHV-178 | SHV-102 | SHV-69 | SHV-108 | SHV-146 | SHV-103 | SHV-13 | SHV-224 | SHV-202 | SHV-105 | SHV-3 | SHV-185 | SHV-83 | SHV-232 | SHV-95 | SHV-165 | SHV-14 | SHV-72 | SHV-206 | SHV-238 | SHV-104 | SHV-244 | SHV-50 | SHV-37 | SHV-240 | SHV-140 | SHV-40 | SHV-237 | SHV-115 | SHV-161 | SHV-12 | SHV-145 | SHV-42 | SHV-231 | SHV-194 | SHV-44 | SHV-150 | SHV-89 | SHV-86 | SHV-190 | SHV-59 | SHV-35 | SHV-134 | SHV-98 | SHV-61 | SHV-73 | SHV-56 | SHV-109 | SHV-213 | SHV-41 | SHV-172 | SHV-8 | SHV-38 | SHV-111 | SHV-153 | SHV-120 | SHV-65 | SHV-148 | SHV-128 | SHV-220 | SHV-116 | SHV-33	cephalosporin;penicillin beta-lactam	antibiotic inactivation	0.0	0.0	0.0	0.0	0.0	0.0	0.0	0.0	0.0	0.0	0.0	0.0	0.0	0.0	0.0	0.0	0.0	104353.58	0.0	0.0	0.0	0.0	0.0	0.0	0.0	0.0	0.0	0.0	0.0	0.0	0.0	0.0	0.0	0.0	0.0	0.0
SHV beta-lactamase	multiple	SHV-210 | SHV-101 | SHV-56 | SHV-1 | SHV-142 | SHV-149 | SHV-185 | SHV-97 | SHV-80 | SHV-161 | SHV-63 | SHV-141 | SHV-215 | SHV-162 | SHV-135 | SHV-132 | SHV-172 | SHV-22 | SHV-241 | SHV-229 | SHV-26 | SHV-178 | SHV-7 | SHV-111 | SHV-228 | SHV-51 | SHV-96 | SHV-163 | SHV-62 | SHV-140 | SHV-197 | SHV-52 | SHV-226 | SHV-6 | SHV-167 | SHV-4 | SHV-127 | SHV-195 | SHV-72 | SHV-214 | SHV-145 | SHV-44 | SHV-24 | SHV-119 | SHV-76 | SHV-25 | SHV-2 | SHV-104 | SHV-235 | SHV-19 | SHV-244 | SHV-186 | SHV-94 | SHV-89 | SHV-194 | SHV-23 | SHV-243 | SHV-128 | SHV-187 | SHV-219 | SHV-234 | SHV-199 | SHV-109 | SHV-165 | SHV-133 | SHV-12 | SHV-155 | SHV-205 | SHV-57 | SHV-198 | SHV-9 | SHV-79 | SHV-43 | SHV-129 | SHV-122 | SHV-204 | SHV-213 | SHV-225 | SHV-28 | SHV-147 | SHV-157 | SHV-16 | SHV-2A | SHV-59 | SHV-33 | SHV-211 | SHV-14 | SHV-100 | SHV-208 | SHV-116 | SHV-69 | SHV-153 | SHV-5 | SHV-222 | SHV-171 | SHV-73 | SHV-81 | SHV-110 | SHV-13 | SHV-15 | SHV-83 | SHV-67 | SHV-156 | SHV-144 | SHV-41 | SHV-75 | SHV-221 | SHV-37 | SHV-31 | SHV-238 | SHV-49 | SHV-102 | SHV-202 | SHV-53 | SHV-85 | SHV-190 | SHV-182 | SHV-36 | SHV-46 | SHV-227 | SHV-239 | SHV-231 | SHV-106 | SHV-216 | SHV-35 | SHV-65 | SHV-8 | SHV-103 | SHV-212 | SHV-158 | SHV-98 | SHV-134 | SHV-196 | SHV-146 | SHV-21 | SHV-42 | SHV-152 | SHV-64 | SHV-99 | SHV-38 | SHV-78 | SHV-11 | SHV-168 | SHV-143 | SHV-55 | SHV-95 | SHV-245 | SHV-124 | SHV-159 | SHV-60 | SHV-32 | SHV-164 | SHV-160 | SHV-123 | SHV-188 | SHV-30 | SHV-150 | SHV-121 | SHV-217 | SHV-126 | SHV-84 | SHV-220 | SHV-71 | SHV-74 | SHV-125 | SHV-29 | SHV-61 | SHV-242 | SHV-203 | SHV-108 | SHV-237 | SHV-137 | SHV-224 | SHV-120 | SHV-154 | SHV-148 | SHV-230 | SHV-232 | SHV-20 | SHV-82 | SHV-206 | SHV-70 | SHV-233 | SHV-34 | SHV-180 | SHV-189 | SHV-18 | SHV-218 | SHV-27 | SHV-223 | SHV-151 | SHV-50 | SHV-115 | SHV-183 | SHV-201 | SHV-200 | SHV-77 | SHV-236 | SHV-107 | SHV-66 | SHV-105 | SHV-207 | SHV-193 | SHV-86 | SHV-40 | SHV-92 | SHV-45 | SHV-209 | SHV-240 | SHV-48 | SHV-1b-b | SHV-173 | SHV-191 | SHV-179 | SHV-3	cephalosporin;penicillin beta-lactam	antibiotic inactivation	0.0	0.0	0.0	0.0	0.0	0.0	0.0	0.0	0.0	0.0	0.0	0.0	0.0	0.0	0.0	0.0	0.0	0.0	0.0	0.0	0.0	0.0	0.0	0.0	0.0	0.0	0.0	0.0	0.0	0.0	0.0	0.0	0.0	384014.91	0.0	0.0
SHV beta-lactamase	multiple	SHV-211 | SHV-122 | SHV-227 | SHV-104 | SHV-244 | SHV-59 | SHV-33 | SHV-1 | SHV-193 | SHV-141 | SHV-14 | SHV-220 | SHV-102 | SHV-66 | SHV-116 | SHV-41 | SHV-115 | SHV-51 | SHV-121 | SHV-26 | SHV-188 | SHV-40 | OHIO-1 | SHV-43 | SHV-67 | SHV-11 | SHV-180 | SHV-69 | SHV-189 | SHV-25 | SHV-2 | SHV-137 | SHV-235 | SHV-231 | SHV-9 | SHV-210 | SHV-35 | SHV-238 | SHV-62 | SHV-79 | SHV-214 | SHV-124 | SHV-99 | SHV-217 | SHV-64 | SHV-78 | SHV-74 | SHV-230 | SHV-187 | SHV-149 | SHV-4 | SHV-142 | SHV-100 | SHV-215 | SHV-53 | SHV-154 | SHV-143 | SHV-46 | SHV-94 | SHV-50 | SHV-165 | SHV-57 | SHV-216 | SHV-198 | SHV-72 | SHV-207 | SHV-109 | SHV-163 | SHV-75 | SHV-200 | SHV-19 | SHV-206 | SHV-7 | SHV-129 | SHV-22 | SHV-63 | SHV-145 | SHV-152 | SHV-98 | SHV-105 | SHV-146 | SHV-65 | SHV-120 | SHV-86 | SHV-3 | SHV-18 | SHV-218 | SHV-242 | SHV-171 | SHV-56 | SHV-38 | SHV-236 | SHV-44 | SHV-119 | SHV-20 | SHV-76 | SHV-125 | SHV-155 | SHV-151 | SHV-28 | SHV-241 | SHV-234 | SHV-232 | SHV-164 | SHV-108 | SHV-223 | SHV-60 | SHV-197 | SHV-167 | SHV-222 | SHV-31 | SHV-5 | SHV-191 | SHV-161 | SHV-237 | SHV-228 | SHV-240 | SHV-140 | SHV-157 | SHV-89 | SHV-202 | SHV-182 | SHV-173 | SHV-80 | SHV-29 | SHV-183 | SHV-208 | SHV-110 | SHV-97 | SHV-190 | SHV-201 | SHV-199 | SHV-101 | SHV-21 | SHV-239 | SHV-34 | SHV-83 | SHV-107 | SHV-147 | SHV-103 | SHV-111 | SHV-55 | SHV-30 | SHV-23 | SHV-150 | SHV-178 | SHV-49 | SHV-148 | SHV-168 | SHV-126 | SHV-106 | SHV-194 | SHV-153 | SHV-213 | SHV-37 | SHV-160 | SHV-48 | SHV-233 | SHV-185 | SHV-77 | SHV-52 | SHV-15 | SHV-12 | SHV-1b-b | SHV-61 | SHV-84 | SHV-212 | SHV-2A | SHV-16 | SHV-144 | SHV-209 | SHV-204 | SHV-219 | SHV-179 | SHV-70 | SHV-13 | SHV-71 | SHV-45 | SHV-134 | SHV-85 | SHV-32 | SHV-135 | SHV-27 | SHV-133 | SHV-42 | SHV-127 | SHV-162 | SHV-92 | SHV-226 | SHV-82 | SHV-128 | SHV-73 | SHV-132 | SHV-172 | SHV-95 | SHV-8 | SHV-186 | SHV-221 | SHV-205 | SHV-225 | SHV-81 | SHV-158 | SHV-224 | SHV-196 | SHV-24 | SHV-195 | SHV-159 | SHV-243 | SHV-245 | SHV-229 | SHV-123 | SHV-96 | SHV-6 | SHV-36 | SHV-203	cephalosporin;penicillin beta-lactam | cephalosporin	antibiotic inactivation	0.0	0.0	0.0	0.0	0.0	0.0	0.0	0.0	0.0	0.0	0.0	0.0	0.0	0.0	0.0	0.0	0.0	0.0	0.0	0.0	0.0	0.0	0.0	0.0	0.0	0.0	0.0	0.0	0.0	0.0	0.0	0.0	287903.76	0.0	0.0	0.0
SHV beta-lactamase	multiple	SHV-217 | SHV-214 | SHV-230 | SHV-124 | SHV-56 | SHV-69 | SHV-33 | SHV-95 | SHV-107 | SHV-109 | SHV-155 | SHV-75 | SHV-62 | SHV-5 | SHV-195 | SHV-8 | SHV-128 | SHV-122 | SHV-228 | SHV-48 | SHV-150 | SHV-14 | SHV-2A | SHV-243 | SHV-63 | SHV-141 | SHV-190 | SHV-6 | SHV-96 | SHV-171 | SHV-23 | SHV-74 | SHV-242 | SHV-85 | SHV-29 | SHV-70 | SHV-20 | SHV-80 | SHV-13 | SHV-134 | SHV-219 | SHV-137 | SHV-144 | SHV-231 | SHV-51 | SHV-24 | SHV-79 | SHV-149 | SHV-226 | SHV-180 | SHV-237 | SHV-72 | SHV-86 | SHV-153 | SHV-208 | SHV-21 | SHV-4 | SHV-244 | SHV-236 | SHV-183 | SHV-151 | SHV-73 | SHV-89 | SHV-121 | SHV-125 | SHV-143 | SHV-154 | SHV-11 | SHV-31 | SHV-32 | SHV-197 | SHV-163 | SHV-196 | SHV-209 | SHV-82 | SHV-189 | SHV-55 | SHV-145 | SHV-46 | SHV-194 | SHV-211 | SHV-235 | SHV-101 | SHV-220 | SHV-71 | SHV-60 | SHV-84 | SHV-133 | SHV-227 | SHV-27 | SHV-172 | SHV-100 | SHV-26 | SHV-37 | SHV-2 | SHV-206 | SHV-168 | SHV-103 | SHV-25 | SHV-238 | SHV-148 | SHV-120 | SHV-188 | SHV-30 | SHV-98 | SHV-53 | SHV-76 | SHV-1 | SHV-18 | SHV-111 | SHV-104 | SHV-186 | SHV-119 | SHV-50 | SHV-99 | SHV-7 | SHV-106 | SHV-108 | SHV-41 | SHV-200 | SHV-129 | SHV-222 | SHV-110 | SHV-185 | SHV-28 | SHV-233 | SHV-232 | SHV-182 | SHV-40 | SHV-178 | SHV-44 | SHV-102 | SHV-142 | SHV-162 | SHV-225 | SHV-216 | SHV-19 | SHV-187 | SHV-159 | SHV-61 | SHV-57 | SHV-81 | SHV-105 | SHV-12 | SHV-221 | SHV-213 | SHV-126 | SHV-34 | SHV-83 | SHV-3 | SHV-161 | SHV-45 | SHV-199 | SHV-135 | SHV-205 | SHV-223 | SHV-97 | SHV-123 | SHV-22 | SHV-160 | SHV-94 | SHV-245 | SHV-38 | SHV-215 | SHV-165 | SHV-36 | SHV-198 | SHV-43 | SHV-207 | SHV-127	cephalosporin;penicillin beta-lactam	antibiotic inactivation	0.0	0.0	0.0	0.0	0.0	0.0	0.0	0.0	0.0	0.0	0.0	0.0	0.0	0.0	0.0	0.0	0.0	0.0	0.0	0.0	0.0	0.0	0.0	0.0	0.0	0.0	0.0	0.0	0.0	0.0	0.0	0.0	0.0	0.0	0.0	57711.97
SHV beta-lactamase	multiple	SHV-219 | SHV-105 | SHV-232 | SHV-60 | SHV-196 | SHV-111 | SHV-203 | SHV-191 | SHV-37 | SHV-183 | SHV-205 | SHV-32 | SHV-142 | SHV-110 | SHV-231 | SHV-238 | SHV-187 | SHV-103 | SHV-229 | SHV-215 | SHV-84 | SHV-85 | SHV-128 | SHV-56 | SHV-109 | SHV-195 | SHV-218 | SHV-206 | SHV-30 | SHV-80 | SHV-43 | SHV-172 | SHV-50 | SHV-21 | SHV-79 | SHV-233 | SHV-129 | SHV-225 | SHV-210 | SHV-116 | SHV-234 | SHV-126 | SHV-92 | SHV-123 | SHV-200 | SHV-162 | SHV-29 | SHV-19 | SHV-199 | SHV-115 | SHV-64 | SHV-211 | SHV-216 | SHV-155 | SHV-52 | SHV-240 | SHV-40 | SHV-134 | SHV-182 | SHV-148 | SHV-78 | SHV-99 | SHV-217 | SHV-83 | SHV-81 | SHV-194 | SHV-179 | SHV-25 | SHV-137 | SHV-14 | SHV-104 | SHV-147 | SHV-226 | SHV-107 | SHV-66 | SHV-1 | SHV-228 | SHV-44 | SHV-223 | SHV-8 | SHV-168 | SHV-82 | SHV-120 | SHV-7 | SHV-26 | SHV-6 | SHV-97 | SHV-96 | SHV-149 | SHV-222 | SHV-45 | SHV-20 | SHV-241 | SHV-188 | SHV-221 | SHV-143 | SHV-93 | SHV-198 | SHV-34 | SHV-235 | SHV-146 | SHV-51 | SHV-157 | SHV-212 | SHV-197 | SHV-124 | SHV-227 | SHV-11 | SHV-74 | SHV-173 | SHV-27 | SHV-22 | SHV-61 | SHV-121 | SHV-243 | SHV-41 | SHV-3 | SHV-59 | SHV-36 | SHV-1b-b | SHV-159 | SHV-122 | SHV-69 | SHV-75 | SHV-9 | SHV-35 | SHV-94 | SHV-185 | SHV-244 | SHV-15 | SHV-224 | SHV-178 | SHV-144 | SHV-70 | SHV-161 | SHV-2A | SHV-151 | SHV-119 | SHV-135 | SHV-141 | SHV-38 | SHV-209 | SHV-101 | SHV-190 | SHV-153 | SHV-76 | SHV-46 | SHV-23 | SHV-158 | SHV-171 | SHV-106 | SHV-72 | SHV-4 | SHV-242 | SHV-31 | SHV-237 | SHV-213 | SHV-55 | SHV-156 | SHV-239 | SHV-42 | SHV-86 | SHV-152 | SHV-140 | SHV-65 | SHV-24 | SHV-2 | SHV-102 | SHV-154 | SHV-207 | SHV-220 | SHV-12 | SHV-245 | SHV-165 | SHV-48 | SHV-67 | SHV-16 | SHV-28 | SHV-160 | SHV-62 | SHV-164 | SHV-57 | SHV-133 | SHV-150 | SHV-13 | SHV-89 | SHV-167 | SHV-202 | SHV-204 | SHV-127 | SHV-71 | SHV-214 | SHV-201 | SHV-5 | SHV-180 | SHV-186 | SHV-33 | SHV-63 | SHV-53 | SHV-125 | SHV-98 | SHV-193 | SHV-189 | SHV-49 | SHV-208 | SHV-95 | SHV-100 | SHV-18 | SHV-163 | SHV-73 | SHV-230 | SHV-108 | SHV-77 | SHV-132 | SHV-236 | SHV-145	cephalosporin;penicillin beta-lactam	antibiotic inactivation	0.0	0.0	0.0	0.0	0.0	517676.78	0.0	0.0	0.0	0.0	0.0	0.0	0.0	0.0	0.0	0.0	0.0	0.0	0.0	0.0	0.0	0.0	0.0	0.0	0.0	0.0	0.0	0.0	0.0	0.0	0.0	0.0	0.0	0.0	0.0	0.0
SHV beta-lactamase	multiple	SHV-245 | SHV-224 | SHV-7 | SHV-100 | SHV-218 | SHV-13 | SHV-42 | SHV-89 | SHV-141 | SHV-74 | SHV-155 | SHV-165 | SHV-2 | SHV-29 | SHV-25 | SHV-81 | SHV-80 | SHV-164 | SHV-121 | SHV-63 | SHV-106 | SHV-226 | SHV-205 | SHV-146 | SHV-188 | SHV-83 | SHV-208 | SHV-167 | SHV-84 | SHV-78 | SHV-14 | SHV-36 | SHV-41 | SHV-154 | SHV-96 | SHV-212 | SHV-120 | SHV-99 | SHV-2A | SHV-116 | SHV-72 | SHV-149 | SHV-210 | SHV-172 | SHV-185 | SHV-82 | SHV-161 | SHV-232 | SHV-18 | SHV-59 | SHV-162 | SHV-147 | SHV-198 | SHV-56 | SHV-105 | SHV-107 | SHV-233 | SHV-156 | SHV-33 | SHV-70 | SHV-55 | SHV-34 | SHV-103 | SHV-3 | SHV-211 | SHV-1b-b | SHV-79 | SHV-157 | SHV-140 | SHV-94 | SHV-179 | SHV-28 | SHV-195 | SHV-238 | SHV-102 | SHV-11 | SHV-236 | SHV-217 | SHV-35 | SHV-128 | SHV-189 | SHV-73 | SHV-152 | SHV-240 | SHV-178 | SHV-129 | SHV-38 | SHV-12 | SHV-137 | SHV-206 | SHV-92 | SHV-101 | SHV-203 | SHV-133 | SHV-168 | SHV-199 | SHV-228 | SHV-77 | SHV-123 | SHV-69 | SHV-142 | SHV-108 | SHV-190 | SHV-75 | SHV-44 | SHV-150 | SHV-171 | SHV-86 | SHV-148 | SHV-85 | SHV-122 | SHV-15 | SHV-193 | SHV-49 | SHV-111 | SHV-225 | SHV-115 | SHV-241 | SHV-231 | SHV-125 | SHV-52 | SHV-229 | SHV-145 | SHV-153 | SHV-158 | SHV-30 | SHV-213 | SHV-40 | SHV-71 | SHV-4 | SHV-132 | SHV-163 | SHV-196 | SHV-204 | SHV-214 | SHV-65 | SHV-5 | SHV-159 | SHV-67 | SHV-144 | SHV-202 | SHV-127 | SHV-66 | SHV-209 | SHV-160 | SHV-201 | SHV-207 | SHV-222 | SHV-31 | SHV-244 | SHV-124 | SHV-1 | SHV-173 | SHV-98 | SHV-151 | SHV-64 | SHV-182 | SHV-230 | SHV-219 | SHV-61 | SHV-76 | SHV-187 | SHV-48 | SHV-19 | SHV-126	cephalosporin;penicillin beta-lactam	antibiotic inactivation	0.0	0.0	0.0	0.0	0.0	0.0	0.0	0.0	0.0	0.0	0.0	0.0	0.0	0.0	0.0	0.0	0.0	0.0	0.0	0.0	0.0	0.0	0.0	0.0	0.0	0.0	0.0	0.0	84605.01	0.0	0.0	0.0	0.0	0.0	0.0	0.0
SHV beta-lactamase	multiple	SHV-26 | SHV-160 | SHV-29 | SHV-244 | SHV-185 | SHV-124 | SHV-189 | SHV-103 | SHV-2 | SHV-128 | SHV-89 | SHV-53 | SHV-95 | SHV-206 | SHV-245 | SHV-96 | SHV-186 | SHV-198 | SHV-183 | SHV-63 | SHV-20 | SHV-12 | SHV-148 | SHV-49 | SHV-144 | SHV-108 | SHV-78 | SHV-195 | SHV-44 | SHV-151 | SHV-237 | SHV-143 | SHV-126 | SHV-46 | SHV-65 | SHV-52 | SHV-76 | SHV-122 | SHV-40 | SHV-56 | SHV-199 | SHV-196 | SHV-73 | SHV-34 | SHV-2A | SHV-228 | SHV-194 | SHV-38 | SHV-36 | SHV-85 | SHV-9 | SHV-209 | SHV-30 | SHV-231 | SHV-125 | SHV-105 | SHV-178 | SHV-180 | SHV-127 | SHV-145 | SHV-154 | SHV-22 | SHV-23 | SHV-211 | SHV-66 | SHV-142 | SHV-42 | SHV-215 | SHV-80 | SHV-213 | SHV-50 | SHV-92 | SHV-119 | SHV-21 | SHV-168 | SHV-86 | SHV-111 | SHV-82 | SHV-187 | SHV-98 | SHV-7 | SHV-83 | SHV-84 | SHV-72 | SHV-4 | SHV-149 | SHV-37 | SHV-97 | SHV-24 | SHV-163 | SHV-190 | SHV-5 | SHV-236 | SHV-116 | SHV-133 | SHV-3 | SHV-222 | SHV-197 | SHV-241 | SHV-60 | SHV-226 | SHV-115 | SHV-240 | SHV-161 | SHV-8 | SHV-200 | SHV-238 | SHV-162 | SHV-25 | SHV-31 | SHV-121 | SHV-109 | SHV-104 | SHV-19 | SHV-225 | SHV-61 | SHV-217 | SHV-155 | SHV-57 | SHV-123 | SHV-79 | SHV-232 | SHV-132 | SHV-101 | SHV-233 | SHV-220 | SHV-165 | SHV-33 | SHV-13 | SHV-1 | SHV-59 | SHV-188 | SHV-146 | SHV-164 | SHV-102 | SHV-129 | SHV-150 | SHV-221 | SHV-134 | SHV-172 | SHV-230 | SHV-179 | SHV-153 | SHV-18 | SHV-141 | SHV-120 | SHV-70 | SHV-147 | SHV-14 | SHV-135 | SHV-1b-b | SHV-48	cephalosporin;penicillin beta-lactam	antibiotic inactivation	0.0	0.0	0.0	0.0	0.0	0.0	0.0	0.0	0.0	0.0	0.0	0.0	0.0	0.0	0.0	0.0	0.0	0.0	0.0	0.0	0.0	0.0	0.0	0.0	58358.14	0.0	0.0	0.0	0.0	0.0	0.0	0.0	0.0	0.0	0.0	0.0
SHV beta-lactamase	multiple	SHV-36 | SHV-124 | SHV-163 | SHV-245 | SHV-30 | SHV-4 | SHV-233 | SHV-193 | SHV-93 | SHV-178 | SHV-84 | SHV-57 | SHV-149 | SHV-12 | SHV-179 | SHV-9 | SHV-64 | SHV-220 | SHV-241 | SHV-1 | SHV-189 | SHV-109 | SHV-125 | SHV-196 | SHV-2A | SHV-48 | SHV-2 | SHV-85 | SHV-3 | SHV-111 | SHV-168 | SHV-50 | SHV-32 | SHV-99 | SHV-41 | SHV-165 | SHV-207 | SHV-82 | SHV-182 | SHV-43 | SHV-70 | SHV-236 | SHV-116 | SHV-89 | SHV-65 | SHV-16 | SHV-143 | SHV-104 | SHV-19 | SHV-45 | SHV-96 | SHV-160 | SHV-146 | SHV-223 | SHV-26 | SHV-212 | SHV-226 | SHV-188 | SHV-217 | SHV-234 | SHV-126 | SHV-147 | SHV-31 | SHV-194 | SHV-92 | SHV-228 | SHV-21 | SHV-67 | SHV-229 | SHV-172 | SHV-156 | SHV-35 | SHV-61 | SHV-213 | SHV-7 | SHV-191 | SHV-81 | SHV-190 | SHV-200 | SHV-218 | SHV-203 | SHV-158 | SHV-164 | SHV-144 | SHV-72 | SHV-46 | SHV-105 | SHV-97 | SHV-102 | SHV-122 | SHV-232 | SHV-238 | SHV-71 | SHV-115 | SHV-42 | SHV-216 | SHV-171 | SHV-103 | SHV-107 | SHV-73 | SHV-187 | SHV-86 | SHV-137 | SHV-161 | SHV-197 | SHV-20 | SHV-145 | SHV-29 | SHV-186 | SHV-83 | SHV-121 | SHV-135 | SHV-150 | SHV-63 | SHV-33 | SHV-27 | SHV-75 | SHV-40 | SHV-202 | SHV-219 | SHV-167 | SHV-242 | SHV-235 | SHV-215 | SHV-222 | SHV-148 | SHV-240 | SHV-210 | SHV-237 | SHV-56 | SHV-151 | SHV-127 | SHV-13 | SHV-153 | SHV-24 | SHV-11 | SHV-28 | SHV-110 | SHV-34 | SHV-108 | SHV-120 | SHV-37 | SHV-119 | SHV-208 | SHV-132 | SHV-101 | SHV-77 | SHV-159 | SHV-52 | SHV-199 | SHV-22 | SHV-180 | SHV-134 | SHV-141 | SHV-5 | SHV-230 | SHV-205 | SHV-59 | SHV-206 | SHV-221 | SHV-14 | SHV-231 | SHV-183 | SHV-8 | SHV-214 | SHV-133 | SHV-80 | SHV-55 | SHV-66 | SHV-1b-b | SHV-79 | SHV-157 | SHV-78 | SHV-224 | SHV-6 | SHV-129 | SHV-25 | SHV-173 | SHV-185 | SHV-53 | SHV-106 | SHV-142 | SHV-18 | SHV-154 | SHV-15 | SHV-239 | SHV-74 | SHV-225 | SHV-155 | SHV-69 | SHV-49 | SHV-38 | SHV-23 | SHV-201 | SHV-95 | SHV-62 | SHV-244 | SHV-195 | SHV-209 | SHV-51 | SHV-94 | SHV-211 | SHV-204 | SHV-98 | SHV-198 | SHV-60 | SHV-227 | SHV-100 | SHV-76 | SHV-243 | SHV-152 | SHV-123 | SHV-140 | SHV-128 | SHV-44 | SHV-162	cephalosporin;penicillin beta-lactam	antibiotic inactivation	0.0	0.0	0.0	0.0	0.0	0.0	0.0	0.0	0.0	0.0	0.0	0.0	0.0	0.0	358406.34	0.0	0.0	0.0	0.0	0.0	0.0	0.0	0.0	0.0	0.0	0.0	0.0	0.0	0.0	0.0	0.0	0.0	0.0	0.0	0.0	0.0
SHV beta-lactamase	multiple	SHV-38 | SHV-83 | SHV-32 | SHV-14 | SHV-123 | SHV-75 | SHV-97 | SHV-143 | SHV-157 | SHV-141 | SHV-57 | SHV-64 | SHV-155 | SHV-121 | SHV-224 | SHV-173 | SHV-168 | SHV-25 | SHV-35 | SHV-43 | SHV-142 | SHV-220 | SHV-134 | SHV-162 | SHV-11 | SHV-6 | SHV-147 | SHV-231 | SHV-59 | SHV-187 | SHV-210 | SHV-214 | SHV-102 | SHV-230 | SHV-235 | SHV-80 | SHV-74 | SHV-167 | SHV-154 | SHV-61 | SHV-156 | SHV-129 | SHV-51 | SHV-9 | SHV-24 | SHV-225 | SHV-195 | SHV-100 | SHV-109 | SHV-4 | SHV-34 | SHV-205 | SHV-227 | SHV-8 | SHV-73 | SHV-158 | SHV-144 | SHV-23 | SHV-81 | SHV-226 | SHV-22 | SHV-161 | SHV-67 | SHV-243 | SHV-108 | SHV-185 | SHV-85 | SHV-2A | SHV-202 | SHV-98 | SHV-228 | SHV-152 | SHV-46 | SHV-213 | SHV-29 | SHV-208 | SHV-217 | SHV-26 | SHV-52 | SHV-196 | SHV-7 | SHV-116 | SHV-101 | SHV-191 | SHV-104 | SHV-60 | SHV-89 | SHV-223 | SHV-63 | SHV-188 | SHV-65 | SHV-145 | SHV-78 | SHV-201 | SHV-1b-b | SHV-115 | SHV-148 | SHV-222 | SHV-33 | SHV-72 | SHV-70 | SHV-106 | SHV-198 | SHV-211 | SHV-229 | SHV-189 | SHV-124 | SHV-241 | SHV-49 | SHV-31 | SHV-21 | SHV-41 | SHV-234 | SHV-163 | SHV-239 | SHV-190 | SHV-77 | SHV-79 | SHV-40 | SHV-42 | SHV-194 | SHV-5 | SHV-69 | SHV-86 | OHIO-1 | SHV-107 | SHV-62 | SHV-237 | SHV-219 | SHV-244 | SHV-20 | SHV-215 | SHV-111 | SHV-221 | SHV-53 | SHV-103 | SHV-132 | SHV-120 | SHV-3 | SHV-178 | SHV-232 | SHV-71 | SHV-128 | SHV-82 | SHV-199 | SHV-19 | SHV-37 | SHV-28 | SHV-92 | SHV-160 | SHV-15 | SHV-95 | SHV-206 | SHV-30 | SHV-137 | SHV-76 | SHV-207 | SHV-197 | SHV-135 | SHV-245 | SHV-209 | SHV-165 | SHV-56 | SHV-105 | SHV-146 | SHV-96 | SHV-186 | SHV-172 | SHV-182 | SHV-44 | SHV-110 | SHV-126 | SHV-242 | SHV-179 | SHV-127 | SHV-216 | SHV-12 | SHV-122 | SHV-151 | SHV-27 | SHV-2 | SHV-1 | SHV-200 | SHV-119 | SHV-55 | SHV-212 | SHV-183 | SHV-233 | SHV-36 | SHV-66 | SHV-193 | SHV-16 | SHV-48 | SHV-204 | SHV-150 | SHV-140 | SHV-164 | SHV-45 | SHV-18 | SHV-238 | SHV-171 | SHV-99 | SHV-149 | SHV-84 | SHV-180 | SHV-133 | SHV-159 | SHV-153 | SHV-50 | SHV-13 | SHV-218 | SHV-236 | SHV-203 | SHV-125 | SHV-240	cephalosporin;penicillin beta-lactam | cephalosporin	antibiotic inactivation	0.0	0.0	0.0	0.0	0.0	0.0	0.0	0.0	0.0	0.0	0.0	0.0	0.0	0.0	0.0	0.0	0.0	0.0	608213.8	0.0	0.0	0.0	0.0	0.0	0.0	0.0	0.0	0.0	0.0	0.0	0.0	0.0	0.0	0.0	0.0	0.0
SHV beta-lactamase	multiple	SHV-44 | SHV-241 | SHV-50 | SHV-126 | SHV-243 | SHV-213 | SHV-59 | SHV-24 | SHV-194 | SHV-208 | SHV-154 | SHV-1 | SHV-207 | SHV-41 | SHV-64 | SHV-151 | SHV-22 | SHV-143 | SHV-3 | SHV-227 | SHV-218 | SHV-235 | SHV-78 | SHV-209 | SHV-6 | SHV-189 | SHV-116 | SHV-222 | SHV-210 | SHV-107 | SHV-102 | SHV-237 | SHV-98 | SHV-52 | SHV-89 | SHV-104 | SHV-239 | SHV-85 | SHV-36 | SHV-35 | SHV-74 | SHV-37 | SHV-220 | SHV-159 | SHV-86 | SHV-63 | SHV-125 | SHV-99 | SHV-40 | SHV-5 | SHV-15 | SHV-155 | SHV-31 | SHV-127 | SHV-150 | SHV-26 | SHV-185 | SHV-122 | SHV-200 | SHV-1b-b | SHV-57 | SHV-157 | SHV-144 | SHV-43 | SHV-42 | SHV-244 | SHV-203 | SHV-193 | SHV-195 | SHV-162 | SHV-96 | SHV-103 | SHV-2 | SHV-167 | SHV-106 | SHV-56 | SHV-29 | SHV-171 | SHV-212 | SHV-215 | SHV-33 | SHV-32 | SHV-45 | SHV-105 | SHV-153 | SHV-245 | SHV-187 | SHV-13 | SHV-163 | SHV-71 | SHV-172 | SHV-132 | SHV-202 | SHV-14 | SHV-197 | SHV-46 | SHV-97 | SHV-38 | SHV-11 | SHV-211 | SHV-69 | SHV-110 | SHV-28 | SHV-84 | SHV-49 | SHV-121 | SHV-164 | SHV-111 | SHV-2A | SHV-82 | SHV-19 | SHV-100 | SHV-191 | SHV-9 | SHV-79 | SHV-30 | SHV-205 | SHV-7 | SHV-95 | SHV-66 | SHV-182 | SHV-108 | SHV-129 | SHV-120 | SHV-149 | SHV-206 | SHV-23 | SHV-80 | SHV-173 | SHV-231 | SHV-168 | SHV-186 | SHV-140 | SHV-225 | SHV-81 | SHV-190 | SHV-48 | SHV-8 | SHV-142 | SHV-234 | SHV-133 | SHV-165 | SHV-188 | SHV-12 | SHV-51 | SHV-240 | SHV-229 | SHV-198 | SHV-178 | SHV-180 | SHV-76 | SHV-72 | SHV-233 | SHV-216 | SHV-183 | SHV-73 | SHV-223 | SHV-119 | SHV-199 | SHV-65 | SHV-83 | SHV-25 | SHV-156 | SHV-92 | SHV-4 | SHV-18 | SHV-147 | SHV-16 | SHV-219 | SHV-196 | SHV-27 | SHV-115 | SHV-145 | SHV-238 | SHV-201 | SHV-230 | SHV-75 | SHV-67 | SHV-101 | SHV-236 | SHV-232 | SHV-128 | SHV-161 | SHV-146 | SHV-242 | SHV-141 | SHV-228 | SHV-226 | SHV-137 | SHV-214 | SHV-204 | SHV-34 | SHV-124 | SHV-152 | SHV-123 | SHV-217 | SHV-224 | SHV-158 | SHV-55 | SHV-134 | SHV-179 | SHV-148 | SHV-70 | SHV-77 | SHV-160 | SHV-61	cephalosporin;penicillin beta-lactam	antibiotic inactivation	0.0	0.0	0.0	0.0	0.0	0.0	0.0	0.0	0.0	0.0	0.0	0.0	0.0	0.0	0.0	0.0	0.0	0.0	0.0	0.0	0.0	378565.48	0.0	0.0	0.0	0.0	0.0	0.0	0.0	0.0	0.0	0.0	0.0	0.0	0.0	0.0
SHV beta-lactamase	multiple	SHV-61 | SHV-29 | SHV-121 | SHV-185 | SHV-187 | SHV-226 | SHV-171 | SHV-99 | SHV-240 | SHV-221 | SHV-103 | SHV-109 | SHV-196 | SHV-245 | SHV-188 | SHV-40 | SHV-34 | SHV-14 | SHV-198 | SHV-146 | SHV-182 | SHV-102 | SHV-7 | SHV-208 | SHV-124 | SHV-86 | SHV-193 | SHV-35 | SHV-144 | SHV-69 | SHV-42 | SHV-178 | SHV-210 | SHV-231 | SHV-155 | SHV-2A | SHV-101 | SHV-241 | SHV-3 | SHV-230 | SHV-83 | SHV-128 | SHV-75 | SHV-33 | SHV-202 | SHV-5 | SHV-65 | SHV-133 | OHIO-1 | SHV-120 | SHV-161 | SHV-129 | SHV-111 | SHV-173 | SHV-228 | SHV-64 | SHV-66 | SHV-106 | SHV-195 | SHV-158 | SHV-148 | SHV-18 | SHV-224 | SHV-25 | SHV-165 | SHV-67 | SHV-105 | SHV-189 | SHV-89 | SHV-1b-b | SHV-48 | SHV-30 | SHV-38 | SHV-98 | SHV-206 | SHV-126 | SHV-233 | SHV-107 | SHV-44 | SHV-1 | SHV-219 | SHV-215 | SHV-159 | SHV-162 | SHV-244 | SHV-141 | SHV-145 | SHV-214 | SHV-160 | SHV-11 | SHV-12 | SHV-151 | SHV-132 | SHV-74 | SHV-85 | SHV-104 | SHV-197 | SHV-190 | SHV-229 | SHV-142 | SHV-77 | SHV-194 | SHV-164 | SHV-168 | SHV-115 | SHV-140 | SHV-49 | SHV-207 | SHV-28 | SHV-225 | SHV-123 | SHV-116 | SHV-46 | SHV-147 | SHV-82 | SHV-2 | SHV-152 | SHV-127 | SHV-238 | SHV-76 | SHV-172 | SHV-56 | SHV-220 | SHV-213 | SHV-73 | SHV-31 | SHV-53 | SHV-72 | SHV-205 | SHV-84 | SHV-211 | SHV-212 | SHV-36 | SHV-55 | SHV-153 | SHV-199 | SHV-71 | SHV-150 | SHV-100 | SHV-179 | SHV-163 | SHV-217 | SHV-4 | SHV-203 | SHV-15 | SHV-13 | SHV-78 | SHV-59 | SHV-201 | SHV-154 | SHV-125	cephalosporin;penicillin beta-lactam | cephalosporin	antibiotic inactivation	0.0	0.0	0.0	0.0	0.0	0.0	0.0	0.0	0.0	0.0	0.0	0.0	0.0	0.0	0.0	0.0	0.0	0.0	0.0	0.0	0.0	0.0	0.0	0.0	0.0	0.0	0.0	96923.96	0.0	0.0	0.0	0.0	0.0	0.0	0.0	0.0
SHV beta-lactamase	multiple	SHV-77 | SHV-222 | SHV-173 | SHV-237 | SHV-178 | SHV-203 | SHV-122 | SHV-145 | SHV-153 | SHV-30 | SHV-137 | SHV-195 | SHV-242 | SHV-147 | SHV-120 | SHV-70 | SHV-1 | SHV-31 | SHV-204 | SHV-188 | SHV-92 | SHV-84 | SHV-234 | SHV-179 | SHV-231 | SHV-214 | SHV-124 | SHV-206 | SHV-20 | SHV-7 | SHV-119 | SHV-148 | SHV-116 | SHV-146 | SHV-99 | SHV-151 | SHV-190 | SHV-132 | SHV-140 | SHV-236 | SHV-198 | SHV-193 | SHV-167 | SHV-57 | SHV-129 | SHV-226 | SHV-96 | SHV-125 | SHV-5 | SHV-157 | SHV-65 | SHV-83 | SHV-244 | SHV-73 | SHV-25 | SHV-75 | SHV-18 | SHV-218 | SHV-201 | SHV-27 | SHV-219 | SHV-209 | SHV-21 | SHV-158 | SHV-102 | SHV-69 | SHV-42 | SHV-128 | SHV-152 | SHV-162 | SHV-189 | SHV-110 | SHV-78 | SHV-89 | SHV-66 | SHV-86 | SHV-71 | SHV-56 | SHV-172 | SHV-103 | SHV-4 | SHV-80 | SHV-85 | SHV-185 | SHV-144 | SHV-156 | SHV-74 | SHV-61 | SHV-111 | SHV-229 | SHV-11 | SHV-126 | SHV-239 | SHV-216 | SHV-37 | SHV-149 | SHV-217 | SHV-49 | SHV-48 | SHV-213 | SHV-105 | SHV-196 | SHV-207 | SHV-41 | SHV-22 | SHV-165 | SHV-150 | SHV-224 | SHV-238 | SHV-187 | SHV-40 | SHV-168 | SHV-160 | SHV-228 | SHV-19 | SHV-34 | SHV-94 | SHV-35 | SHV-245 | SHV-230 | SHV-142 | SHV-13 | SHV-143 | SHV-14 | SHV-225 | SHV-51 | SHV-200 | SHV-115 | SHV-2 | SHV-134 | SHV-36 | SHV-232 | SHV-107 | SHV-127 | SHV-123 | SHV-33 | SHV-97 | SHV-98 | SHV-108 | SHV-93 | SHV-161 | SHV-202 | SHV-32 | SHV-59 | SHV-182 | SHV-79 | SHV-235 | SHV-63 | SHV-12 | SHV-154 | SHV-211 | SHV-8 | SHV-155 | SHV-82 | SHV-67 | SHV-45 | SHV-1b-b | SHV-121 | SHV-16 | SHV-240 | SHV-52 | SHV-29 | SHV-72 | SHV-38 | SHV-163 | SHV-191 | SHV-15 | SHV-81 | SHV-141 | SHV-233	cephalosporin;penicillin beta-lactam	antibiotic inactivation	0.0	0.0	0.0	0.0	0.0	0.0	0.0	0.0	0.0	0.0	0.0	0.0	149387.62	0.0	0.0	0.0	0.0	0.0	0.0	0.0	0.0	0.0	0.0	0.0	0.0	0.0	0.0	0.0	0.0	0.0	0.0	0.0	0.0	0.0	0.0	0.0
SHV beta-lactamase	multiple	SHV-78 | SHV-103 | SHV-205 | SHV-56 | SHV-106 | SHV-71 | SHV-45 | SHV-242 | SHV-95 | SHV-62 | SHV-183 | SHV-241 | SHV-163 | SHV-63 | SHV-105 | SHV-43 | SHV-245 | SHV-143 | SHV-104 | SHV-225 | SHV-81 | SHV-69 | SHV-234 | SHV-18 | SHV-191 | SHV-129 | SHV-132 | SHV-124 | SHV-83 | SHV-116 | SHV-11 | SHV-190 | SHV-157 | SHV-31 | SHV-2A | SHV-2 | SHV-159 | SHV-148 | SHV-60 | SHV-217 | SHV-164 | SHV-226 | SHV-34 | SHV-75 | SHV-41 | SHV-146 | SHV-206 | SHV-213 | SHV-187 | SHV-48 | SHV-173 | SHV-82 | SHV-53 | SHV-204 | SHV-84 | SHV-72 | SHV-38 | SHV-232 | SHV-110 | SHV-126 | SHV-51 | SHV-188 | SHV-149 | SHV-221 | SHV-107 | SHV-92 | SHV-141 | SHV-182 | SHV-224 | SHV-20 | SHV-93 | SHV-79 | SHV-144 | SHV-134 | SHV-202 | SHV-12 | SHV-180 | SHV-22 | SHV-244 | SHV-1b-b | SHV-98 | SHV-85 | SHV-239 | SHV-229 | SHV-203 | SHV-145 | SHV-122 | SHV-207 | SHV-65 | SHV-219 | SHV-96 | SHV-165 | SHV-89 | SHV-21 | SHV-9 | SHV-186 | SHV-77 | SHV-153 | SHV-37 | SHV-214 | SHV-230 | SHV-238 | SHV-33 | SHV-3 | SHV-167 | SHV-211 | SHV-155 | SHV-178 | SHV-137 | SHV-99 | SHV-8 | SHV-142 | SHV-152 | SHV-220 | SHV-61 | SHV-218 | SHV-125 | SHV-19 | SHV-6 | SHV-32 | SHV-26 | SHV-59 | SHV-86 | SHV-150 | SHV-42 | SHV-66 | SHV-185 | SHV-24 | SHV-135 | SHV-162 | SHV-120 | SHV-236 | SHV-97 | SHV-44 | SHV-52 | SHV-198 | SHV-35 | SHV-4 | SHV-197 | SHV-15 | SHV-158 | SHV-30 | SHV-123 | SHV-100 | SHV-14 | SHV-46 | SHV-64 | SHV-154 | SHV-73 | SHV-111 | SHV-195 | SHV-172 | SHV-1 | SHV-208 | SHV-237 | SHV-115 | SHV-189 | SHV-55 | SHV-147 | SHV-231 | SHV-199 | SHV-102 | SHV-140 | SHV-216 | SHV-70 | SHV-227 | SHV-194 | SHV-209 | SHV-94 | SHV-160 | SHV-5 | SHV-109 | SHV-161 | SHV-171 | SHV-40 | SHV-228 | SHV-80 | SHV-196 | SHV-67 | SHV-212 | SHV-25 | SHV-133 | SHV-76 | SHV-222 | SHV-223 | SHV-108 | SHV-193 | SHV-235 | SHV-127 | SHV-201 | SHV-179 | SHV-49 | SHV-16 | SHV-215 | SHV-57 | SHV-121 | SHV-156 | SHV-29 | SHV-13 | SHV-200 | SHV-36 | SHV-50 | SHV-101 | SHV-151 | SHV-210 | SHV-7 | SHV-27 | SHV-168 | SHV-240 | SHV-74 | SHV-28 | SHV-233 | SHV-128 | SHV-119 | SHV-23 | SHV-243	cephalosporin;penicillin beta-lactam	antibiotic inactivation	0.0	0.0	0.0	0.0	0.0	0.0	0.0	0.0	0.0	0.0	0.0	0.0	0.0	0.0	0.0	0.0	0.0	0.0	0.0	0.0	0.0	0.0	0.0	0.0	0.0	0.0	1201100.55	0.0	0.0	0.0	0.0	0.0	0.0	0.0	0.0	0.0
SHV beta-lactamase	multiple	SHV-82 | SHV-23 | SHV-152 | SHV-241 | SHV-76 | SHV-218 | SHV-21 | SHV-121 | SHV-103 | SHV-180 | SHV-149 | SHV-27 | SHV-219 | SHV-196 | SHV-19 | SHV-222 | SHV-79 | SHV-78 | SHV-201 | SHV-229 | SHV-16 | SHV-243 | SHV-110 | SHV-15 | SHV-151 | SHV-50 | SHV-162 | SHV-213 | SHV-51 | SHV-18 | SHV-25 | SHV-134 | SHV-63 | SHV-172 | SHV-156 | SHV-242 | SHV-41 | SHV-30 | SHV-2A | SHV-208 | SHV-1b-b | SHV-49 | SHV-209 | SHV-234 | SHV-167 | SHV-11 | SHV-36 | SHV-122 | SHV-232 | SHV-237 | SHV-128 | SHV-147 | SHV-193 | SHV-6 | AAK-1 | SHV-141 | SHV-98 | SHV-92 | SHV-164 | SHV-38 | SHV-115 | SHV-57 | SHV-12 | SHV-163 | SHV-102 | SHV-72 | SHV-204 | SHV-104 | SHV-60 | SHV-194 | SHV-189 | SHV-244 | SHV-190 | SHV-238 | SHV-223 | SHV-150 | SHV-215 | SHV-132 | SHV-116 | SHV-85 | SHV-127 | SHV-161 | SHV-84 | SHV-137 | SHV-148 | SHV-24 | SHV-119 | SHV-188 | SHV-13 | SHV-7 | SHV-186 | SHV-73 | SHV-4 | SHV-3 | SHV-44 | SHV-210 | SHV-46 | SHV-2 | SHV-165 | SHV-9 | SHV-89 | SHV-26 | SHV-1 | SHV-153 | SHV-123 | SHV-158 | SHV-179 | SHV-8 | SHV-126 | SHV-236 | SHV-108 | SHV-35 | SHV-221 | SHV-211 | SHV-66 | SHV-230 | SHV-45 | SHV-140 | SHV-226 | SHV-42 | SHV-56 | SHV-37 | SHV-185 | SHV-146 | SHV-157 | SHV-142 | SHV-53 | SHV-182 | SHV-32 | SHV-67 | SHV-228 | SHV-214 | SHV-183 | SHV-86 | SHV-75 | SHV-199 | SHV-200 | SHV-143 | SHV-101 | SHV-34 | SHV-52 | SHV-203 | SHV-61 | SHV-59 | SHV-74 | SHV-106 | SHV-178 | SHV-191 | SHV-120 | SHV-206 | SHV-129 | SHV-245 | SHV-105 | SHV-65 | SHV-43 | SHV-239 | SHV-71 | SHV-31 | SHV-125 | SHV-173 | SHV-197 | SHV-224 | SHV-144 | SHV-107 | SHV-217 | SHV-99 | SHV-5 | SHV-64 | SHV-155 | SHV-20 | SHV-195 | SHV-160 | SHV-69 | SHV-198 | SHV-227 | SHV-216 | SHV-135 | SHV-225 | SHV-70 | SHV-124 | SHV-29 | SHV-212 | SHV-233 | SHV-96 | SHV-22 | SHV-97 | SHV-145 | SHV-111 | SHV-202 | SHV-231 | SHV-207 | SHV-168 | SHV-81 | SHV-14 | SHV-187 | SHV-40 | SHV-109 | SHV-220 | SHV-95 | SHV-33 | SHV-154 | SHV-80 | SHV-240 | SHV-77 | SHV-83 | SHV-48 | SHV-235 | SHV-133	cephalosporin;penicillin beta-lactam | carbapenem	antibiotic inactivation	0.0	0.0	0.0	0.0	0.0	0.0	0.0	0.0	0.0	237778.28	0.0	0.0	0.0	0.0	0.0	0.0	0.0	0.0	0.0	0.0	0.0	0.0	0.0	0.0	0.0	0.0	0.0	0.0	0.0	0.0	0.0	0.0	0.0	0.0	0.0	0.0
SHV beta-lactamase	multiple	SHV-96 | SHV-125 | SHV-100 | SHV-21 | SHV-107 | SHV-56 | SHV-156 | SHV-143 | SHV-241 | SHV-178 | SHV-167 | SHV-13 | SHV-12 | SHV-161 | SHV-18 | SHV-7 | SHV-89 | SHV-216 | SHV-1 | SHV-150 | SHV-159 | SHV-76 | SHV-78 | SHV-244 | SHV-40 | SHV-67 | SHV-134 | SHV-240 | SHV-106 | SHV-137 | SHV-194 | SHV-80 | SHV-163 | SHV-226 | SHV-154 | SHV-147 | SHV-42 | SHV-195 | SHV-108 | SHV-44 | SHV-116 | SHV-230 | SHV-214 | SHV-25 | SHV-14 | SHV-238 | SHV-36 | SHV-187 | SHV-133 | SHV-50 | SHV-27 | SHV-190 | SHV-203 | SHV-5 | SHV-22 | SHV-233 | SHV-201 | SHV-29 | SHV-227 | SHV-229 | SHV-206 | SHV-59 | SHV-51 | SHV-41 | SHV-191 | SHV-129 | SHV-19 | SHV-220 | SHV-49 | SHV-232 | SHV-124 | SHV-86 | SHV-94 | SHV-158 | SHV-212 | SHV-235 | SHV-208 | SHV-65 | SHV-53 | SHV-193 | SHV-172 | SHV-186 | SHV-245 | SHV-135 | SHV-132 | SHV-204 | SHV-38 | SHV-211 | SHV-164 | SHV-37 | SHV-141 | SHV-104 | SHV-202 | SHV-103 | SHV-26 | SHV-6 | SHV-97 | SHV-200 | SHV-180 | SHV-55 | SHV-231 | SHV-162 | SHV-81 | SHV-127 | SHV-71 | SHV-171 | SHV-34 | SHV-77 | SHV-75 | SHV-119 | SHV-242 | SHV-52 | SHV-234 | SHV-144 | SHV-28 | SHV-15 | SHV-66 | SHV-142 | SHV-35 | SHV-101 | SHV-92 | SHV-151 | SHV-122 | SHV-31 | SHV-109 | SHV-189 | SHV-221 | SHV-196 | SHV-225 | SHV-69 | SHV-210 | SHV-46 | SHV-20 | SHV-205 | SHV-79 | SHV-199 | SHV-16 | SHV-128 | SHV-63 | SHV-11 | SHV-57 | SHV-61 | SHV-4 | SHV-1b-b | SHV-83 | SHV-105 | SHV-8 | SHV-115 | SHV-188 | SHV-165 | SHV-32 | SHV-222 | SHV-102 | SHV-224 | SHV-215 | SHV-146 | SHV-160 | SHV-198 | SHV-2 | SHV-3 | SHV-153 | SHV-140 | SHV-60 | SHV-93 | SHV-121 | SHV-110 | SHV-217 | SHV-24 | SHV-30 | SHV-155 | SHV-219 | SHV-64 | SHV-74 | SHV-85 | SHV-218 | SHV-33 | SHV-99 | SHV-152 | SHV-72 | SHV-95 | SHV-179 | SHV-182 | SHV-145 | SHV-239 | SHV-73 | SHV-62 | SHV-98 | SHV-149 | SHV-123 | SHV-183 | SHV-2A | SHV-213 | SHV-237 | SHV-168 | SHV-185 | SHV-120 | SHV-126 | SHV-70 | SHV-207 | SHV-111 | SHV-173 | SHV-84 | SHV-157 | SHV-209 | SHV-82 | SHV-45 | SHV-48 | SHV-236 | SHV-148 | SHV-228	cephalosporin;penicillin beta-lactam	antibiotic inactivation	0.0	0.0	0.0	0.0	318408.78	0.0	0.0	0.0	0.0	0.0	0.0	0.0	0.0	0.0	0.0	0.0	0.0	0.0	0.0	0.0	0.0	0.0	0.0	0.0	0.0	0.0	0.0	0.0	0.0	0.0	0.0	0.0	0.0	0.0	0.0	0.0
SRT beta-lactamase	ARO_3002493__SRT-1__H	SRT-1	cephalosporin	antibiotic inactivation	0.0	0.0	0.0	0.0	0.0	0.0	0.0	0.0	0.0	0.0	0.0	0.0	0.0	0.0	0.0	0.0	0.0	0.0	0.0	0.0	0.0	0.0	0.0	0.0	0.0	0.0	0.0	0.0	0.0	0.0	0.0	0.0	0.0	20695.18	0.0	0.0
SRT beta-lactamase	ARO_3002494__SRT-2__H	SRT-2	cephalosporin	antibiotic inactivation	41298.28	0.0	0.0	0.0	0.0	0.0	0.0	0.0	0.0	0.0	0.0	0.0	67643.87	484944.45	60092.42	24958.24	145921.23	0.0	0.0	0.0	0.0	0.0	0.0	0.0	0.0	0.0	0.0	0.0	47971.59	0.0	0.0	0.0	260661.99	310427.68	0.0	0.0
SRT beta-lactamase	ARO_3006853__SRT-3__H	SRT-3	cephalosporin	antibiotic inactivation	0.0	0.0	0.0	0.0	0.0	0.0	0.0	0.0	0.0	0.0	0.0	0.0	0.0	5392582.23	3981122.72	461727.48	2451476.6	0.0	290628.19	0.0	0.0	71513.79	0.0	0.0	0.0	0.0	22655.62	0.0	0.0	0.0	0.0	0.0	0.0	20695.18	0.0	0.0
SRT beta-lactamase	ARO_3009065__SRT-4__H	SRT-4	cephalosporin	antibiotic inactivation	949860.46	0.0	0.0	0.0	43695.42	0.0	0.0	0.0	0.0	19926.79	0.0	0.0	315671.37	3724373.34	540831.77	49916.48	1167369.81	15722.22	0.0	14193.5	0.0	0.0	0.0	42824.05	0.0	0.0	158589.32	0.0	1103346.5	0.0	0.0	0.0	2758672.75	2214384.1	0.0	14500.7
SRT beta-lactamase	multiple	SRT-1 | SRT-2 | SRT-4	cephalosporin	antibiotic inactivation	0.0	0.0	0.0	0.0	0.0	0.0	0.0	0.0	0.0	0.0	78246.49	0.0	0.0	0.0	0.0	0.0	0.0	0.0	0.0	0.0	0.0	0.0	0.0	0.0	0.0	0.0	0.0	0.0	0.0	32168.86	0.0	0.0	0.0	0.0	0.0	0.0
SRT beta-lactamase	multiple	SRT-1 | SRT-4 | SRT-3 | SRT-2 | SST-1	cephalosporin	antibiotic inactivation	0.0	0.0	0.0	0.0	0.0	0.0	0.0	0.0	0.0	0.0	0.0	0.0	0.0	0.0	0.0	1684681.33	0.0	0.0	0.0	0.0	0.0	0.0	0.0	0.0	0.0	0.0	0.0	0.0	0.0	0.0	0.0	0.0	31040498.9	0.0	0.0	0.0
SRT beta-lactamase	multiple	SRT-1 | SST-1 | SRT-3 | SRT-2 | SRT-4	cephalosporin	antibiotic inactivation	9126920.12	0.0	0.0	0.0	0.0	0.0	0.0	0.0	0.0	0.0	0.0	0.0	0.0	0.0	0.0	0.0	0.0	0.0	0.0	0.0	0.0	0.0	0.0	0.0	0.0	0.0	0.0	0.0	0.0	0.0	0.0	0.0	0.0	0.0	0.0	0.0
SRT beta-lactamase	multiple	SRT-2 | SST-1 | SRT-3 | SRT-1 | SRT-4	cephalosporin	antibiotic inactivation	0.0	0.0	0.0	0.0	0.0	0.0	0.0	0.0	0.0	0.0	0.0	0.0	0.0	53343888.95	0.0	0.0	0.0	0.0	0.0	0.0	0.0	0.0	0.0	0.0	0.0	0.0	0.0	0.0	0.0	0.0	0.0	0.0	0.0	0.0	0.0	0.0
SRT beta-lactamase	multiple	SRT-3 | SRT-2 | SST-1 | SRT-1 | SRT-4	cephalosporin	antibiotic inactivation	0.0	0.0	0.0	0.0	0.0	0.0	0.0	0.0	0.0	0.0	0.0	0.0	0.0	0.0	0.0	0.0	0.0	0.0	0.0	0.0	0.0	697259.44	0.0	0.0	0.0	0.0	0.0	0.0	0.0	0.0	0.0	0.0	0.0	0.0	0.0	0.0
SRT beta-lactamase	multiple	SRT-3 | SRT-4 | SRT-1 | SRT-2 | SST-1	cephalosporin	antibiotic inactivation	0.0	0.0	0.0	0.0	0.0	0.0	0.0	0.0	0.0	0.0	0.0	0.0	0.0	0.0	8247684.43	0.0	0.0	0.0	0.0	0.0	0.0	0.0	0.0	0.0	0.0	0.0	0.0	0.0	0.0	0.0	0.0	0.0	0.0	0.0	0.0	0.0
SRT beta-lactamase	multiple	SRT-3 | SST-1 | SRT-2 | SRT-1 | SRT-4	cephalosporin	antibiotic inactivation	0.0	0.0	0.0	0.0	0.0	0.0	0.0	0.0	0.0	0.0	0.0	0.0	0.0	0.0	0.0	0.0	0.0	0.0	168258.43	0.0	0.0	0.0	0.0	0.0	0.0	0.0	0.0	0.0	0.0	0.0	0.0	0.0	0.0	0.0	0.0	0.0
SRT beta-lactamase	multiple	SRT-4 | SRT-1 | SRT-2	cephalosporin	antibiotic inactivation	0.0	0.0	0.0	39836.65	0.0	0.0	0.0	0.0	0.0	0.0	0.0	0.0	0.0	0.0	0.0	0.0	0.0	0.0	0.0	0.0	27563.82	0.0	0.0	0.0	0.0	0.0	0.0	0.0	0.0	0.0	0.0	0.0	0.0	0.0	0.0	0.0
SRT beta-lactamase	multiple	SRT-4 | SRT-1 | SRT-3 | SST-1 | SRT-2	cephalosporin	antibiotic inactivation	0.0	0.0	0.0	0.0	0.0	0.0	0.0	0.0	0.0	0.0	0.0	0.0	0.0	0.0	0.0	0.0	0.0	0.0	0.0	0.0	0.0	0.0	0.0	0.0	0.0	0.0	0.0	0.0	15047087.75	0.0	0.0	0.0	0.0	0.0	0.0	0.0
SRT beta-lactamase	multiple	SRT-4 | SRT-2	cephalosporin	antibiotic inactivation	0.0	0.0	0.0	0.0	0.0	0.0	0.0	0.0	0.0	0.0	0.0	0.0	0.0	0.0	0.0	0.0	0.0	0.0	0.0	0.0	0.0	0.0	0.0	0.0	0.0	0.0	0.0	0.0	0.0	0.0	0.0	0.0	0.0	0.0	0.0	29001.39
SRT beta-lactamase	multiple	SRT-4 | SRT-2 | SRT-1 | SST-1 | SRT-3	cephalosporin	antibiotic inactivation	0.0	0.0	0.0	0.0	502497.35	0.0	0.0	0.0	0.0	0.0	0.0	0.0	0.0	0.0	0.0	0.0	0.0	0.0	0.0	0.0	0.0	0.0	0.0	0.0	0.0	0.0	0.0	0.0	0.0	0.0	0.0	0.0	0.0	0.0	0.0	0.0
SRT beta-lactamase	multiple	SRT-4 | SRT-2 | SST-1 | SRT-1 | SRT-3	cephalosporin	antibiotic inactivation	0.0	0.0	0.0	0.0	0.0	0.0	0.0	0.0	14634.52	0.0	0.0	0.0	0.0	0.0	0.0	0.0	0.0	0.0	0.0	0.0	0.0	0.0	0.0	0.0	0.0	0.0	0.0	0.0	0.0	0.0	0.0	0.0	0.0	0.0	0.0	0.0
SRT beta-lactamase	multiple	SRT-4 | SRT-3 | SST-1 | SRT-1 | SRT-2	cephalosporin	antibiotic inactivation	0.0	0.0	0.0	0.0	0.0	0.0	0.0	38565.57	0.0	0.0	0.0	0.0	0.0	0.0	0.0	0.0	0.0	0.0	0.0	0.0	0.0	0.0	0.0	0.0	0.0	0.0	0.0	0.0	0.0	0.0	0.0	0.0	0.0	0.0	0.0	0.0
SRT beta-lactamase	multiple	SRT-4 | SST-1 | SRT-1 | SRT-2 | SRT-3	cephalosporin	antibiotic inactivation	0.0	0.0	0.0	0.0	0.0	0.0	0.0	0.0	0.0	0.0	0.0	0.0	0.0	0.0	0.0	0.0	18342298.14	0.0	0.0	0.0	0.0	0.0	0.0	0.0	0.0	0.0	0.0	0.0	0.0	0.0	0.0	0.0	0.0	0.0	0.0	0.0
SRT beta-lactamase	multiple	SST-1 | SRT-2 | SRT-1 | SRT-4 | SRT-3	cephalosporin	antibiotic inactivation	0.0	0.0	0.0	0.0	0.0	0.0	0.0	0.0	0.0	0.0	0.0	0.0	0.0	0.0	0.0	0.0	0.0	62888.88	0.0	0.0	0.0	0.0	0.0	0.0	0.0	0.0	0.0	0.0	0.0	0.0	0.0	0.0	0.0	0.0	0.0	0.0
SRT beta-lactamase	multiple	SST-1 | SRT-2 | SRT-3 | SRT-1 | SRT-4	cephalosporin	antibiotic inactivation	0.0	0.0	0.0	0.0	0.0	0.0	0.0	0.0	0.0	0.0	0.0	0.0	3179261.69	0.0	0.0	0.0	0.0	0.0	0.0	0.0	0.0	0.0	0.0	0.0	0.0	0.0	0.0	0.0	0.0	0.0	0.0	0.0	0.0	0.0	0.0	0.0
SRT beta-lactamase	multiple	SST-1 | SRT-2 | SRT-3 | SRT-4 | SRT-1	cephalosporin	antibiotic inactivation	0.0	0.0	0.0	0.0	0.0	0.0	0.0	0.0	0.0	0.0	0.0	0.0	0.0	0.0	0.0	0.0	0.0	0.0	0.0	0.0	0.0	0.0	0.0	64236.08	0.0	0.0	0.0	0.0	0.0	0.0	0.0	0.0	0.0	0.0	0.0	0.0
SRT beta-lactamase	multiple	SST-1 | SRT-3 | SRT-1 | SRT-2 | SRT-4	cephalosporin	antibiotic inactivation	0.0	0.0	0.0	0.0	0.0	0.0	0.0	0.0	0.0	0.0	0.0	0.0	0.0	0.0	0.0	0.0	0.0	0.0	0.0	28387.0	0.0	0.0	0.0	0.0	0.0	0.0	0.0	0.0	0.0	0.0	0.0	0.0	0.0	0.0	0.0	0.0
SRT beta-lactamase	multiple	SST-1 | SRT-4 | SRT-3 | SRT-2 | SRT-1	cephalosporin	antibiotic inactivation	0.0	0.0	0.0	0.0	0.0	0.0	0.0	0.0	0.0	0.0	0.0	0.0	0.0	0.0	0.0	0.0	0.0	0.0	0.0	0.0	0.0	0.0	0.0	0.0	0.0	0.0	3149130.74	0.0	0.0	0.0	0.0	0.0	0.0	27214159.69	0.0	0.0
SST beta-lactamase	ARO_3006999__SST-1__H	SST-1	cephalosporin	antibiotic inactivation	41298.28	0.0	0.0	0.0	0.0	0.0	0.0	0.0	0.0	0.0	0.0	0.0	0.0	368557.78	15023.1	12479.12	160513.35	0.0	0.0	0.0	0.0	0.0	0.0	0.0	0.0	0.0	0.0	0.0	63962.12	0.0	0.0	0.0	369271.16	186256.61	0.0	0.0
Serine/threonine kinases	ARO_3007678__IreK__H	IreK	cephalosporin	reduced permeability to antibiotic	0.0	0.0	0.0	0.0	0.0	0.0	0.0	0.0	0.0	0.0	0.0	0.0	0.0	0.0	0.0	13156.01	0.0	0.0	0.0	0.0	0.0	0.0	0.0	0.0	0.0	0.0	0.0	0.0	0.0	0.0	0.0	0.0	0.0	10908.86	0.0	0.0
TEM beta-lactamase	ARO_3000879__TEM-7__H	TEM-7	cephalosporin;monobactam;penicillin beta-lactam	antibiotic inactivation	0.0	0.0	0.0	0.0	0.0	0.0	0.0	0.0	0.0	0.0	0.0	0.0	0.0	0.0	0.0	0.0	0.0	0.0	0.0	0.0	0.0	25961.42	0.0	0.0	0.0	0.0	0.0	0.0	0.0	0.0	0.0	0.0	0.0	0.0	0.0	0.0
TEM beta-lactamase	ARO_3000923__TEM-54__H	TEM-54	cephalosporin;monobactam;penicillin beta-lactam	antibiotic inactivation	0.0	0.0	0.0	0.0	0.0	16638.37	0.0	0.0	0.0	0.0	0.0	0.0	0.0	0.0	0.0	0.0	0.0	0.0	0.0	0.0	0.0	0.0	0.0	0.0	0.0	0.0	0.0	0.0	0.0	0.0	0.0	0.0	28684.93	0.0	0.0	0.0
TEM beta-lactamase	ARO_3000926__TEM-57__H	TEM-57	cephalosporin;monobactam;penicillin beta-lactam	antibiotic inactivation	27268.38	0.0	0.0	0.0	0.0	0.0	0.0	0.0	0.0	0.0	0.0	0.0	0.0	0.0	0.0	0.0	0.0	0.0	0.0	0.0	0.0	0.0	0.0	0.0	0.0	0.0	0.0	0.0	0.0	0.0	0.0	0.0	28684.93	0.0	0.0	0.0
TEM beta-lactamase	ARO_3000946__TEM-79__H	TEM-79	cephalosporin;monobactam;penicillin beta-lactam	antibiotic inactivation	0.0	0.0	0.0	0.0	0.0	0.0	0.0	0.0	0.0	0.0	0.0	0.0	0.0	0.0	0.0	0.0	0.0	0.0	0.0	0.0	0.0	0.0	0.0	0.0	0.0	0.0	29918.04	0.0	0.0	0.0	0.0	0.0	0.0	0.0	0.0	0.0
TEM beta-lactamase	ARO_3000950__TEM-83__H	TEM-83	cephalosporin;monobactam;penicillin beta-lactam	antibiotic inactivation	27268.38	0.0	0.0	0.0	0.0	0.0	0.0	0.0	0.0	0.0	0.0	0.0	0.0	0.0	0.0	0.0	0.0	0.0	0.0	0.0	0.0	47219.03	0.0	0.0	0.0	0.0	0.0	0.0	0.0	0.0	0.0	0.0	0.0	0.0	0.0	0.0
TEM beta-lactamase	ARO_3000965__TEM-102__H	TEM-102	cephalosporin;monobactam;penicillin beta-lactam	antibiotic inactivation	0.0	0.0	0.0	0.0	0.0	0.0	0.0	0.0	0.0	0.0	0.0	0.0	0.0	0.0	0.0	0.0	0.0	0.0	20199.54	0.0	0.0	0.0	0.0	0.0	0.0	0.0	0.0	0.0	0.0	0.0	0.0	0.0	0.0	0.0	0.0	0.0
TEM beta-lactamase	ARO_3000971__TEM-108__H	TEM-108	cephalosporin;monobactam;penicillin beta-lactam	antibiotic inactivation	0.0	0.0	0.0	0.0	0.0	0.0	0.0	0.0	0.0	0.0	0.0	0.0	0.0	0.0	0.0	0.0	0.0	0.0	0.0	0.0	0.0	0.0	0.0	0.0	0.0	0.0	29918.04	0.0	0.0	0.0	0.0	0.0	0.0	27329.17	0.0	0.0
TEM beta-lactamase	ARO_3000980__TEM-117__H	TEM-117	cephalosporin;monobactam;penicillin beta-lactam	antibiotic inactivation	0.0	0.0	0.0	0.0	0.0	0.0	0.0	0.0	0.0	0.0	0.0	0.0	0.0	0.0	0.0	0.0	0.0	0.0	0.0	0.0	0.0	0.0	0.0	0.0	0.0	0.0	0.0	0.0	23859.88	0.0	0.0	0.0	0.0	0.0	0.0	0.0
TEM beta-lactamase	ARO_3000988__TEM-126__H	TEM-126	cephalosporin;monobactam;penicillin beta-lactam	antibiotic inactivation	0.0	0.0	0.0	0.0	0.0	0.0	0.0	0.0	0.0	0.0	0.0	0.0	0.0	0.0	0.0	0.0	0.0	0.0	0.0	0.0	0.0	0.0	0.0	0.0	0.0	0.0	29918.04	0.0	0.0	0.0	0.0	0.0	0.0	0.0	0.0	0.0
TEM beta-lactamase	ARO_3000989__TEM-127__H	TEM-127	cephalosporin;monobactam;penicillin beta-lactam	antibiotic inactivation	0.0	0.0	0.0	0.0	0.0	0.0	0.0	0.0	0.0	0.0	0.0	0.0	0.0	0.0	0.0	0.0	0.0	0.0	0.0	0.0	0.0	0.0	0.0	0.0	0.0	0.0	0.0	0.0	21116.41	0.0	0.0	0.0	0.0	0.0	0.0	0.0
TEM beta-lactamase	ARO_3000990__TEM-128__H	TEM-128	cephalosporin;monobactam;penicillin beta-lactam	antibiotic inactivation	0.0	0.0	0.0	0.0	0.0	0.0	0.0	0.0	0.0	0.0	0.0	0.0	0.0	0.0	0.0	0.0	0.0	0.0	0.0	0.0	0.0	0.0	0.0	0.0	0.0	0.0	0.0	0.0	0.0	0.0	0.0	0.0	28684.93	0.0	0.0	0.0
TEM beta-lactamase	ARO_3001015__TEM-148__H	TEM-148	cephalosporin;monobactam;penicillin beta-lactam	antibiotic inactivation	0.0	0.0	0.0	0.0	0.0	0.0	0.0	0.0	0.0	0.0	0.0	0.0	0.0	0.0	0.0	0.0	0.0	0.0	0.0	0.0	0.0	23609.52	0.0	0.0	0.0	0.0	0.0	0.0	0.0	0.0	0.0	0.0	0.0	0.0	0.0	0.0
TEM beta-lactamase	ARO_3001016__TEM-149__H	TEM-149	cephalosporin;monobactam;penicillin beta-lactam	antibiotic inactivation	0.0	0.0	0.0	0.0	0.0	0.0	0.0	0.0	0.0	0.0	0.0	0.0	0.0	0.0	0.0	0.0	0.0	0.0	0.0	0.0	0.0	0.0	0.0	0.0	0.0	0.0	29918.04	0.0	0.0	0.0	0.0	0.0	0.0	0.0	0.0	0.0
TEM beta-lactamase	ARO_3001017__TEM-150__H	TEM-150	cephalosporin;monobactam;penicillin beta-lactam	antibiotic inactivation	0.0	0.0	0.0	0.0	0.0	0.0	0.0	0.0	0.0	0.0	0.0	0.0	0.0	0.0	0.0	0.0	0.0	0.0	0.0	0.0	0.0	23609.52	0.0	0.0	0.0	0.0	0.0	0.0	0.0	0.0	0.0	0.0	0.0	0.0	0.0	0.0
TEM beta-lactamase	ARO_3001022__TEM-156__H	TEM-156	cephalosporin;monobactam;penicillin beta-lactam	antibiotic inactivation	0.0	0.0	0.0	0.0	0.0	0.0	0.0	0.0	0.0	0.0	0.0	0.0	29775.87	0.0	0.0	0.0	0.0	0.0	0.0	0.0	18199.81	23609.52	0.0	0.0	0.0	0.0	29918.04	0.0	0.0	0.0	0.0	0.0	0.0	27329.17	0.0	0.0
TEM beta-lactamase	ARO_3001052__TEM-192__H	TEM-192	cephalosporin;monobactam;penicillin beta-lactam	antibiotic inactivation	0.0	0.0	0.0	0.0	0.0	0.0	0.0	29116.24	0.0	0.0	0.0	0.0	0.0	0.0	0.0	0.0	0.0	0.0	0.0	0.0	0.0	26995.74	0.0	0.0	0.0	0.0	68418.16	27630.91	48290.12	0.0	0.0	0.0	0.0	0.0	0.0	0.0
TEM beta-lactamase	ARO_3001373__TEM-182__H	TEM-182	cephalosporin;monobactam;penicillin beta-lactam	antibiotic inactivation	0.0	0.0	0.0	0.0	0.0	0.0	0.0	0.0	0.0	0.0	0.0	0.0	0.0	0.0	0.0	0.0	0.0	0.0	0.0	0.0	0.0	0.0	0.0	0.0	0.0	0.0	0.0	0.0	0.0	0.0	0.0	0.0	0.0	27329.17	0.0	0.0
TEM beta-lactamase	ARO_3001376__TEM-196__H	TEM-196	cephalosporin;monobactam;penicillin beta-lactam	antibiotic inactivation	0.0	0.0	0.0	0.0	0.0	0.0	0.0	0.0	0.0	0.0	0.0	0.0	0.0	0.0	0.0	0.0	0.0	0.0	0.0	0.0	0.0	0.0	0.0	0.0	0.0	0.0	0.0	0.0	21116.41	0.0	0.0	0.0	0.0	0.0	0.0	0.0
TEM beta-lactamase	ARO_3001385__TEM-208__H	TEM-208	cephalosporin;monobactam;penicillin beta-lactam	antibiotic inactivation	0.0	0.0	0.0	0.0	0.0	0.0	23723.24	0.0	0.0	0.0	0.0	0.0	0.0	0.0	0.0	0.0	0.0	0.0	0.0	0.0	0.0	0.0	0.0	0.0	0.0	0.0	0.0	0.0	0.0	0.0	0.0	0.0	0.0	0.0	0.0	0.0
TEM beta-lactamase	ARO_3001390__TEM-213__H	TEM-213	cephalosporin;monobactam;penicillin beta-lactam	antibiotic inactivation	0.0	0.0	0.0	0.0	0.0	0.0	0.0	0.0	0.0	0.0	0.0	0.0	0.0	0.0	0.0	0.0	0.0	0.0	0.0	0.0	0.0	0.0	0.0	0.0	0.0	0.0	0.0	0.0	0.0	0.0	0.0	0.0	28785.23	0.0	0.0	0.0
TEM beta-lactamase	ARO_3005262__TEM-231__H	TEM-231	cephalosporin;monobactam;penicillin beta-lactam	antibiotic inactivation	0.0	0.0	0.0	0.0	0.0	0.0	0.0	0.0	0.0	0.0	0.0	0.0	0.0	0.0	0.0	0.0	0.0	0.0	0.0	0.0	0.0	0.0	0.0	0.0	0.0	0.0	29918.04	0.0	0.0	0.0	0.0	0.0	28684.93	0.0	0.0	0.0
TEM beta-lactamase	ARO_3007454__TEM-245__H	TEM-245	cephalosporin;monobactam;penicillin beta-lactam	antibiotic inactivation	0.0	0.0	0.0	0.0	0.0	0.0	0.0	0.0	0.0	0.0	0.0	0.0	0.0	0.0	0.0	0.0	0.0	0.0	0.0	0.0	0.0	0.0	0.0	0.0	0.0	0.0	0.0	0.0	0.0	0.0	0.0	0.0	0.0	27329.17	0.0	0.0
TEM beta-lactamase	multiple	TEM-105 | TEM-39 | TEM-90 | TEM-137 | TEM-236 | TEM-80 | TEM-5 | TEM-37 | TEM-148 | TEM-193 | TEM-76 | TEM-30 | TEM-133 | TEM-164 | TEM-55 | TEM-7 | TEM-29 | TEM-232 | TEM-248 | TEM-28 | TEM-127 | TEM-81 | TEM-163 | TEM-49 | TEM-168 | TEM-98 | TEM-132 | TEM-185 | TEM-84 | TEM-201 | TEM-6 | TEM-122 | TEM-199 | TEM-237 | TEM-33 | TEM-112 | TEM-243 | TEM-125 | TEM-253 | TEM-48 | TEM-213 | TEM-71 | TEM-52 | TEM-115 | TEM-130 | TEM-40 | TEM-235 | TEM-227 | TEM-26 | TEM-144 | TEM-191 | TEM-167 | TEM-31 | TEM-241 | TEM-113 | TEM-162 | TEM-59 | TEM-94 | TEM-86 | TEM-12 | TEM-61 | TEM-208 | TEM-212 | TEM-207 | TEM-43 | TEM-225 | TEM-96 | TEM-184 | TEM-257 | TEM-258 | TEM-152 | TEM-129 | TEM-166 | TEM-134 | TEM-182 | TEM-229 | TEM-234 | TEM-19 | TEM-189 | TEM-169 | TEM-32 | TEM-121 | TEM-68 | TEM-183 | TEM-240 | TEM-87 | TEM-214 | TEM-108 | TEM-238 | TEM-106 | TEM-215 | TEM-211 | TEM-157 | TEM-233 | TEM-1 | TEM-256 | TEM-153 | TEM-220 | TEM-54 | TEM-118 | TEM-17 | TEM-142 | TEM-224 | TEM-10 | TEM-111 | TEM-205 | TEM-11 | TEM-135 | TEM-143 | TEM-16 | TEM-255 | TEM-36 | TEM-250 | TEM-154 | TEM-128 | TEM-67 | TEM-252 | TEM-242 | TEM-231 | TEM-138 | TEM-45 | TEM-79 | TEM-124 | TEM-190 | TEM-194 | TEM-198 | TEM-91 | TEM-177 | TEM-57 | TEM-230 | TEM-197 | TEM-239 | TEM-47 | TEM-171 | TEM-206 | TEM-109 | TEM-75 | TEM-126 | TEM-89 | TEM-22 | TEM-251 | TEM-117 | TEM-120 | TEM-42 | TEM-93 | TEM-192 | TEM-178 | TEM-195 | TEM-73 | TEM-15 | TEM-34 | TEM-63 | TEM-92 | TEM-160 | TEM-24 | TEM-85 | TEM-247 | TEM-102 | TEM-159 | TEM-141 | TEM-3 | TEM-103 | TEM-2 | TEM-219 | TEM-149 | TEM-53 | TEM-20 | TEM-123 | TEM-176 | TEM-209 | TEM-8 | TEM-4 | TEM-158 | TEM-104 | TEM-228 | TEM-196 | TEM-150 | TEM-88 | TEM-9 | TEM-186 | TEM-83 | TEM-82 | TEM-116 | TEM-78 | TEM-110 | TEM-70 | TEM-145 | TEM-217 | TEM-187 | TEM-254 | TEM-226 | TEM-35 | TEM-246 | TEM-245 | TEM-101 | TEM-244 | TEM-72 | TEM-114 | TEM-151 | TEM-216 | TEM-188 | TEM-60 | TEM-156 | TEM-155 | TEM-136 | TEM-99 | TEM-146 | TEM-181 | TEM-210 | TEM-139 | TEM-21 | TEM-147 | TEM-95 | TEM-107	cephalosporin;monobactam;penicillin beta-lactam	antibiotic inactivation	0.0	0.0	0.0	0.0	0.0	0.0	0.0	0.0	0.0	0.0	0.0	0.0	0.0	18010984.15	0.0	0.0	0.0	0.0	0.0	0.0	0.0	0.0	0.0	0.0	0.0	0.0	0.0	0.0	0.0	0.0	0.0	0.0	0.0	0.0	0.0	0.0
TEM beta-lactamase	multiple	TEM-108 | TEM-54 | TEM-96 | TEM-30 | TEM-91 | TEM-146 | TEM-228 | TEM-207 | TEM-120 | TEM-187 | TEM-118 | TEM-130 | TEM-243 | TEM-89 | TEM-92 | TEM-233 | TEM-236 | TEM-75 | TEM-40 | TEM-127 | TEM-124 | TEM-95 | TEM-205 | TEM-113 | TEM-33 | TEM-248 | TEM-159 | TEM-166 | TEM-26 | TEM-34 | TEM-219 | TEM-17 | TEM-37 | TEM-235 | TEM-145 | TEM-88 | TEM-152 | TEM-8 | TEM-155 | TEM-217 | TEM-73 | TEM-42 | TEM-128 | TEM-9 | TEM-251 | TEM-177 | TEM-160 | TEM-194 | TEM-196 | TEM-103 | TEM-208 | TEM-129 | TEM-3 | TEM-79 | TEM-11 | TEM-182 | TEM-257 | TEM-188 | TEM-67 | TEM-93 | TEM-237 | TEM-225 | TEM-106 | TEM-15 | TEM-125 | TEM-212 | TEM-191 | TEM-139 | TEM-72 | TEM-241 | TEM-31 | TEM-19 | TEM-53 | TEM-4 | TEM-52 | TEM-255 | TEM-185 | TEM-112 | TEM-163 | TEM-105 | TEM-2 | TEM-234 | TEM-137 | TEM-21 | TEM-244 | TEM-169 | TEM-98 | TEM-76 | TEM-162 | TEM-206 | TEM-114 | TEM-55 | TEM-258 | TEM-35 | TEM-49 | TEM-81 | TEM-238 | TEM-186 | TEM-83 | TEM-59 | TEM-240 | TEM-123 | TEM-32 | TEM-167 | TEM-227 | TEM-122 | TEM-220 | TEM-43 | TEM-141 | TEM-144 | TEM-94 | TEM-115 | TEM-133 | TEM-70 | TEM-104 | TEM-189 | TEM-153 | TEM-84 | TEM-195 | TEM-102 | TEM-171 | TEM-136 | TEM-253 | TEM-48 | TEM-101 | TEM-224 | TEM-164 | TEM-82 | TEM-150 | TEM-226 | TEM-107 | TEM-24 | TEM-210 | TEM-250 | TEM-158 | TEM-117 | TEM-247 | TEM-199 | TEM-7 | TEM-184 | TEM-148 | TEM-29 | TEM-5 | TEM-99 | TEM-68 | TEM-151 | TEM-12 | TEM-254 | TEM-252 | TEM-198 | TEM-156 | TEM-110 | TEM-245 | TEM-211 | TEM-16 | TEM-85 | TEM-126 | TEM-181 | TEM-154 | TEM-47 | TEM-183 | TEM-201 | TEM-147 | TEM-86 | TEM-132 | TEM-71 | TEM-168 | TEM-239 | TEM-231 | TEM-28 | TEM-63 | TEM-109 | TEM-134 | TEM-193 | TEM-10 | TEM-20 | TEM-157 | TEM-143 | TEM-60 | TEM-22 | TEM-149 | TEM-39 | TEM-213 | TEM-215 | TEM-61 | TEM-256 | TEM-135 | TEM-78 | TEM-197 | TEM-176 | TEM-142 | TEM-138 | TEM-209 | TEM-242 | TEM-190 | TEM-246 | TEM-230 | TEM-232 | TEM-111 | TEM-45 | TEM-57 | TEM-36 | TEM-6 | TEM-1 | TEM-229 | TEM-121 | TEM-116 | TEM-178 | TEM-87 | TEM-90 | TEM-214 | TEM-216 | TEM-192 | TEM-80	cephalosporin;monobactam;penicillin beta-lactam	antibiotic inactivation	0.0	0.0	0.0	0.0	0.0	0.0	0.0	0.0	0.0	0.0	0.0	0.0	0.0	0.0	0.0	0.0	0.0	0.0	0.0	0.0	0.0	0.0	0.0	0.0	0.0	0.0	0.0	0.0	0.0	0.0	4951416.8	0.0	0.0	0.0	0.0	0.0
TEM beta-lactamase	multiple	TEM-112 | TEM-21 | TEM-210 | TEM-88 | TEM-61 | TEM-7 | TEM-72 | TEM-147 | TEM-83 | TEM-182 | TEM-96 | TEM-108 | TEM-209 | TEM-150 | TEM-224 | TEM-76 | TEM-143 | TEM-92 | TEM-42 | TEM-215 | TEM-159 | TEM-164 | TEM-145 | TEM-29 | TEM-195 | TEM-24 | TEM-19 | TEM-205 | TEM-8 | TEM-248 | TEM-1 | TEM-258 | TEM-141 | TEM-36 | TEM-4 | TEM-129 | TEM-22 | TEM-217 | TEM-89 | TEM-178 | TEM-156 | TEM-9 | TEM-63 | TEM-40 | TEM-239 | TEM-70 | TEM-99 | TEM-133 | TEM-34 | TEM-52 | TEM-138 | TEM-90 | TEM-102 | TEM-35 | TEM-31 | TEM-169 | TEM-198 | TEM-82 | TEM-110 | TEM-152 | TEM-144 | TEM-37 | TEM-176 | TEM-116 | TEM-256 | TEM-257 | TEM-187 | TEM-73 | TEM-245 | TEM-188 | TEM-194 | TEM-120 | TEM-137 | TEM-242 | TEM-185 | TEM-48 | TEM-33 | TEM-154 | TEM-229 | TEM-211 | TEM-17 | TEM-233 | TEM-183 | TEM-57 | TEM-213 | TEM-55 | TEM-250 | TEM-244 | TEM-94 | TEM-146 | TEM-26 | TEM-214 | TEM-212 | TEM-47 | TEM-117 | TEM-12 | TEM-199 | TEM-184 | TEM-251 | TEM-87 | TEM-20 | TEM-149 | TEM-158 | TEM-243 | TEM-139 | TEM-230 | TEM-206 | TEM-171 | TEM-155 | TEM-106 | TEM-220 | TEM-186 | TEM-43 | TEM-5 | TEM-10 | TEM-28 | TEM-197 | TEM-208 | TEM-30 | TEM-113 | TEM-193 | TEM-192 | TEM-201 | TEM-118 | TEM-84 | TEM-123 | TEM-86 | TEM-15 | TEM-111 | TEM-68 | TEM-181 | TEM-151 | TEM-114 | TEM-148 | TEM-253 | TEM-236 | TEM-3 | TEM-235 | TEM-234 | TEM-115 | TEM-196 | TEM-255 | TEM-228 | TEM-126 | TEM-91 | TEM-153 | TEM-241 | TEM-127 | TEM-54 | TEM-81 | TEM-238 | TEM-105 | TEM-254 | TEM-98 | TEM-190 | TEM-6 | TEM-226 | TEM-95 | TEM-216 | TEM-104 | TEM-32 | TEM-60 | TEM-80 | TEM-160 | TEM-124 | TEM-237 | TEM-2 | TEM-142 | TEM-121 | TEM-232 | TEM-162 | TEM-163 | TEM-168 | TEM-227 | TEM-85 | TEM-16 | TEM-225 | TEM-101 | TEM-191 | TEM-136 | TEM-78 | TEM-231 | TEM-93 | TEM-45 | TEM-252 | TEM-109 | TEM-71 | TEM-79 | TEM-246 | TEM-207 | TEM-157 | TEM-130 | TEM-240 | TEM-247 | TEM-11 | TEM-128 | TEM-134 | TEM-167 | TEM-132 | TEM-75 | TEM-59 | TEM-166 | TEM-219 | TEM-67 | TEM-189 | TEM-39 | TEM-103 | TEM-122 | TEM-135 | TEM-49 | TEM-125 | TEM-53 | TEM-107 | TEM-177	cephalosporin;monobactam;penicillin beta-lactam	antibiotic inactivation	0.0	0.0	0.0	0.0	0.0	0.0	0.0	0.0	0.0	0.0	0.0	0.0	0.0	0.0	0.0	0.0	0.0	0.0	0.0	0.0	0.0	0.0	0.0	0.0	0.0	0.0	0.0	0.0	0.0	0.0	0.0	0.0	67325527.89	0.0	0.0	0.0
TEM beta-lactamase	multiple	TEM-112 | TEM-45 | TEM-99 | TEM-214 | TEM-103 | TEM-205 | TEM-144 | TEM-16 | TEM-19 | TEM-196 | TEM-250 | TEM-232 | TEM-60 | TEM-35 | TEM-189 | TEM-32 | TEM-129 | TEM-76 | TEM-258 | TEM-247 | TEM-15 | TEM-145 | TEM-255 | TEM-59 | TEM-215 | TEM-7 | TEM-21 | TEM-120 | TEM-241 | TEM-152 | TEM-20 | TEM-150 | TEM-73 | TEM-206 | TEM-10 | TEM-96 | TEM-124 | TEM-158 | TEM-102 | TEM-83 | TEM-230 | TEM-166 | TEM-187 | TEM-155 | TEM-192 | TEM-149 | TEM-98 | TEM-236 | TEM-89 | TEM-92 | TEM-48 | TEM-186 | TEM-176 | TEM-135 | TEM-243 | TEM-234 | TEM-224 | TEM-156 | TEM-91 | TEM-79 | TEM-254 | TEM-178 | TEM-47 | TEM-151 | TEM-113 | TEM-127 | TEM-3 | TEM-231 | TEM-43 | TEM-148 | TEM-2 | TEM-183 | TEM-246 | TEM-213 | TEM-240 | TEM-121 | TEM-82 | TEM-212 | TEM-122 | TEM-252 | TEM-126 | TEM-198 | TEM-138 | TEM-244 | TEM-182 | TEM-248 | TEM-220 | TEM-139 | TEM-171 | TEM-111 | TEM-78 | TEM-128 | TEM-11 | TEM-84 | TEM-133 | TEM-157 | TEM-238 | TEM-49 | TEM-40 | TEM-227 | TEM-123 | TEM-114 | TEM-146 | TEM-63 | TEM-42 | TEM-208 | TEM-184 | TEM-125 | TEM-197 | TEM-136 | TEM-109 | TEM-104 | TEM-132 | TEM-188 | TEM-8 | TEM-235 | TEM-87 | TEM-29 | TEM-194 | TEM-108 | TEM-31 | TEM-95 | TEM-181 | TEM-225 | TEM-134 | TEM-54 | TEM-61 | TEM-199 | TEM-57 | TEM-242 | TEM-107 | TEM-159 | TEM-118 | TEM-36 | TEM-153 | TEM-177 | TEM-167 | TEM-106 | TEM-162 | TEM-71 | TEM-169 | TEM-55 | TEM-9 | TEM-228 | TEM-37 | TEM-251 | TEM-160 | TEM-193 | TEM-80 | TEM-195 | TEM-142 | TEM-12 | TEM-34 | TEM-24 | TEM-68 | TEM-22 | TEM-101 | TEM-219 | TEM-72 | TEM-85 | TEM-253 | TEM-201 | TEM-5 | TEM-168 | TEM-237 | TEM-1 | TEM-226 | TEM-53 | TEM-256 | TEM-239 | TEM-229 | TEM-191 | TEM-75 | TEM-257 | TEM-39 | TEM-81 | TEM-116 | TEM-86 | TEM-4 | TEM-88 | TEM-209 | TEM-217 | TEM-210 | TEM-164 | TEM-143 | TEM-233 | TEM-245 | TEM-26 | TEM-17 | TEM-185 | TEM-115 | TEM-154 | TEM-52 | TEM-117 | TEM-30 | TEM-105 | TEM-33 | TEM-130 | TEM-211 | TEM-70 | TEM-94 | TEM-67 | TEM-216 | TEM-207 | TEM-163 | TEM-93 | TEM-141 | TEM-110 | TEM-90 | TEM-6 | TEM-147 | TEM-190 | TEM-28 | TEM-137	cephalosporin;monobactam;penicillin beta-lactam	antibiotic inactivation	8588139.18	0.0	0.0	0.0	0.0	0.0	0.0	0.0	0.0	0.0	0.0	0.0	0.0	0.0	0.0	0.0	0.0	0.0	0.0	0.0	0.0	0.0	0.0	0.0	0.0	0.0	0.0	0.0	0.0	0.0	0.0	0.0	0.0	0.0	0.0	0.0
TEM beta-lactamase	multiple	TEM-126 | TEM-95 | TEM-12 | TEM-176 | TEM-82 | TEM-232 | TEM-17 | TEM-39 | TEM-192 | TEM-10 | TEM-79 | TEM-242 | TEM-127 | TEM-98 | TEM-237 | TEM-19 | TEM-99 | TEM-159 | TEM-20 | TEM-227 | TEM-234 | TEM-86 | TEM-132 | TEM-102 | TEM-230 | TEM-207 | TEM-75 | TEM-54 | TEM-11 | TEM-124 | TEM-155 | TEM-67 | TEM-148 | TEM-105 | TEM-114 | TEM-92 | TEM-8 | TEM-103 | TEM-178 | TEM-194 | TEM-217 | TEM-141 | TEM-162 | TEM-225 | TEM-235 | TEM-252 | TEM-88 | TEM-209 | TEM-32 | TEM-195 | TEM-256 | TEM-61 | TEM-2 | TEM-197 | TEM-166 | TEM-239 | TEM-152 | TEM-163 | TEM-43 | TEM-113 | TEM-4 | TEM-183 | TEM-85 | TEM-146 | TEM-231 | TEM-5 | TEM-15 | TEM-76 | TEM-137 | TEM-185 | TEM-40 | TEM-156 | TEM-219 | TEM-101 | TEM-236 | TEM-106 | TEM-107 | TEM-128 | TEM-36 | TEM-247 | TEM-109 | TEM-91 | TEM-121 | TEM-118 | TEM-63 | TEM-253 | TEM-135 | TEM-49 | TEM-149 | TEM-181 | TEM-73 | TEM-238 | TEM-248 | TEM-187 | TEM-184 | TEM-21 | TEM-9 | TEM-201 | TEM-255 | TEM-24 | TEM-116 | TEM-93 | TEM-144 | TEM-96 | TEM-80 | TEM-71 | TEM-157 | TEM-206 | TEM-122 | TEM-37 | TEM-188 | TEM-90 | TEM-81 | TEM-210 | TEM-104 | TEM-129 | TEM-130 | TEM-196 | TEM-182 | TEM-215 | TEM-233 | TEM-151 | TEM-16 | TEM-257 | TEM-211 | TEM-110 | TEM-123 | TEM-250 | TEM-214 | TEM-30 | TEM-55 | TEM-35 | TEM-3 | TEM-26 | TEM-78 | TEM-28 | TEM-246 | TEM-94 | TEM-47 | TEM-133 | TEM-33 | TEM-245 | TEM-22 | TEM-168 | TEM-169 | TEM-117 | TEM-228 | TEM-57 | TEM-224 | TEM-226 | TEM-189 | TEM-138 | TEM-139 | TEM-83 | TEM-70 | TEM-31 | TEM-136 | TEM-208 | TEM-145 | TEM-243 | TEM-7 | TEM-89 | TEM-68 | TEM-60 | TEM-258 | TEM-177 | TEM-153 | TEM-108 | TEM-147 | TEM-193 | TEM-111 | TEM-213 | TEM-191 | TEM-229 | TEM-120 | TEM-125 | TEM-34 | TEM-254 | TEM-251 | TEM-190 | TEM-199 | TEM-171 | TEM-186 | TEM-205 | TEM-112 | TEM-6 | TEM-52 | TEM-150 | TEM-167 | TEM-42 | TEM-244 | TEM-240 | TEM-115 | TEM-87 | TEM-158 | TEM-220 | TEM-216 | TEM-59 | TEM-212 | TEM-134 | TEM-29 | TEM-1 | TEM-198 | TEM-84 | TEM-53 | TEM-154 | TEM-48 | TEM-160 | TEM-241 | TEM-164 | TEM-45 | TEM-143 | TEM-72 | TEM-142	cephalosporin;monobactam;penicillin beta-lactam	antibiotic inactivation	0.0	0.0	0.0	0.0	0.0	0.0	8804118.12	0.0	0.0	0.0	0.0	0.0	0.0	0.0	0.0	0.0	0.0	0.0	0.0	0.0	0.0	0.0	0.0	0.0	0.0	0.0	0.0	0.0	0.0	0.0	0.0	0.0	0.0	0.0	0.0	0.0
TEM beta-lactamase	multiple	TEM-128 | TEM-30 | TEM-177 | TEM-250 | TEM-226 | TEM-224 | TEM-102 | TEM-36 | TEM-169 | TEM-34 | TEM-121 | TEM-108 | TEM-39 | TEM-9 | TEM-57 | TEM-244 | TEM-40 | TEM-90 | TEM-61 | TEM-43 | TEM-94 | TEM-105 | TEM-240 | TEM-242 | TEM-145 | TEM-257 | TEM-129 | TEM-178 | TEM-28 | TEM-212 | TEM-256 | TEM-230 | TEM-98 | TEM-196 | TEM-228 | TEM-55 | TEM-144 | TEM-215 | TEM-147 | TEM-232 | TEM-35 | TEM-45 | TEM-123 | TEM-71 | TEM-96 | TEM-12 | TEM-22 | TEM-255 | TEM-243 | TEM-168 | TEM-192 | TEM-72 | TEM-31 | TEM-91 | TEM-16 | TEM-104 | TEM-157 | TEM-92 | TEM-8 | TEM-258 | TEM-189 | TEM-201 | TEM-87 | TEM-149 | TEM-209 | TEM-125 | TEM-33 | TEM-47 | TEM-117 | TEM-245 | TEM-48 | TEM-150 | TEM-7 | TEM-2 | TEM-82 | TEM-139 | TEM-176 | TEM-193 | TEM-142 | TEM-229 | TEM-54 | TEM-187 | TEM-110 | TEM-217 | TEM-152 | TEM-59 | TEM-153 | TEM-138 | TEM-132 | TEM-188 | TEM-210 | TEM-225 | TEM-154 | TEM-133 | TEM-159 | TEM-190 | TEM-156 | TEM-17 | TEM-21 | TEM-155 | TEM-86 | TEM-4 | TEM-68 | TEM-135 | TEM-238 | TEM-73 | TEM-198 | TEM-235 | TEM-52 | TEM-76 | TEM-231 | TEM-151 | TEM-214 | TEM-15 | TEM-42 | TEM-79 | TEM-137 | TEM-251 | TEM-160 | TEM-89 | TEM-49 | TEM-37 | TEM-233 | TEM-6 | TEM-111 | TEM-248 | TEM-236 | TEM-199 | TEM-219 | TEM-19 | TEM-113 | TEM-1 | TEM-220 | TEM-78 | TEM-26 | TEM-171 | TEM-141 | TEM-122 | TEM-83 | TEM-11 | TEM-208 | TEM-101 | TEM-107 | TEM-206 | TEM-24 | TEM-130 | TEM-181 | TEM-60 | TEM-247 | TEM-185 | TEM-120 | TEM-53 | TEM-127 | TEM-158 | TEM-163 | TEM-134 | TEM-195 | TEM-205 | TEM-112 | TEM-99 | TEM-184 | TEM-32 | TEM-95 | TEM-146 | TEM-80 | TEM-67 | TEM-63 | TEM-211 | TEM-114 | TEM-81 | TEM-5 | TEM-75 | TEM-85 | TEM-164 | TEM-115 | TEM-20 | TEM-124 | TEM-162 | TEM-106 | TEM-183 | TEM-207 | TEM-197 | TEM-239 | TEM-254 | TEM-182 | TEM-118 | TEM-103 | TEM-186 | TEM-252 | TEM-191 | TEM-216 | TEM-167 | TEM-70 | TEM-148 | TEM-126 | TEM-109 | TEM-246 | TEM-3 | TEM-93 | TEM-84 | TEM-237 | TEM-241 | TEM-227 | TEM-234 | TEM-136 | TEM-253 | TEM-29 | TEM-166 | TEM-194 | TEM-10 | TEM-116 | TEM-143 | TEM-213 | TEM-88	cephalosporin;monobactam;penicillin beta-lactam	antibiotic inactivation	0.0	0.0	0.0	0.0	0.0	0.0	0.0	2988292.06	0.0	0.0	0.0	0.0	0.0	0.0	0.0	0.0	0.0	0.0	0.0	0.0	0.0	0.0	0.0	0.0	0.0	0.0	0.0	0.0	0.0	0.0	0.0	0.0	0.0	0.0	0.0	0.0
TEM beta-lactamase	multiple	TEM-147 | TEM-118 | TEM-112 | TEM-182 | TEM-9 | TEM-235 | TEM-35 | TEM-135 | TEM-45 | TEM-205 | TEM-234 | TEM-132 | TEM-71 | TEM-133 | TEM-79 | TEM-134 | TEM-258 | TEM-55 | TEM-32 | TEM-247 | TEM-171 | TEM-253 | TEM-109 | TEM-228 | TEM-188 | TEM-43 | TEM-187 | TEM-104 | TEM-126 | TEM-121 | TEM-243 | TEM-226 | TEM-103 | TEM-137 | TEM-181 | TEM-85 | TEM-220 | TEM-59 | TEM-108 | TEM-255 | TEM-60 | TEM-128 | TEM-81 | TEM-192 | TEM-20 | TEM-144 | TEM-191 | TEM-105 | TEM-143 | TEM-4 | TEM-110 | TEM-146 | TEM-241 | TEM-117 | TEM-125 | TEM-163 | TEM-148 | TEM-83 | TEM-242 | TEM-95 | TEM-198 | TEM-211 | TEM-141 | TEM-209 | TEM-82 | TEM-52 | TEM-42 | TEM-183 | TEM-162 | TEM-185 | TEM-21 | TEM-224 | TEM-217 | TEM-89 | TEM-257 | TEM-24 | TEM-5 | TEM-244 | TEM-197 | TEM-189 | TEM-239 | TEM-236 | TEM-31 | TEM-178 | TEM-22 | TEM-28 | TEM-49 | TEM-54 | TEM-115 | TEM-256 | TEM-225 | TEM-215 | TEM-107 | TEM-70 | TEM-227 | TEM-47 | TEM-124 | TEM-76 | TEM-155 | TEM-10 | TEM-166 | TEM-248 | TEM-154 | TEM-138 | TEM-57 | TEM-39 | TEM-80 | TEM-184 | TEM-106 | TEM-158 | TEM-102 | TEM-216 | TEM-111 | TEM-194 | TEM-177 | TEM-153 | TEM-68 | TEM-12 | TEM-8 | TEM-48 | TEM-145 | TEM-157 | TEM-214 | TEM-2 | TEM-160 | TEM-150 | TEM-3 | TEM-164 | TEM-6 | TEM-91 | TEM-30 | TEM-33 | TEM-99 | TEM-114 | TEM-53 | TEM-123 | TEM-90 | TEM-151 | TEM-201 | TEM-159 | TEM-130 | TEM-78 | TEM-233 | TEM-169 | TEM-208 | TEM-206 | TEM-237 | TEM-219 | TEM-252 | TEM-250 | TEM-251 | TEM-15 | TEM-193 | TEM-72 | TEM-246 | TEM-196 | TEM-61 | TEM-122 | TEM-34 | TEM-186 | TEM-92 | TEM-37 | TEM-136 | TEM-210 | TEM-168 | TEM-245 | TEM-16 | TEM-84 | TEM-88 | TEM-195 | TEM-113 | TEM-142 | TEM-199 | TEM-101 | TEM-149 | TEM-207 | TEM-75 | TEM-212 | TEM-156 | TEM-67 | TEM-232 | TEM-116 | TEM-254 | TEM-7 | TEM-87 | TEM-63 | TEM-93 | TEM-94 | TEM-73 | TEM-36 | TEM-152 | TEM-176 | TEM-240 | TEM-11 | TEM-26 | TEM-40 | TEM-19 | TEM-167 | TEM-231 | TEM-230 | TEM-29 | TEM-129 | TEM-120 | TEM-213 | TEM-190 | TEM-229 | TEM-96 | TEM-238 | TEM-17 | TEM-139 | TEM-86 | TEM-127 | TEM-1 | TEM-98	cephalosporin;monobactam;penicillin beta-lactam	antibiotic inactivation	0.0	0.0	0.0	0.0	0.0	0.0	0.0	0.0	0.0	0.0	0.0	0.0	0.0	0.0	0.0	0.0	0.0	0.0	0.0	0.0	0.0	0.0	0.0	0.0	0.0	11889792.59	0.0	0.0	0.0	0.0	0.0	0.0	0.0	0.0	0.0	0.0
TEM beta-lactamase	multiple	TEM-147 | TEM-90 | TEM-205 | TEM-73 | TEM-178 | TEM-253 | TEM-72 | TEM-239 | TEM-99 | TEM-256 | TEM-48 | TEM-28 | TEM-137 | TEM-215 | TEM-57 | TEM-110 | TEM-3 | TEM-124 | TEM-243 | TEM-224 | TEM-26 | TEM-247 | TEM-246 | TEM-10 | TEM-24 | TEM-85 | TEM-148 | TEM-177 | TEM-32 | TEM-217 | TEM-208 | TEM-242 | TEM-7 | TEM-75 | TEM-8 | TEM-214 | TEM-117 | TEM-227 | TEM-237 | TEM-168 | TEM-116 | TEM-149 | TEM-133 | TEM-190 | TEM-80 | TEM-201 | TEM-107 | TEM-197 | TEM-195 | TEM-153 | TEM-89 | TEM-71 | TEM-154 | TEM-96 | TEM-136 | TEM-29 | TEM-76 | TEM-86 | TEM-235 | TEM-135 | TEM-130 | TEM-234 | TEM-150 | TEM-225 | TEM-163 | TEM-143 | TEM-198 | TEM-152 | TEM-142 | TEM-166 | TEM-49 | TEM-36 | TEM-22 | TEM-82 | TEM-220 | TEM-88 | TEM-181 | TEM-19 | TEM-169 | TEM-92 | TEM-255 | TEM-114 | TEM-120 | TEM-186 | TEM-250 | TEM-194 | TEM-122 | TEM-81 | TEM-228 | TEM-176 | TEM-52 | TEM-129 | TEM-185 | TEM-188 | TEM-162 | TEM-132 | TEM-146 | TEM-35 | TEM-164 | TEM-101 | TEM-141 | TEM-21 | TEM-17 | TEM-252 | TEM-125 | TEM-212 | TEM-30 | TEM-196 | TEM-171 | TEM-12 | TEM-105 | TEM-67 | TEM-109 | TEM-144 | TEM-251 | TEM-53 | TEM-209 | TEM-83 | TEM-139 | TEM-1 | TEM-59 | TEM-167 | TEM-219 | TEM-118 | TEM-84 | TEM-191 | TEM-98 | TEM-70 | TEM-245 | TEM-226 | TEM-16 | TEM-5 | TEM-230 | TEM-138 | TEM-42 | TEM-20 | TEM-106 | TEM-6 | TEM-258 | TEM-79 | TEM-160 | TEM-47 | TEM-189 | TEM-231 | TEM-123 | TEM-127 | TEM-128 | TEM-33 | TEM-134 | TEM-15 | TEM-211 | TEM-210 | TEM-37 | TEM-184 | TEM-151 | TEM-254 | TEM-238 | TEM-236 | TEM-159 | TEM-104 | TEM-206 | TEM-111 | TEM-157 | TEM-257 | TEM-11 | TEM-216 | TEM-183 | TEM-126 | TEM-2 | TEM-213 | TEM-244 | TEM-121 | TEM-155 | TEM-229 | TEM-9 | TEM-115 | TEM-192 | TEM-40 | TEM-108 | TEM-113 | TEM-94 | TEM-68 | TEM-31 | TEM-112 | TEM-240 | TEM-34 | TEM-55 | TEM-232 | TEM-158 | TEM-43 | TEM-87 | TEM-91 | TEM-199 | TEM-248 | TEM-145 | TEM-233 | TEM-60 | TEM-93 | TEM-103 | TEM-187 | TEM-95 | TEM-156 | TEM-61 | TEM-241 | TEM-63 | TEM-193 | TEM-102 | TEM-182 | TEM-4 | TEM-78 | TEM-45 | TEM-54 | TEM-207 | TEM-39	cephalosporin;monobactam;penicillin beta-lactam	antibiotic inactivation	0.0	0.0	0.0	0.0	0.0	0.0	0.0	0.0	0.0	0.0	0.0	0.0	0.0	0.0	2606744.3	0.0	0.0	0.0	0.0	0.0	0.0	0.0	0.0	0.0	0.0	0.0	0.0	0.0	0.0	0.0	0.0	0.0	0.0	0.0	0.0	0.0
TEM beta-lactamase	multiple	TEM-150 | TEM-70 | TEM-26 | TEM-109 | TEM-190 | TEM-217 | TEM-81 | TEM-28 | TEM-121 | TEM-102 | TEM-24 | TEM-80 | TEM-160 | TEM-105 | TEM-132 | TEM-30 | TEM-55 | TEM-52 | TEM-152 | TEM-257 | TEM-240 | TEM-192 | TEM-68 | TEM-4 | TEM-112 | TEM-148 | TEM-231 | TEM-21 | TEM-82 | TEM-92 | TEM-186 | TEM-89 | TEM-233 | TEM-124 | TEM-209 | TEM-227 | TEM-12 | TEM-139 | TEM-157 | TEM-31 | TEM-207 | TEM-182 | TEM-162 | TEM-183 | TEM-116 | TEM-245 | TEM-135 | TEM-184 | TEM-212 | TEM-164 | TEM-33 | TEM-242 | TEM-107 | TEM-104 | TEM-103 | TEM-205 | TEM-146 | TEM-137 | TEM-130 | TEM-252 | TEM-83 | TEM-15 | TEM-213 | TEM-159 | TEM-247 | TEM-230 | TEM-111 | TEM-43 | TEM-246 | TEM-195 | TEM-128 | TEM-216 | TEM-258 | TEM-248 | TEM-163 | TEM-169 | TEM-168 | TEM-93 | TEM-117 | TEM-88 | TEM-210 | TEM-101 | TEM-99 | TEM-63 | TEM-72 | TEM-133 | TEM-114 | TEM-127 | TEM-10 | TEM-78 | TEM-151 | TEM-197 | TEM-29 | TEM-19 | TEM-154 | TEM-250 | TEM-110 | TEM-40 | TEM-79 | TEM-226 | TEM-95 | TEM-86 | TEM-214 | TEM-37 | TEM-185 | TEM-49 | TEM-7 | TEM-145 | TEM-193 | TEM-122 | TEM-171 | TEM-201 | TEM-136 | TEM-2 | TEM-54 | TEM-229 | TEM-236 | TEM-35 | TEM-123 | TEM-129 | TEM-125 | TEM-176 | TEM-126 | TEM-155 | TEM-141 | TEM-158 | TEM-256 | TEM-90 | TEM-60 | TEM-149 | TEM-1 | TEM-142 | TEM-75 | TEM-188 | TEM-134 | TEM-91 | TEM-232 | TEM-42 | TEM-243 | TEM-36 | TEM-138 | TEM-6 | TEM-67 | TEM-96 | TEM-118 | TEM-34 | TEM-253 | TEM-73 | TEM-198 | TEM-215 | TEM-57 | TEM-194 | TEM-143 | TEM-48 | TEM-208 | TEM-39 | TEM-254 | TEM-11 | TEM-234 | TEM-115 | TEM-199 | TEM-144 | TEM-177 | TEM-219 | TEM-228 | TEM-98 | TEM-235 | TEM-17 | TEM-153 | TEM-108 | TEM-156 | TEM-181 | TEM-59 | TEM-45 | TEM-244 | TEM-189 | TEM-84 | TEM-3 | TEM-22 | TEM-239 | TEM-61 | TEM-85 | TEM-8 | TEM-166 | TEM-206 | TEM-241 | TEM-196 | TEM-32 | TEM-238 | TEM-106 | TEM-120 | TEM-16 | TEM-47 | TEM-71 | TEM-191 | TEM-87 | TEM-220 | TEM-225 | TEM-224 | TEM-76 | TEM-251 | TEM-9 | TEM-5 | TEM-53 | TEM-237 | TEM-147 | TEM-255	cephalosporin;monobactam;penicillin beta-lactam	antibiotic inactivation	0.0	0.0	0.0	0.0	0.0	0.0	0.0	0.0	0.0	0.0	0.0	0.0	0.0	0.0	0.0	115710.26	0.0	0.0	0.0	0.0	0.0	0.0	0.0	0.0	0.0	0.0	0.0	0.0	0.0	0.0	0.0	0.0	0.0	0.0	0.0	0.0
TEM beta-lactamase	multiple	TEM-163 | TEM-182 | TEM-40 | TEM-55 | TEM-181 | TEM-90 | TEM-238 | TEM-220 | TEM-178 | TEM-210 | TEM-197 | TEM-104 | TEM-29 | TEM-78 | TEM-105 | TEM-125 | TEM-255 | TEM-254 | TEM-63 | TEM-54 | TEM-139 | TEM-225 | TEM-39 | TEM-2 | TEM-187 | TEM-148 | TEM-52 | TEM-164 | TEM-116 | TEM-243 | TEM-144 | TEM-228 | TEM-214 | TEM-47 | TEM-101 | TEM-169 | TEM-194 | TEM-226 | TEM-184 | TEM-35 | TEM-158 | TEM-120 | TEM-99 | TEM-4 | TEM-95 | TEM-157 | TEM-111 | TEM-130 | TEM-252 | TEM-82 | TEM-207 | TEM-154 | TEM-5 | TEM-49 | TEM-219 | TEM-236 | TEM-126 | TEM-20 | TEM-190 | TEM-216 | TEM-12 | TEM-9 | TEM-245 | TEM-199 | TEM-84 | TEM-156 | TEM-185 | TEM-1 | TEM-188 | TEM-162 | TEM-146 | TEM-241 | TEM-15 | TEM-3 | TEM-71 | TEM-124 | TEM-68 | TEM-109 | TEM-21 | TEM-7 | TEM-123 | TEM-213 | TEM-195 | TEM-151 | TEM-160 | TEM-132 | TEM-59 | TEM-191 | TEM-86 | TEM-149 | TEM-17 | TEM-30 | TEM-115 | TEM-83 | TEM-6 | TEM-45 | TEM-244 | TEM-258 | TEM-94 | TEM-192 | TEM-247 | TEM-176 | TEM-196 | TEM-36 | TEM-22 | TEM-24 | TEM-217 | TEM-43 | TEM-147 | TEM-206 | TEM-96 | TEM-152 | TEM-61 | TEM-183 | TEM-232 | TEM-209 | TEM-76 | TEM-240 | TEM-8 | TEM-48 | TEM-198 | TEM-234 | TEM-33 | TEM-171 | TEM-136 | TEM-110 | TEM-121 | TEM-227 | TEM-251 | TEM-72 | TEM-143 | TEM-242 | TEM-80 | TEM-34 | TEM-229 | TEM-87 | TEM-137 | TEM-129 | TEM-159 | TEM-155 | TEM-168 | TEM-73 | TEM-107 | TEM-113 | TEM-142 | TEM-205 | TEM-193 | TEM-88 | TEM-93 | TEM-145 | TEM-248 | TEM-98 | TEM-167 | TEM-257 | TEM-10 | TEM-127 | TEM-141 | TEM-224 | TEM-85 | TEM-103 | TEM-70 | TEM-189 | TEM-16 | TEM-114 | TEM-122 | TEM-231 | TEM-239 | TEM-118 | TEM-19 | TEM-37 | TEM-166 | TEM-79 | TEM-42 | TEM-250 | TEM-108 | TEM-235 | TEM-230 | TEM-128 | TEM-215 | TEM-26 | TEM-60 | TEM-75 | TEM-11 | TEM-134 | TEM-133 | TEM-91 | TEM-117 | TEM-253 | TEM-212 | TEM-112 | TEM-28 | TEM-31 | TEM-246 | TEM-135 | TEM-102 | TEM-201 | TEM-53 | TEM-150 | TEM-89 | TEM-177 | TEM-67 | TEM-153 | TEM-32 | TEM-256 | TEM-186 | TEM-208 | TEM-138 | TEM-237 | TEM-233 | TEM-211 | TEM-106 | TEM-92 | TEM-81 | TEM-57	cephalosporin;monobactam;penicillin beta-lactam	antibiotic inactivation	0.0	0.0	0.0	0.0	0.0	0.0	0.0	0.0	0.0	0.0	0.0	0.0	0.0	0.0	0.0	0.0	0.0	0.0	0.0	0.0	11354480.45	0.0	0.0	0.0	0.0	0.0	0.0	0.0	0.0	0.0	0.0	0.0	0.0	0.0	0.0	0.0
TEM beta-lactamase	multiple	TEM-169 | TEM-114 | TEM-26 | TEM-215 | TEM-146 | TEM-37 | TEM-115 | TEM-108 | TEM-70 | TEM-171 | TEM-43 | TEM-237 | TEM-96 | TEM-57 | TEM-99 | TEM-39 | TEM-149 | TEM-250 | TEM-190 | TEM-5 | TEM-111 | TEM-35 | TEM-104 | TEM-139 | TEM-242 | TEM-42 | TEM-230 | TEM-189 | TEM-80 | TEM-106 | TEM-199 | TEM-177 | TEM-214 | TEM-118 | TEM-181 | TEM-229 | TEM-52 | TEM-95 | TEM-240 | TEM-103 | TEM-110 | TEM-207 | TEM-3 | TEM-164 | TEM-152 | TEM-235 | TEM-112 | TEM-40 | TEM-55 | TEM-187 | TEM-63 | TEM-128 | TEM-29 | TEM-6 | TEM-206 | TEM-121 | TEM-236 | TEM-16 | TEM-47 | TEM-59 | TEM-216 | TEM-109 | TEM-257 | TEM-92 | TEM-186 | TEM-228 | TEM-123 | TEM-28 | TEM-197 | TEM-144 | TEM-116 | TEM-53 | TEM-184 | TEM-94 | TEM-136 | TEM-60 | TEM-185 | TEM-201 | TEM-127 | TEM-251 | TEM-67 | TEM-24 | TEM-36 | TEM-54 | TEM-48 | TEM-209 | TEM-120 | TEM-162 | TEM-68 | TEM-234 | TEM-163 | TEM-78 | TEM-219 | TEM-145 | TEM-147 | TEM-32 | TEM-89 | TEM-75 | TEM-153 | TEM-158 | TEM-129 | TEM-150 | TEM-156 | TEM-12 | TEM-208 | TEM-255 | TEM-254 | TEM-7 | TEM-61 | TEM-117 | TEM-31 | TEM-130 | TEM-113 | TEM-245 | TEM-88 | TEM-126 | TEM-188 | TEM-205 | TEM-93 | TEM-151 | TEM-134 | TEM-244 | TEM-196 | TEM-224 | TEM-98 | TEM-30 | TEM-10 | TEM-102 | TEM-19 | TEM-246 | TEM-217 | TEM-258 | TEM-192 | TEM-71 | TEM-91 | TEM-137 | TEM-183 | TEM-86 | TEM-168 | TEM-231 | TEM-9 | TEM-83 | TEM-227 | TEM-243 | TEM-253 | TEM-1 | TEM-81 | TEM-198 | TEM-154 | TEM-4 | TEM-105 | TEM-143 | TEM-241 | TEM-178 | TEM-232 | TEM-252 | TEM-2 | TEM-141 | TEM-8 | TEM-84 | TEM-33 | TEM-210 | TEM-15 | TEM-148 | TEM-239 | TEM-194 | TEM-85 | TEM-76 | TEM-157 | TEM-191 | TEM-176 | TEM-220 | TEM-213 | TEM-73 | TEM-211 | TEM-195 | TEM-135 | TEM-90 | TEM-17 | TEM-107 | TEM-79 | TEM-225 | TEM-233 | TEM-87 | TEM-160 | TEM-142 | TEM-155 | TEM-256 | TEM-193 | TEM-72 | TEM-34 | TEM-125 | TEM-49 | TEM-212 | TEM-22 | TEM-138 | TEM-166 | TEM-226 | TEM-124 | TEM-20 | TEM-11 | TEM-82 | TEM-132 | TEM-167 | TEM-238 | TEM-133 | TEM-248 | TEM-122 | TEM-101 | TEM-45 | TEM-159 | TEM-182 | TEM-247 | TEM-21	cephalosporin;monobactam;penicillin beta-lactam	antibiotic inactivation	0.0	0.0	0.0	0.0	0.0	0.0	0.0	0.0	0.0	0.0	0.0	0.0	0.0	0.0	0.0	0.0	0.0	0.0	0.0	8121582.67	0.0	0.0	0.0	0.0	0.0	0.0	0.0	0.0	0.0	0.0	0.0	0.0	0.0	0.0	0.0	0.0
TEM beta-lactamase	multiple	TEM-178 | TEM-236 | TEM-30 | TEM-124 | TEM-154 | TEM-139 | TEM-209 | TEM-54 | TEM-151 | TEM-132 | TEM-243 | TEM-162 | TEM-20 | TEM-190 | TEM-155 | TEM-189 | TEM-158 | TEM-133 | TEM-199 | TEM-111 | TEM-31 | TEM-63 | TEM-128 | TEM-61 | TEM-5 | TEM-251 | TEM-240 | TEM-238 | TEM-123 | TEM-258 | TEM-4 | TEM-255 | TEM-109 | TEM-186 | TEM-45 | TEM-142 | TEM-12 | TEM-213 | TEM-245 | TEM-114 | TEM-207 | TEM-215 | TEM-129 | TEM-117 | TEM-145 | TEM-195 | TEM-55 | TEM-187 | TEM-201 | TEM-253 | TEM-233 | TEM-225 | TEM-176 | TEM-228 | TEM-193 | TEM-196 | TEM-148 | TEM-82 | TEM-212 | TEM-214 | TEM-81 | TEM-32 | TEM-138 | TEM-205 | TEM-83 | TEM-57 | TEM-47 | TEM-7 | TEM-224 | TEM-6 | TEM-167 | TEM-3 | TEM-95 | TEM-9 | TEM-39 | TEM-141 | TEM-21 | TEM-194 | TEM-227 | TEM-156 | TEM-19 | TEM-107 | TEM-250 | TEM-160 | TEM-150 | TEM-121 | TEM-113 | TEM-53 | TEM-115 | TEM-134 | TEM-91 | TEM-257 | TEM-75 | TEM-136 | TEM-137 | TEM-168 | TEM-2 | TEM-157 | TEM-40 | TEM-147 | TEM-103 | TEM-87 | TEM-229 | TEM-206 | TEM-244 | TEM-242 | TEM-122 | TEM-73 | TEM-247 | TEM-169 | TEM-42 | TEM-86 | TEM-101 | TEM-104 | TEM-146 | TEM-88 | TEM-52 | TEM-17 | TEM-216 | TEM-126 | TEM-36 | TEM-16 | TEM-24 | TEM-153 | TEM-197 | TEM-116 | TEM-94 | TEM-235 | TEM-198 | TEM-246 | TEM-98 | TEM-211 | TEM-49 | TEM-96 | TEM-252 | TEM-1 | TEM-183 | TEM-217 | TEM-71 | TEM-231 | TEM-99 | TEM-108 | TEM-78 | TEM-143 | TEM-125 | TEM-159 | TEM-152 | TEM-48 | TEM-72 | TEM-37 | TEM-35 | TEM-149 | TEM-43 | TEM-210 | TEM-11 | TEM-219 | TEM-208 | TEM-84 | TEM-28 | TEM-85 | TEM-166 | TEM-191 | TEM-26 | TEM-60 | TEM-256 | TEM-181 | TEM-164 | TEM-118 | TEM-237 | TEM-177 | TEM-8 | TEM-112 | TEM-226 | TEM-184 | TEM-248 | TEM-89 | TEM-79 | TEM-230 | TEM-80 | TEM-192 | TEM-68 | TEM-241 | TEM-92 | TEM-254 | TEM-70 | TEM-232 | TEM-93 | TEM-22 | TEM-130 | TEM-220 | TEM-110 | TEM-171 | TEM-102 | TEM-188 | TEM-182 | TEM-33 | TEM-239 | TEM-234 | TEM-163 | TEM-29 | TEM-185 | TEM-105 | TEM-106 | TEM-10 | TEM-127 | TEM-59 | TEM-135 | TEM-144 | TEM-15 | TEM-67 | TEM-34 | TEM-76 | TEM-120 | TEM-90	cephalosporin;monobactam;penicillin beta-lactam	antibiotic inactivation	0.0	0.0	0.0	0.0	0.0	0.0	0.0	0.0	0.0	0.0	0.0	0.0	0.0	0.0	0.0	0.0	0.0	0.0	0.0	0.0	0.0	0.0	0.0	0.0	0.0	0.0	0.0	0.0	0.0	0.0	0.0	0.0	0.0	59647948.72	0.0	0.0
TEM beta-lactamase	multiple	TEM-198 | TEM-211 | TEM-189 | TEM-167 | TEM-70 | TEM-134 | TEM-150 | TEM-227 | TEM-2 | TEM-232 | TEM-91 | TEM-29 | TEM-53 | TEM-81 | TEM-60 | TEM-114 | TEM-243 | TEM-105 | TEM-149 | TEM-32 | TEM-190 | TEM-127 | TEM-92 | TEM-101 | TEM-163 | TEM-159 | TEM-68 | TEM-89 | TEM-205 | TEM-112 | TEM-72 | TEM-7 | TEM-133 | TEM-12 | TEM-154 | TEM-87 | TEM-151 | TEM-216 | TEM-217 | TEM-226 | TEM-257 | TEM-186 | TEM-8 | TEM-102 | TEM-147 | TEM-153 | TEM-96 | TEM-6 | TEM-3 | TEM-181 | TEM-220 | TEM-95 | TEM-22 | TEM-156 | TEM-247 | TEM-43 | TEM-5 | TEM-34 | TEM-206 | TEM-63 | TEM-28 | TEM-116 | TEM-115 | TEM-57 | TEM-191 | TEM-83 | TEM-239 | TEM-253 | TEM-201 | TEM-193 | TEM-256 | TEM-59 | TEM-26 | TEM-177 | TEM-250 | TEM-99 | TEM-166 | TEM-129 | TEM-93 | TEM-37 | TEM-36 | TEM-214 | TEM-258 | TEM-183 | TEM-1 | TEM-117 | TEM-246 | TEM-229 | TEM-86 | TEM-137 | TEM-248 | TEM-230 | TEM-94 | TEM-45 | TEM-85 | TEM-155 | TEM-31 | TEM-82 | TEM-71 | TEM-39 | TEM-67 | TEM-136 | TEM-84 | TEM-73 | TEM-76 | TEM-162 | TEM-113 | TEM-15 | TEM-52 | TEM-10 | TEM-19 | TEM-24 | TEM-148 | TEM-90 | TEM-128 | TEM-16 | TEM-192 | TEM-80 | TEM-125 | TEM-138 | TEM-168 | TEM-47 | TEM-135 | TEM-21 | TEM-108 | TEM-212 | TEM-196 | TEM-88 | TEM-171 | TEM-123 | TEM-30 | TEM-184 | TEM-144 | TEM-228 | TEM-130 | TEM-195 | TEM-42 | TEM-235 | TEM-236 | TEM-197 | TEM-152 | TEM-169 | TEM-11 | TEM-120 | TEM-106 | TEM-244 | TEM-215 | TEM-213 | TEM-240 | TEM-122 | TEM-4 | TEM-255 | TEM-164 | TEM-111 | TEM-121 | TEM-178 | TEM-141 | TEM-254 | TEM-176 | TEM-48 | TEM-233 | TEM-110 | TEM-9 | TEM-143 | TEM-79 | TEM-209 | TEM-118 | TEM-126 | TEM-199 | TEM-157 | TEM-109 | TEM-35 | TEM-207 | TEM-107 | TEM-49 | TEM-104 | TEM-182 | TEM-158 | TEM-160 | TEM-78 | TEM-238 | TEM-61 | TEM-241 | TEM-145 | TEM-139 | TEM-210 | TEM-20 | TEM-194 | TEM-245 | TEM-17 | TEM-146 | TEM-103 | TEM-251 | TEM-208 | TEM-219 | TEM-33 | TEM-187 | TEM-98 | TEM-54 | TEM-231 | TEM-55 | TEM-252 | TEM-124 | TEM-142 | TEM-40 | TEM-234 | TEM-132 | TEM-75 | TEM-224 | TEM-242 | TEM-185 | TEM-237 | TEM-225 | TEM-188	cephalosporin;monobactam;penicillin beta-lactam	antibiotic inactivation	0.0	0.0	0.0	0.0	13919334.18	0.0	0.0	0.0	0.0	0.0	0.0	0.0	0.0	0.0	0.0	0.0	0.0	0.0	0.0	0.0	0.0	0.0	0.0	0.0	0.0	0.0	0.0	0.0	0.0	0.0	0.0	0.0	0.0	0.0	0.0	0.0
TEM beta-lactamase	multiple	TEM-20 | TEM-191 | TEM-133 | TEM-146 | TEM-15 | TEM-59 | TEM-148 | TEM-110 | TEM-143 | TEM-158 | TEM-104 | TEM-214 | TEM-239 | TEM-164 | TEM-72 | TEM-116 | TEM-48 | TEM-149 | TEM-252 | TEM-12 | TEM-1 | TEM-8 | TEM-26 | TEM-176 | TEM-245 | TEM-132 | TEM-94 | TEM-210 | TEM-145 | TEM-258 | TEM-3 | TEM-254 | TEM-137 | TEM-135 | TEM-124 | TEM-75 | TEM-129 | TEM-139 | TEM-118 | TEM-86 | TEM-24 | TEM-123 | TEM-171 | TEM-108 | TEM-99 | TEM-160 | TEM-168 | TEM-2 | TEM-80 | TEM-70 | TEM-253 | TEM-101 | TEM-37 | TEM-68 | TEM-40 | TEM-49 | TEM-220 | TEM-106 | TEM-85 | TEM-115 | TEM-144 | TEM-9 | TEM-45 | TEM-211 | TEM-240 | TEM-79 | TEM-61 | TEM-163 | TEM-256 | TEM-83 | TEM-154 | TEM-197 | TEM-122 | TEM-22 | TEM-196 | TEM-42 | TEM-52 | TEM-205 | TEM-242 | TEM-57 | TEM-36 | TEM-130 | TEM-91 | TEM-33 | TEM-81 | TEM-96 | TEM-34 | TEM-166 | TEM-112 | TEM-188 | TEM-216 | TEM-43 | TEM-17 | TEM-238 | TEM-28 | TEM-232 | TEM-184 | TEM-213 | TEM-19 | TEM-113 | TEM-126 | TEM-208 | TEM-89 | TEM-215 | TEM-192 | TEM-128 | TEM-121 | TEM-209 | TEM-186 | TEM-102 | TEM-199 | TEM-246 | TEM-193 | TEM-31 | TEM-257 | TEM-16 | TEM-73 | TEM-237 | TEM-153 | TEM-190 | TEM-55 | TEM-159 | TEM-11 | TEM-226 | TEM-54 | TEM-53 | TEM-71 | TEM-82 | TEM-229 | TEM-114 | TEM-142 | TEM-155 | TEM-125 | TEM-162 | TEM-90 | TEM-236 | TEM-219 | TEM-95 | TEM-134 | TEM-225 | TEM-233 | TEM-212 | TEM-227 | TEM-39 | TEM-111 | TEM-224 | TEM-5 | TEM-30 | TEM-152 | TEM-4 | TEM-241 | TEM-35 | TEM-187 | TEM-157 | TEM-250 | TEM-117 | TEM-21 | TEM-84 | TEM-185 | TEM-255 | TEM-109 | TEM-244 | TEM-169 | TEM-107 | TEM-136 | TEM-92 | TEM-127 | TEM-151 | TEM-201 | TEM-87 | TEM-32 | TEM-182 | TEM-177 | TEM-234 | TEM-29 | TEM-138 | TEM-105 | TEM-217 | TEM-6 | TEM-228 | TEM-150 | TEM-206 | TEM-47 | TEM-93 | TEM-78 | TEM-248 | TEM-141 | TEM-230 | TEM-60 | TEM-235 | TEM-147 | TEM-76 | TEM-167 | TEM-189 | TEM-198 | TEM-98 | TEM-67 | TEM-156 | TEM-247 | TEM-88 | TEM-178 | TEM-181 | TEM-231 | TEM-251 | TEM-63 | TEM-183 | TEM-10 | TEM-7 | TEM-103 | TEM-120 | TEM-243 | TEM-207	cephalosporin;monobactam;penicillin beta-lactam	antibiotic inactivation	0.0	0.0	0.0	0.0	0.0	0.0	0.0	0.0	0.0	0.0	0.0	0.0	0.0	0.0	0.0	0.0	0.0	0.0	0.0	0.0	0.0	0.0	0.0	0.0	0.0	0.0	0.0	0.0	0.0	0.0	0.0	0.0	0.0	0.0	0.0	364940.68
TEM beta-lactamase	multiple	TEM-205 | TEM-177 | TEM-237 | TEM-136 | TEM-137 | TEM-210 | TEM-48 | TEM-40 | TEM-92 | TEM-5 | TEM-250 | TEM-88 | TEM-80 | TEM-214 | TEM-109 | TEM-10 | TEM-245 | TEM-182 | TEM-241 | TEM-60 | TEM-54 | TEM-171 | TEM-118 | TEM-87 | TEM-188 | TEM-33 | TEM-149 | TEM-153 | TEM-21 | TEM-146 | TEM-192 | TEM-244 | TEM-178 | TEM-167 | TEM-113 | TEM-99 | TEM-142 | TEM-11 | TEM-251 | TEM-147 | TEM-43 | TEM-242 | TEM-70 | TEM-215 | TEM-7 | TEM-55 | TEM-126 | TEM-235 | TEM-98 | TEM-229 | TEM-193 | TEM-107 | TEM-102 | TEM-32 | TEM-93 | TEM-154 | TEM-208 | TEM-110 | TEM-196 | TEM-81 | TEM-52 | TEM-115 | TEM-239 | TEM-198 | TEM-211 | TEM-45 | TEM-79 | TEM-164 | TEM-227 | TEM-220 | TEM-96 | TEM-132 | TEM-191 | TEM-163 | TEM-157 | TEM-15 | TEM-22 | TEM-31 | TEM-36 | TEM-26 | TEM-169 | TEM-20 | TEM-247 | TEM-111 | TEM-194 | TEM-238 | TEM-209 | TEM-127 | TEM-225 | TEM-104 | TEM-112 | TEM-183 | TEM-252 | TEM-234 | TEM-57 | TEM-125 | TEM-145 | TEM-16 | TEM-201 | TEM-1 | TEM-72 | TEM-152 | TEM-143 | TEM-141 | TEM-116 | TEM-59 | TEM-254 | TEM-158 | TEM-76 | TEM-30 | TEM-228 | TEM-120 | TEM-248 | TEM-226 | TEM-124 | TEM-197 | TEM-82 | TEM-207 | TEM-166 | TEM-148 | TEM-156 | TEM-29 | TEM-224 | TEM-37 | TEM-4 | TEM-134 | TEM-216 | TEM-6 | TEM-8 | TEM-253 | TEM-84 | TEM-75 | TEM-133 | TEM-122 | TEM-103 | TEM-3 | TEM-123 | TEM-230 | TEM-121 | TEM-159 | TEM-190 | TEM-67 | TEM-135 | TEM-34 | TEM-233 | TEM-240 | TEM-255 | TEM-19 | TEM-138 | TEM-199 | TEM-114 | TEM-94 | TEM-128 | TEM-91 | TEM-206 | TEM-176 | TEM-28 | TEM-150 | TEM-90 | TEM-53 | TEM-184 | TEM-2 | TEM-129 | TEM-106 | TEM-117 | TEM-219 | TEM-212 | TEM-160 | TEM-256 | TEM-236 | TEM-68 | TEM-243 | TEM-86 | TEM-12 | TEM-181 | TEM-130 | TEM-39 | TEM-195 | TEM-71 | TEM-89 | TEM-35 | TEM-49 | TEM-144 | TEM-139 | TEM-185 | TEM-257 | TEM-24 | TEM-189 | TEM-232 | TEM-213 | TEM-73 | TEM-151 | TEM-187 | TEM-95 | TEM-186 | TEM-9 | TEM-258 | TEM-105 | TEM-155 | TEM-85 | TEM-42 | TEM-162 | TEM-231 | TEM-78 | TEM-168 | TEM-217 | TEM-101 | TEM-17 | TEM-61 | TEM-83 | TEM-47 | TEM-108 | TEM-246 | TEM-63	cephalosporin;monobactam;penicillin beta-lactam	antibiotic inactivation	0.0	0.0	0.0	0.0	0.0	0.0	0.0	0.0	0.0	0.0	0.0	5378933.73	0.0	0.0	0.0	0.0	0.0	0.0	0.0	0.0	0.0	0.0	0.0	0.0	0.0	0.0	0.0	0.0	0.0	0.0	0.0	0.0	0.0	0.0	0.0	0.0
TEM beta-lactamase	multiple	TEM-209 | TEM-70 | TEM-17 | TEM-198 | TEM-130 | TEM-232 | TEM-117 | TEM-242 | TEM-132 | TEM-121 | TEM-95 | TEM-252 | TEM-11 | TEM-220 | TEM-207 | TEM-139 | TEM-153 | TEM-113 | TEM-71 | TEM-143 | TEM-214 | TEM-197 | TEM-79 | TEM-151 | TEM-5 | TEM-80 | TEM-53 | TEM-178 | TEM-107 | TEM-82 | TEM-162 | TEM-111 | TEM-93 | TEM-12 | TEM-76 | TEM-210 | TEM-212 | TEM-29 | TEM-39 | TEM-75 | TEM-246 | TEM-35 | TEM-250 | TEM-92 | TEM-189 | TEM-247 | TEM-238 | TEM-101 | TEM-88 | TEM-48 | TEM-240 | TEM-158 | TEM-256 | TEM-106 | TEM-55 | TEM-236 | TEM-225 | TEM-59 | TEM-129 | TEM-255 | TEM-224 | TEM-195 | TEM-99 | TEM-33 | TEM-105 | TEM-32 | TEM-192 | TEM-123 | TEM-83 | TEM-6 | TEM-125 | TEM-45 | TEM-37 | TEM-42 | TEM-206 | TEM-167 | TEM-217 | TEM-87 | TEM-211 | TEM-254 | TEM-148 | TEM-183 | TEM-43 | TEM-185 | TEM-205 | TEM-15 | TEM-194 | TEM-120 | TEM-146 | TEM-4 | TEM-68 | TEM-54 | TEM-154 | TEM-187 | TEM-73 | TEM-109 | TEM-231 | TEM-244 | TEM-94 | TEM-149 | TEM-245 | TEM-171 | TEM-84 | TEM-251 | TEM-193 | TEM-135 | TEM-144 | TEM-155 | TEM-78 | TEM-230 | TEM-233 | TEM-191 | TEM-116 | TEM-215 | TEM-201 | TEM-156 | TEM-3 | TEM-24 | TEM-177 | TEM-145 | TEM-103 | TEM-169 | TEM-49 | TEM-102 | TEM-108 | TEM-157 | TEM-176 | TEM-81 | TEM-196 | TEM-110 | TEM-248 | TEM-181 | TEM-118 | TEM-199 | TEM-47 | TEM-216 | TEM-122 | TEM-28 | TEM-163 | TEM-7 | TEM-253 | TEM-22 | TEM-184 | TEM-228 | TEM-133 | TEM-186 | TEM-126 | TEM-61 | TEM-147 | TEM-10 | TEM-226 | TEM-98 | TEM-239 | TEM-127 | TEM-182 | TEM-136 | TEM-166 | TEM-9 | TEM-234 | TEM-40 | TEM-213 | TEM-96 | TEM-124 | TEM-164 | TEM-188 | TEM-19 | TEM-63 | TEM-60 | TEM-258 | TEM-190 | TEM-20 | TEM-52 | TEM-85 | TEM-89 | TEM-257 | TEM-142 | TEM-160 | TEM-141 | TEM-138 | TEM-128 | TEM-104 | TEM-227 | TEM-237 | TEM-86 | TEM-243 | TEM-208 | TEM-235 | TEM-115 | TEM-34 | TEM-152 | TEM-241 | TEM-72 | TEM-112 | TEM-26 | TEM-229 | TEM-31 | TEM-219 | TEM-114 | TEM-2 | TEM-16 | TEM-36 | TEM-168 | TEM-90 | TEM-67 | TEM-8 | TEM-1 | TEM-57 | TEM-134 | TEM-30 | TEM-91 | TEM-137 | TEM-159 | TEM-21 | TEM-150	cephalosporin;monobactam;penicillin beta-lactam	antibiotic inactivation	0.0	0.0	0.0	0.0	0.0	0.0	0.0	0.0	1415040.49	0.0	0.0	0.0	0.0	0.0	0.0	0.0	0.0	0.0	0.0	0.0	0.0	0.0	0.0	0.0	0.0	0.0	0.0	0.0	0.0	0.0	0.0	0.0	0.0	0.0	0.0	0.0
TEM beta-lactamase	multiple	TEM-217 | TEM-158 | TEM-52 | TEM-229 | TEM-70 | TEM-29 | TEM-232 | TEM-206 | TEM-205 | TEM-109 | TEM-95 | TEM-236 | TEM-135 | TEM-199 | TEM-193 | TEM-110 | TEM-30 | TEM-60 | TEM-53 | TEM-49 | TEM-59 | TEM-152 | TEM-258 | TEM-42 | TEM-113 | TEM-2 | TEM-85 | TEM-34 | TEM-117 | TEM-155 | TEM-33 | TEM-88 | TEM-8 | TEM-115 | TEM-21 | TEM-68 | TEM-5 | TEM-197 | TEM-79 | TEM-220 | TEM-255 | TEM-225 | TEM-86 | TEM-240 | TEM-17 | TEM-245 | TEM-118 | TEM-104 | TEM-213 | TEM-137 | TEM-39 | TEM-211 | TEM-181 | TEM-89 | TEM-143 | TEM-139 | TEM-1 | TEM-55 | TEM-216 | TEM-209 | TEM-129 | TEM-61 | TEM-163 | TEM-125 | TEM-159 | TEM-93 | TEM-133 | TEM-188 | TEM-166 | TEM-107 | TEM-250 | TEM-3 | TEM-35 | TEM-15 | TEM-20 | TEM-154 | TEM-153 | TEM-191 | TEM-150 | TEM-63 | TEM-208 | TEM-10 | TEM-73 | TEM-243 | TEM-138 | TEM-215 | TEM-120 | TEM-212 | TEM-45 | TEM-78 | TEM-128 | TEM-224 | TEM-141 | TEM-47 | TEM-127 | TEM-101 | TEM-160 | TEM-105 | TEM-210 | TEM-112 | TEM-48 | TEM-144 | TEM-57 | TEM-28 | TEM-190 | TEM-108 | TEM-102 | TEM-124 | TEM-169 | TEM-151 | TEM-98 | TEM-207 | TEM-84 | TEM-43 | TEM-195 | TEM-219 | TEM-7 | TEM-171 | TEM-12 | TEM-256 | TEM-71 | TEM-142 | TEM-148 | TEM-99 | TEM-177 | TEM-242 | TEM-248 | TEM-214 | TEM-257 | TEM-187 | TEM-126 | TEM-121 | TEM-4 | TEM-67 | TEM-83 | TEM-227 | TEM-162 | TEM-147 | TEM-234 | TEM-167 | TEM-176 | TEM-81 | TEM-185 | TEM-136 | TEM-184 | TEM-230 | TEM-254 | TEM-9 | TEM-157 | TEM-233 | TEM-189 | TEM-122 | TEM-237 | TEM-24 | TEM-134 | TEM-111 | TEM-149 | TEM-37 | TEM-168 | TEM-130 | TEM-106 | TEM-252 | TEM-103 | TEM-87 | TEM-132 | TEM-178 | TEM-198 | TEM-75 | TEM-192 | TEM-80 | TEM-183 | TEM-31 | TEM-26 | TEM-82 | TEM-16 | TEM-32 | TEM-22 | TEM-11 | TEM-182 | TEM-54 | TEM-19 | TEM-226 | TEM-72 | TEM-251 | TEM-76 | TEM-201 | TEM-239 | TEM-116 | TEM-194 | TEM-238 | TEM-145 | TEM-246 | TEM-123 | TEM-186 | TEM-196 | TEM-91 | TEM-247 | TEM-253 | TEM-114 | TEM-6 | TEM-228 | TEM-241 | TEM-146 | TEM-92 | TEM-156 | TEM-164 | TEM-40 | TEM-96 | TEM-90 | TEM-36 | TEM-235 | TEM-231 | TEM-94 | TEM-244	cephalosporin;monobactam;penicillin beta-lactam	antibiotic inactivation	0.0	0.0	0.0	0.0	0.0	0.0	0.0	0.0	0.0	0.0	0.0	0.0	0.0	0.0	0.0	0.0	0.0	0.0	3727944.25	0.0	0.0	0.0	0.0	0.0	0.0	0.0	0.0	0.0	0.0	0.0	0.0	0.0	0.0	0.0	0.0	0.0
TEM beta-lactamase	multiple	TEM-217 | TEM-243 | TEM-198 | TEM-112 | TEM-26 | TEM-150 | TEM-67 | TEM-120 | TEM-195 | TEM-95 | TEM-136 | TEM-92 | TEM-250 | TEM-228 | TEM-57 | TEM-155 | TEM-181 | TEM-151 | TEM-166 | TEM-191 | TEM-11 | TEM-159 | TEM-205 | TEM-157 | TEM-49 | TEM-176 | TEM-158 | TEM-79 | TEM-225 | TEM-78 | TEM-233 | TEM-123 | TEM-68 | TEM-220 | TEM-19 | TEM-258 | TEM-87 | TEM-15 | TEM-177 | TEM-162 | TEM-219 | TEM-36 | TEM-30 | TEM-237 | TEM-98 | TEM-84 | TEM-32 | TEM-8 | TEM-39 | TEM-138 | TEM-54 | TEM-115 | TEM-133 | TEM-242 | TEM-213 | TEM-83 | TEM-192 | TEM-238 | TEM-40 | TEM-197 | TEM-149 | TEM-55 | TEM-12 | TEM-239 | TEM-48 | TEM-90 | TEM-210 | TEM-124 | TEM-257 | TEM-85 | TEM-153 | TEM-73 | TEM-127 | TEM-24 | TEM-164 | TEM-224 | TEM-244 | TEM-102 | TEM-72 | TEM-186 | TEM-207 | TEM-96 | TEM-5 | TEM-252 | TEM-42 | TEM-122 | TEM-235 | TEM-37 | TEM-240 | TEM-171 | TEM-196 | TEM-1 | TEM-110 | TEM-28 | TEM-227 | TEM-183 | TEM-251 | TEM-94 | TEM-80 | TEM-108 | TEM-206 | TEM-147 | TEM-184 | TEM-142 | TEM-208 | TEM-187 | TEM-45 | TEM-154 | TEM-63 | TEM-229 | TEM-168 | TEM-93 | TEM-134 | TEM-128 | TEM-114 | TEM-3 | TEM-104 | TEM-230 | TEM-31 | TEM-29 | TEM-126 | TEM-17 | TEM-201 | TEM-4 | TEM-22 | TEM-137 | TEM-156 | TEM-246 | TEM-20 | TEM-247 | TEM-116 | TEM-6 | TEM-231 | TEM-193 | TEM-129 | TEM-152 | TEM-148 | TEM-214 | TEM-106 | TEM-125 | TEM-91 | TEM-139 | TEM-52 | TEM-109 | TEM-236 | TEM-163 | TEM-9 | TEM-99 | TEM-145 | TEM-103 | TEM-71 | TEM-194 | TEM-118 | TEM-81 | TEM-215 | TEM-146 | TEM-211 | TEM-89 | TEM-2 | TEM-254 | TEM-70 | TEM-33 | TEM-47 | TEM-82 | TEM-130 | TEM-111 | TEM-209 | TEM-212 | TEM-34 | TEM-59 | TEM-216 | TEM-86 | TEM-113 | TEM-132 | TEM-21 | TEM-141 | TEM-255 | TEM-117 | TEM-135 | TEM-107 | TEM-160 | TEM-189 | TEM-76 | TEM-182 | TEM-144 | TEM-188 | TEM-226 | TEM-143 | TEM-185 | TEM-101 | TEM-256 | TEM-88 | TEM-7 | TEM-167 | TEM-241 | TEM-43 | TEM-75 | TEM-35 | TEM-232 | TEM-169 | TEM-105 | TEM-61 | TEM-199 | TEM-245 | TEM-253 | TEM-53 | TEM-178 | TEM-121 | TEM-16 | TEM-190 | TEM-10 | TEM-60 | TEM-234 | TEM-248	cephalosporin;monobactam;penicillin beta-lactam	antibiotic inactivation	0.0	0.0	0.0	0.0	0.0	0.0	0.0	0.0	0.0	0.0	0.0	0.0	0.0	0.0	0.0	0.0	0.0	0.0	0.0	0.0	0.0	0.0	0.0	0.0	0.0	0.0	0.0	5065746.18	0.0	0.0	0.0	0.0	0.0	0.0	0.0	0.0
TEM beta-lactamase	multiple	TEM-230 | TEM-201 | TEM-96 | TEM-250 | TEM-253 | TEM-168 | TEM-151 | TEM-94 | TEM-114 | TEM-59 | TEM-155 | TEM-101 | TEM-159 | TEM-109 | TEM-67 | TEM-45 | TEM-195 | TEM-88 | TEM-5 | TEM-7 | TEM-17 | TEM-181 | TEM-63 | TEM-8 | TEM-110 | TEM-95 | TEM-244 | TEM-121 | TEM-30 | TEM-182 | TEM-217 | TEM-122 | TEM-80 | TEM-150 | TEM-79 | TEM-139 | TEM-72 | TEM-133 | TEM-86 | TEM-257 | TEM-93 | TEM-228 | TEM-128 | TEM-210 | TEM-134 | TEM-245 | TEM-53 | TEM-105 | TEM-99 | TEM-142 | TEM-118 | TEM-136 | TEM-87 | TEM-92 | TEM-154 | TEM-78 | TEM-229 | TEM-184 | TEM-252 | TEM-54 | TEM-225 | TEM-84 | TEM-236 | TEM-9 | TEM-224 | TEM-169 | TEM-104 | TEM-198 | TEM-71 | TEM-10 | TEM-212 | TEM-117 | TEM-211 | TEM-205 | TEM-163 | TEM-171 | TEM-125 | TEM-55 | TEM-120 | TEM-102 | TEM-39 | TEM-76 | TEM-3 | TEM-216 | TEM-82 | TEM-61 | TEM-145 | TEM-214 | TEM-85 | TEM-16 | TEM-251 | TEM-177 | TEM-240 | TEM-231 | TEM-111 | TEM-208 | TEM-193 | TEM-19 | TEM-254 | TEM-248 | TEM-6 | TEM-235 | TEM-197 | TEM-158 | TEM-40 | TEM-143 | TEM-156 | TEM-91 | TEM-233 | TEM-207 | TEM-178 | TEM-234 | TEM-1 | TEM-215 | TEM-47 | TEM-35 | TEM-31 | TEM-185 | TEM-246 | TEM-239 | TEM-194 | TEM-123 | TEM-36 | TEM-188 | TEM-153 | TEM-146 | TEM-227 | TEM-147 | TEM-192 | TEM-60 | TEM-152 | TEM-247 | TEM-52 | TEM-132 | TEM-127 | TEM-243 | TEM-164 | TEM-141 | TEM-83 | TEM-130 | TEM-220 | TEM-4 | TEM-213 | TEM-11 | TEM-241 | TEM-196 | TEM-90 | TEM-166 | TEM-98 | TEM-70 | TEM-113 | TEM-183 | TEM-157 | TEM-238 | TEM-108 | TEM-115 | TEM-129 | TEM-24 | TEM-255 | TEM-199 | TEM-21 | TEM-189 | TEM-137 | TEM-187 | TEM-258 | TEM-124 | TEM-237 | TEM-81 | TEM-126 | TEM-148 | TEM-106 | TEM-107 | TEM-116 | TEM-176 | TEM-190 | TEM-73 | TEM-191 | TEM-42 | TEM-26 | TEM-20 | TEM-242 | TEM-43 | TEM-112 | TEM-256 | TEM-75 | TEM-22 | TEM-160 | TEM-29 | TEM-48 | TEM-149 | TEM-209 | TEM-15 | TEM-37 | TEM-49 | TEM-33 | TEM-226 | TEM-167 | TEM-219 | TEM-144 | TEM-32 | TEM-89 | TEM-2 | TEM-12 | TEM-103 | TEM-34 | TEM-68 | TEM-138 | TEM-232 | TEM-57 | TEM-206 | TEM-162 | TEM-28 | TEM-186 | TEM-135	cephalosporin;monobactam;penicillin beta-lactam	antibiotic inactivation	0.0	0.0	0.0	0.0	0.0	0.0	0.0	0.0	0.0	0.0	0.0	0.0	0.0	0.0	0.0	0.0	0.0	0.0	0.0	0.0	0.0	0.0	0.0	0.0	2532357.13	0.0	0.0	0.0	0.0	0.0	0.0	0.0	0.0	0.0	0.0	0.0
TEM beta-lactamase	multiple	TEM-232 | TEM-63 | TEM-156 | TEM-122 | TEM-154 | TEM-82 | TEM-28 | TEM-99 | TEM-229 | TEM-206 | TEM-191 | TEM-159 | TEM-88 | TEM-130 | TEM-68 | TEM-251 | TEM-177 | TEM-209 | TEM-194 | TEM-71 | TEM-109 | TEM-215 | TEM-158 | TEM-55 | TEM-138 | TEM-43 | TEM-196 | TEM-106 | TEM-189 | TEM-96 | TEM-188 | TEM-29 | TEM-230 | TEM-217 | TEM-120 | TEM-2 | TEM-11 | TEM-184 | TEM-60 | TEM-107 | TEM-3 | TEM-40 | TEM-144 | TEM-247 | TEM-104 | TEM-37 | TEM-10 | TEM-148 | TEM-135 | TEM-124 | TEM-52 | TEM-216 | TEM-5 | TEM-87 | TEM-241 | TEM-219 | TEM-248 | TEM-220 | TEM-212 | TEM-72 | TEM-224 | TEM-166 | TEM-243 | TEM-228 | TEM-70 | TEM-19 | TEM-198 | TEM-238 | TEM-233 | TEM-116 | TEM-133 | TEM-183 | TEM-31 | TEM-34 | TEM-81 | TEM-164 | TEM-128 | TEM-33 | TEM-182 | TEM-93 | TEM-145 | TEM-176 | TEM-103 | TEM-162 | TEM-126 | TEM-16 | TEM-226 | TEM-108 | TEM-57 | TEM-153 | TEM-155 | TEM-24 | TEM-54 | TEM-47 | TEM-137 | TEM-201 | TEM-30 | TEM-255 | TEM-95 | TEM-17 | TEM-12 | TEM-1 | TEM-163 | TEM-112 | TEM-199 | TEM-157 | TEM-149 | TEM-253 | TEM-8 | TEM-129 | TEM-239 | TEM-80 | TEM-181 | TEM-6 | TEM-67 | TEM-195 | TEM-35 | TEM-92 | TEM-208 | TEM-244 | TEM-136 | TEM-141 | TEM-237 | TEM-257 | TEM-36 | TEM-252 | TEM-207 | TEM-76 | TEM-186 | TEM-121 | TEM-150 | TEM-73 | TEM-235 | TEM-171 | TEM-256 | TEM-240 | TEM-98 | TEM-169 | TEM-242 | TEM-192 | TEM-114 | TEM-134 | TEM-197 | TEM-143 | TEM-32 | TEM-236 | TEM-147 | TEM-246 | TEM-146 | TEM-139 | TEM-15 | TEM-193 | TEM-79 | TEM-90 | TEM-225 | TEM-234 | TEM-91 | TEM-254 | TEM-61 | TEM-26 | TEM-160 | TEM-168 | TEM-127 | TEM-132 | TEM-53 | TEM-214 | TEM-210 | TEM-258 | TEM-115 | TEM-102 | TEM-231 | TEM-105 | TEM-185 | TEM-245	cephalosporin;monobactam;penicillin beta-lactam	antibiotic inactivation	0.0	0.0	0.0	0.0	0.0	0.0	0.0	0.0	0.0	0.0	137885.19	0.0	0.0	0.0	0.0	0.0	0.0	0.0	0.0	0.0	0.0	0.0	0.0	0.0	0.0	0.0	0.0	0.0	0.0	0.0	0.0	0.0	0.0	0.0	0.0	0.0
TEM beta-lactamase	multiple	TEM-239 | TEM-154 | TEM-189 | TEM-209 | TEM-240 | TEM-168 | TEM-158 | TEM-178 | TEM-138 | TEM-177 | TEM-8 | TEM-230 | TEM-186 | TEM-192 | TEM-220 | TEM-20 | TEM-72 | TEM-142 | TEM-127 | TEM-191 | TEM-10 | TEM-157 | TEM-114 | TEM-118 | TEM-162 | TEM-182 | TEM-120 | TEM-92 | TEM-73 | TEM-145 | TEM-107 | TEM-113 | TEM-225 | TEM-256 | TEM-188 | TEM-71 | TEM-37 | TEM-164 | TEM-53 | TEM-250 | TEM-226 | TEM-45 | TEM-143 | TEM-76 | TEM-139 | TEM-35 | TEM-248 | TEM-253 | TEM-193 | TEM-78 | TEM-70 | TEM-149 | TEM-30 | TEM-81 | TEM-252 | TEM-208 | TEM-231 | TEM-176 | TEM-112 | TEM-117 | TEM-104 | TEM-102 | TEM-133 | TEM-242 | TEM-236 | TEM-57 | TEM-196 | TEM-229 | TEM-214 | TEM-150 | TEM-205 | TEM-108 | TEM-116 | TEM-98 | TEM-151 | TEM-32 | TEM-246 | TEM-24 | TEM-39 | TEM-163 | TEM-144 | TEM-59 | TEM-40 | TEM-206 | TEM-238 | TEM-147 | TEM-134 | TEM-187 | TEM-199 | TEM-233 | TEM-31 | TEM-181 | TEM-146 | TEM-201 | TEM-194 | TEM-125 | TEM-47 | TEM-87 | TEM-11 | TEM-153 | TEM-184 | TEM-86 | TEM-166 | TEM-16 | TEM-68 | TEM-152 | TEM-237 | TEM-54 | TEM-232 | TEM-148 | TEM-4 | TEM-171 | TEM-33 | TEM-207 | TEM-49 | TEM-121 | TEM-155 | TEM-110 | TEM-17 | TEM-227 | TEM-61 | TEM-80 | TEM-79 | TEM-198 | TEM-22 | TEM-183 | TEM-160 | TEM-122 | TEM-217 | TEM-7 | TEM-235 | TEM-103 | TEM-29 | TEM-247 | TEM-115 | TEM-106 | TEM-216 | TEM-21 | TEM-135 | TEM-43 | TEM-89 | TEM-84 | TEM-243 | TEM-99 | TEM-128 | TEM-123 | TEM-15 | TEM-185 | TEM-224 | TEM-245 | TEM-48 | TEM-85 | TEM-42 | TEM-91 | TEM-195 | TEM-111 | TEM-213 | TEM-60 | TEM-90 | TEM-136 | TEM-1 | TEM-255 | TEM-63 | TEM-105 | TEM-26 | TEM-101 | TEM-167 | TEM-6 | TEM-12 | TEM-210 | TEM-28 | TEM-258 | TEM-3 | TEM-190 | TEM-244 | TEM-126 | TEM-234 | TEM-228 | TEM-94 | TEM-9 | TEM-211 | TEM-5 | TEM-52 | TEM-96 | TEM-251 | TEM-130 | TEM-159 | TEM-83 | TEM-124 | TEM-141 | TEM-129 | TEM-95 | TEM-82 | TEM-34 | TEM-169 | TEM-67 | TEM-257 | TEM-212 | TEM-215 | TEM-137 | TEM-93 | TEM-88 | TEM-241 | TEM-2 | TEM-75 | TEM-132 | TEM-197 | TEM-55 | TEM-109 | TEM-36 | TEM-219 | TEM-156 | TEM-19 | TEM-254	cephalosporin;monobactam;penicillin beta-lactam	antibiotic inactivation	0.0	0.0	0.0	0.0	0.0	0.0	0.0	0.0	0.0	0.0	0.0	0.0	0.0	0.0	0.0	0.0	0.0	0.0	0.0	0.0	0.0	0.0	0.0	0.0	0.0	0.0	0.0	0.0	74384899.97	0.0	0.0	0.0	0.0	0.0	0.0	0.0
TEM beta-lactamase	multiple	TEM-243 | TEM-251 | TEM-198 | TEM-141 | TEM-88 | TEM-255 | TEM-146 | TEM-54 | TEM-163 | TEM-32 | TEM-229 | TEM-128 | TEM-158 | TEM-230 | TEM-31 | TEM-207 | TEM-215 | TEM-253 | TEM-37 | TEM-216 | TEM-112 | TEM-10 | TEM-43 | TEM-148 | TEM-28 | TEM-245 | TEM-236 | TEM-132 | TEM-186 | TEM-220 | TEM-239 | TEM-228 | TEM-231 | TEM-47 | TEM-76 | TEM-206 | TEM-126 | TEM-197 | TEM-246 | TEM-171 | TEM-98 | TEM-210 | TEM-201 | TEM-217 | TEM-168 | TEM-96 | TEM-183 | TEM-5 | TEM-91 | TEM-122 | TEM-29 | TEM-79 | TEM-237 | TEM-226 | TEM-90 | TEM-36 | TEM-143 | TEM-109 | TEM-34 | TEM-166 | TEM-242 | TEM-176 | TEM-17 | TEM-257 | TEM-238 | TEM-26 | TEM-95 | TEM-104 | TEM-252 | TEM-144 | TEM-157 | TEM-232 | TEM-233 | TEM-108 | TEM-105 | TEM-254 | TEM-181 | TEM-169 | TEM-219 | TEM-33 | TEM-136 | TEM-156 | TEM-192 | TEM-153 | TEM-256 | TEM-1 | TEM-70 | TEM-208 | TEM-214 | TEM-93 | TEM-145 | TEM-35 | TEM-107 | TEM-135 | TEM-52 | TEM-68 | TEM-147 | TEM-240 | TEM-15 | TEM-164 | TEM-225 | TEM-30 | TEM-127 | TEM-99 | TEM-234 | TEM-209 | TEM-6 | TEM-103 | TEM-57 | TEM-196 | TEM-124 | TEM-102 | TEM-116 | TEM-182 | TEM-55 | TEM-235 | TEM-106	cephalosporin;monobactam;penicillin beta-lactam	antibiotic inactivation	0.0	0.0	0.0	0.0	0.0	0.0	0.0	0.0	0.0	0.0	0.0	0.0	0.0	0.0	0.0	0.0	77166.27	0.0	0.0	0.0	0.0	0.0	0.0	0.0	0.0	0.0	0.0	0.0	0.0	0.0	0.0	0.0	0.0	0.0	0.0	0.0
TEM beta-lactamase	multiple	TEM-245 | TEM-143 | TEM-156 | TEM-162 | TEM-257 | TEM-244 | TEM-37 | TEM-70 | TEM-123 | TEM-19 | TEM-98 | TEM-194 | TEM-197 | TEM-214 | TEM-92 | TEM-138 | TEM-229 | TEM-48 | TEM-83 | TEM-199 | TEM-254 | TEM-159 | TEM-252 | TEM-16 | TEM-231 | TEM-91 | TEM-176 | TEM-207 | TEM-104 | TEM-63 | TEM-86 | TEM-183 | TEM-145 | TEM-151 | TEM-157 | TEM-209 | TEM-11 | TEM-120 | TEM-210 | TEM-215 | TEM-89 | TEM-67 | TEM-152 | TEM-211 | TEM-220 | TEM-169 | TEM-238 | TEM-163 | TEM-81 | TEM-118 | TEM-135 | TEM-208 | TEM-246 | TEM-253 | TEM-137 | TEM-171 | TEM-150 | TEM-110 | TEM-99 | TEM-43 | TEM-85 | TEM-101 | TEM-256 | TEM-195 | TEM-57 | TEM-236 | TEM-17 | TEM-212 | TEM-124 | TEM-113 | TEM-12 | TEM-154 | TEM-94 | TEM-30 | TEM-54 | TEM-226 | TEM-33 | TEM-24 | TEM-21 | TEM-196 | TEM-2 | TEM-1 | TEM-186 | TEM-164 | TEM-76 | TEM-228 | TEM-147 | TEM-133 | TEM-45 | TEM-251 | TEM-193 | TEM-29 | TEM-53 | TEM-59 | TEM-198 | TEM-201 | TEM-106 | TEM-167 | TEM-178 | TEM-234 | TEM-49 | TEM-241 | TEM-114 | TEM-4 | TEM-73 | TEM-185 | TEM-95 | TEM-15 | TEM-32 | TEM-129 | TEM-52 | TEM-141 | TEM-7 | TEM-125 | TEM-237 | TEM-243 | TEM-255 | TEM-105 | TEM-250 | TEM-240 | TEM-188 | TEM-158 | TEM-82 | TEM-5 | TEM-102 | TEM-190 | TEM-149 | TEM-93 | TEM-258 | TEM-36 | TEM-127 | TEM-248 | TEM-166 | TEM-168 | TEM-216 | TEM-142 | TEM-192 | TEM-34 | TEM-109 | TEM-132 | TEM-90 | TEM-107 | TEM-235 | TEM-39 | TEM-230 | TEM-116 | TEM-96 | TEM-10 | TEM-242 | TEM-31 | TEM-189 | TEM-61 | TEM-205 | TEM-128 | TEM-144 | TEM-68 | TEM-60 | TEM-153 | TEM-121 | TEM-26 | TEM-71 | TEM-148 | TEM-247 | TEM-177 | TEM-130 | TEM-160 | TEM-115 | TEM-22 | TEM-8 | TEM-181 | TEM-75 | TEM-225 | TEM-187 | TEM-84 | TEM-40 | TEM-126 | TEM-122 | TEM-217 | TEM-108 | TEM-219 | TEM-191 | TEM-3 | TEM-28 | TEM-146 | TEM-182 | TEM-184 | TEM-20 | TEM-42 | TEM-227 | TEM-224 | TEM-87 | TEM-79 | TEM-117 | TEM-55 | TEM-136 | TEM-6 | TEM-111 | TEM-239 | TEM-9 | TEM-155 | TEM-233 | TEM-213 | TEM-35 | TEM-78 | TEM-206 | TEM-47 | TEM-80 | TEM-139 | TEM-232 | TEM-112 | TEM-103 | TEM-88 | TEM-134 | TEM-72	cephalosporin;monobactam;penicillin beta-lactam	antibiotic inactivation	0.0	0.0	0.0	0.0	0.0	0.0	0.0	0.0	0.0	0.0	0.0	0.0	25147030.13	0.0	0.0	0.0	0.0	0.0	0.0	0.0	0.0	0.0	0.0	0.0	0.0	0.0	0.0	0.0	0.0	0.0	0.0	0.0	0.0	0.0	0.0	0.0
TEM beta-lactamase	multiple	TEM-245 | TEM-166 | TEM-84 | TEM-114 | TEM-228 | TEM-72 | TEM-229 | TEM-169 | TEM-240 | TEM-35 | TEM-7 | TEM-199 | TEM-109 | TEM-29 | TEM-255 | TEM-230 | TEM-212 | TEM-205 | TEM-251 | TEM-61 | TEM-102 | TEM-67 | TEM-236 | TEM-257 | TEM-244 | TEM-145 | TEM-118 | TEM-186 | TEM-9 | TEM-147 | TEM-162 | TEM-213 | TEM-158 | TEM-196 | TEM-148 | TEM-89 | TEM-106 | TEM-33 | TEM-31 | TEM-26 | TEM-93 | TEM-133 | TEM-188 | TEM-248 | TEM-82 | TEM-195 | TEM-226 | TEM-104 | TEM-95 | TEM-198 | TEM-103 | TEM-227 | TEM-182 | TEM-127 | TEM-12 | TEM-99 | TEM-191 | TEM-220 | TEM-167 | TEM-92 | TEM-24 | TEM-238 | TEM-184 | TEM-159 | TEM-94 | TEM-55 | TEM-181 | TEM-138 | TEM-146 | TEM-30 | TEM-252 | TEM-231 | TEM-130 | TEM-254 | TEM-86 | TEM-70 | TEM-40 | TEM-214 | TEM-54 | TEM-21 | TEM-134 | TEM-123 | TEM-168 | TEM-59 | TEM-96 | TEM-129 | TEM-216 | TEM-201 | TEM-75 | TEM-207 | TEM-11 | TEM-219 | TEM-110 | TEM-19 | TEM-17 | TEM-177 | TEM-143 | TEM-20 | TEM-189 | TEM-217 | TEM-120 | TEM-144 | TEM-151 | TEM-142 | TEM-43 | TEM-157 | TEM-108 | TEM-57 | TEM-60 | TEM-152 | TEM-80 | TEM-153 | TEM-32 | TEM-6 | TEM-246 | TEM-258 | TEM-126 | TEM-178 | TEM-111 | TEM-237 | TEM-28 | TEM-171 | TEM-37 | TEM-163 | TEM-233 | TEM-68 | TEM-73 | TEM-137 | TEM-211 | TEM-15 | TEM-45 | TEM-87 | TEM-71 | TEM-185 | TEM-241 | TEM-63 | TEM-85 | TEM-91 | TEM-156 | TEM-256 | TEM-1 | TEM-150 | TEM-22 | TEM-49 | TEM-10 | TEM-206 | TEM-112 | TEM-176 | TEM-224 | TEM-83 | TEM-90 | TEM-132 | TEM-47 | TEM-139 | TEM-42 | TEM-117 | TEM-208 | TEM-225 | TEM-135 | TEM-164 | TEM-113 | TEM-234 | TEM-149 | TEM-190 | TEM-79 | TEM-34 | TEM-125 | TEM-98 | TEM-187 | TEM-128 | TEM-78 | TEM-235 | TEM-122 | TEM-76 | TEM-48 | TEM-105 | TEM-239 | TEM-2 | TEM-36 | TEM-3 | TEM-183 | TEM-242 | TEM-141 | TEM-121 | TEM-247 | TEM-115 | TEM-193 | TEM-4 | TEM-81 | TEM-232 | TEM-107 | TEM-88 | TEM-52 | TEM-210 | TEM-5 | TEM-8 | TEM-16 | TEM-192 | TEM-124 | TEM-197 | TEM-53 | TEM-209 | TEM-101 | TEM-194 | TEM-155 | TEM-136 | TEM-243 | TEM-215 | TEM-160 | TEM-253 | TEM-39 | TEM-154 | TEM-250 | TEM-116	cephalosporin;monobactam;penicillin beta-lactam	antibiotic inactivation	0.0	0.0	0.0	0.0	0.0	0.0	0.0	0.0	0.0	0.0	0.0	0.0	0.0	0.0	0.0	0.0	0.0	0.0	0.0	0.0	0.0	0.0	0.0	0.0	0.0	0.0	0.0	0.0	0.0	1107838.62	0.0	0.0	0.0	0.0	0.0	0.0
TEM beta-lactamase	multiple	TEM-251 | TEM-133 | TEM-154 | TEM-87 | TEM-181 | TEM-52 | TEM-32 | TEM-207 | TEM-157 | TEM-145 | TEM-42 | TEM-206 | TEM-229 | TEM-10 | TEM-151 | TEM-258 | TEM-26 | TEM-115 | TEM-37 | TEM-16 | TEM-164 | TEM-168 | TEM-94 | TEM-230 | TEM-208 | TEM-237 | TEM-95 | TEM-8 | TEM-57 | TEM-19 | TEM-192 | TEM-135 | TEM-144 | TEM-255 | TEM-7 | TEM-88 | TEM-55 | TEM-2 | TEM-17 | TEM-112 | TEM-166 | TEM-24 | TEM-99 | TEM-33 | TEM-30 | TEM-213 | TEM-225 | TEM-1 | TEM-156 | TEM-209 | TEM-120 | TEM-113 | TEM-117 | TEM-247 | TEM-242 | TEM-243 | TEM-257 | TEM-85 | TEM-250 | TEM-167 | TEM-228 | TEM-224 | TEM-214 | TEM-6 | TEM-220 | TEM-123 | TEM-71 | TEM-124 | TEM-191 | TEM-199 | TEM-185 | TEM-147 | TEM-189 | TEM-48 | TEM-236 | TEM-86 | TEM-136 | TEM-152 | TEM-22 | TEM-252 | TEM-187 | TEM-125 | TEM-70 | TEM-114 | TEM-198 | TEM-118 | TEM-217 | TEM-54 | TEM-150 | TEM-176 | TEM-205 | TEM-233 | TEM-239 | TEM-3 | TEM-105 | TEM-254 | TEM-132 | TEM-67 | TEM-141 | TEM-9 | TEM-215 | TEM-234 | TEM-245 | TEM-109 | TEM-153 | TEM-104 | TEM-28 | TEM-121 | TEM-63 | TEM-248 | TEM-59 | TEM-219 | TEM-43 | TEM-210 | TEM-4 | TEM-142 | TEM-169 | TEM-15 | TEM-127 | TEM-128 | TEM-163 | TEM-148 | TEM-240 | TEM-241 | TEM-68 | TEM-12 | TEM-197 | TEM-235 | TEM-137 | TEM-35 | TEM-126 | TEM-108 | TEM-83 | TEM-20 | TEM-253 | TEM-146 | TEM-139 | TEM-78 | TEM-246 | TEM-138 | TEM-227 | TEM-182 | TEM-72 | TEM-80 | TEM-111 | TEM-171 | TEM-5 | TEM-75 | TEM-90 | TEM-96 | TEM-106 | TEM-195 | TEM-34 | TEM-61 | TEM-256 | TEM-134 | TEM-193 | TEM-232 | TEM-89 | TEM-130 | TEM-92 | TEM-183 | TEM-11 | TEM-226 | TEM-186 | TEM-60 | TEM-103 | TEM-31 | TEM-211 | TEM-29 | TEM-129 | TEM-102 | TEM-110 | TEM-93 | TEM-244 | TEM-155 | TEM-21 | TEM-216 | TEM-238 | TEM-36 | TEM-53 | TEM-158 | TEM-76 | TEM-177 | TEM-231 | TEM-39 | TEM-40 | TEM-79 | TEM-101 | TEM-84 | TEM-82 | TEM-73 | TEM-98 | TEM-47 | TEM-212 | TEM-184 | TEM-201 | TEM-190 | TEM-122 | TEM-107 | TEM-149 | TEM-91 | TEM-143 | TEM-162 | TEM-81 | TEM-49 | TEM-178 | TEM-159 | TEM-45 | TEM-116 | TEM-188 | TEM-160 | TEM-194 | TEM-196	cephalosporin;monobactam;penicillin beta-lactam	antibiotic inactivation	0.0	0.0	0.0	0.0	0.0	0.0	0.0	0.0	0.0	0.0	0.0	0.0	0.0	0.0	0.0	0.0	0.0	0.0	0.0	0.0	0.0	148976212.31	0.0	0.0	0.0	0.0	0.0	0.0	0.0	0.0	0.0	0.0	0.0	0.0	0.0	0.0
TEM beta-lactamase	multiple	TEM-251 | TEM-163 | TEM-244 | TEM-137 | TEM-195 | TEM-90 | TEM-112 | TEM-187 | TEM-128 | TEM-16 | TEM-17 | TEM-155 | TEM-147 | TEM-167 | TEM-6 | TEM-228 | TEM-120 | TEM-109 | TEM-10 | TEM-171 | TEM-59 | TEM-89 | TEM-151 | TEM-12 | TEM-108 | TEM-40 | TEM-111 | TEM-184 | TEM-122 | TEM-42 | TEM-29 | TEM-153 | TEM-183 | TEM-255 | TEM-176 | TEM-220 | TEM-253 | TEM-188 | TEM-116 | TEM-43 | TEM-132 | TEM-53 | TEM-47 | TEM-48 | TEM-190 | TEM-144 | TEM-237 | TEM-185 | TEM-243 | TEM-246 | TEM-92 | TEM-94 | TEM-186 | TEM-138 | TEM-230 | TEM-227 | TEM-136 | TEM-234 | TEM-189 | TEM-28 | TEM-103 | TEM-199 | TEM-197 | TEM-30 | TEM-76 | TEM-214 | TEM-209 | TEM-95 | TEM-81 | TEM-78 | TEM-146 | TEM-87 | TEM-83 | TEM-21 | TEM-86 | TEM-85 | TEM-252 | TEM-26 | TEM-5 | TEM-104 | TEM-118 | TEM-152 | TEM-248 | TEM-213 | TEM-219 | TEM-148 | TEM-245 | TEM-1 | TEM-39 | TEM-54 | TEM-49 | TEM-168 | TEM-125 | TEM-134 | TEM-205 | TEM-129 | TEM-181 | TEM-110 | TEM-207 | TEM-99 | TEM-169 | TEM-37 | TEM-75 | TEM-107 | TEM-208 | TEM-216 | TEM-15 | TEM-101 | TEM-55 | TEM-254 | TEM-63 | TEM-135 | TEM-238 | TEM-211 | TEM-149 | TEM-79 | TEM-72 | TEM-166 | TEM-34 | TEM-240 | TEM-3 | TEM-24 | TEM-150 | TEM-236 | TEM-35 | TEM-115 | TEM-232 | TEM-231 | TEM-61 | TEM-93 | TEM-178 | TEM-106 | TEM-247 | TEM-98 | TEM-133 | TEM-224 | TEM-2 | TEM-7 | TEM-242 | TEM-121 | TEM-198 | TEM-182 | TEM-9 | TEM-139 | TEM-102 | TEM-233 | TEM-96 | TEM-160 | TEM-157 | TEM-159 | TEM-215 | TEM-11 | TEM-88 | TEM-145 | TEM-19 | TEM-196 | TEM-124 | TEM-71 | TEM-31 | TEM-142 | TEM-130 | TEM-235 | TEM-117 | TEM-193 | TEM-105 | TEM-91 | TEM-177 | TEM-123 | TEM-20 | TEM-84 | TEM-22 | TEM-8 | TEM-256 | TEM-57 | TEM-156 | TEM-229 | TEM-201 | TEM-141 | TEM-258 | TEM-52 | TEM-113 | TEM-80 | TEM-158 | TEM-143 | TEM-67 | TEM-82 | TEM-212 | TEM-226 | TEM-241 | TEM-70 | TEM-210 | TEM-217 | TEM-225 | TEM-33 | TEM-36 | TEM-257 | TEM-60 | TEM-45 | TEM-206 | TEM-192 | TEM-114 | TEM-250 | TEM-154 | TEM-4 | TEM-126 | TEM-127 | TEM-32 | TEM-68 | TEM-194 | TEM-191 | TEM-162 | TEM-164 | TEM-73 | TEM-239	cephalosporin;monobactam;penicillin beta-lactam	antibiotic inactivation	0.0	0.0	0.0	0.0	0.0	0.0	0.0	0.0	0.0	0.0	0.0	0.0	0.0	0.0	0.0	0.0	0.0	0.0	0.0	0.0	0.0	0.0	0.0	0.0	0.0	0.0	209128778.91	0.0	0.0	0.0	0.0	0.0	0.0	0.0	0.0	0.0
TEM beta-lactamase	multiple	TEM-252 | TEM-238 | TEM-91 | TEM-76 | TEM-34 | TEM-144 | TEM-149 | TEM-43 | TEM-22 | TEM-53 | TEM-49 | TEM-86 | TEM-90 | TEM-128 | TEM-93 | TEM-32 | TEM-145 | TEM-240 | TEM-183 | TEM-187 | TEM-54 | TEM-81 | TEM-154 | TEM-99 | TEM-162 | TEM-205 | TEM-193 | TEM-68 | TEM-216 | TEM-3 | TEM-142 | TEM-251 | TEM-237 | TEM-36 | TEM-5 | TEM-156 | TEM-255 | TEM-88 | TEM-87 | TEM-95 | TEM-137 | TEM-42 | TEM-184 | TEM-227 | TEM-258 | TEM-177 | TEM-120 | TEM-247 | TEM-11 | TEM-208 | TEM-133 | TEM-40 | TEM-166 | TEM-94 | TEM-79 | TEM-107 | TEM-143 | TEM-246 | TEM-7 | TEM-163 | TEM-26 | TEM-196 | TEM-12 | TEM-244 | TEM-114 | TEM-82 | TEM-171 | TEM-228 | TEM-21 | TEM-122 | TEM-127 | TEM-141 | TEM-112 | TEM-152 | TEM-24 | TEM-55 | TEM-9 | TEM-201 | TEM-209 | TEM-33 | TEM-20 | TEM-19 | TEM-118 | TEM-160 | TEM-70 | TEM-130 | TEM-194 | TEM-16 | TEM-199 | TEM-102 | TEM-83 | TEM-105 | TEM-220 | TEM-189 | TEM-6 | TEM-2 | TEM-124 | TEM-176 | TEM-139 | TEM-109 | TEM-226 | TEM-28 | TEM-148 | TEM-169 | TEM-113 | TEM-219 | TEM-168 | TEM-248 | TEM-104 | TEM-57 | TEM-157 | TEM-10 | TEM-185 | TEM-132 | TEM-92 | TEM-108 | TEM-35 | TEM-75 | TEM-106 | TEM-192 | TEM-47 | TEM-191 | TEM-182 | TEM-111 | TEM-229 | TEM-167 | TEM-31 | TEM-1 | TEM-98 | TEM-146 | TEM-243 | TEM-256 | TEM-197 | TEM-206 | TEM-207 | TEM-15 | TEM-101 | TEM-230 | TEM-159 | TEM-121 | TEM-188 | TEM-233 | TEM-239 | TEM-232 | TEM-147 | TEM-89 | TEM-213 | TEM-84 | TEM-236 | TEM-212 | TEM-67 | TEM-186 | TEM-29 | TEM-129 | TEM-225 | TEM-158 | TEM-85 | TEM-211 | TEM-134 | TEM-210 | TEM-214 | TEM-235 | TEM-71 | TEM-190 | TEM-110 | TEM-215 | TEM-72 | TEM-45 | TEM-123 | TEM-96 | TEM-231 | TEM-73 | TEM-60 | TEM-234 | TEM-181 | TEM-48 | TEM-4 | TEM-250 | TEM-103 | TEM-8 | TEM-115 | TEM-245 | TEM-151 | TEM-59 | TEM-195 | TEM-242 | TEM-254 | TEM-63 | TEM-61 | TEM-30 | TEM-126 | TEM-198 | TEM-125 | TEM-117 | TEM-17 | TEM-136 | TEM-257 | TEM-37 | TEM-241 | TEM-150 | TEM-116 | TEM-78 | TEM-39 | TEM-135 | TEM-80 | TEM-153 | TEM-178 | TEM-217 | TEM-155 | TEM-224 | TEM-138 | TEM-52 | TEM-253 | TEM-164	cephalosporin;monobactam;penicillin beta-lactam	antibiotic inactivation	0.0	0.0	0.0	0.0	0.0	24465546.55	0.0	0.0	0.0	0.0	0.0	0.0	0.0	0.0	0.0	0.0	0.0	0.0	0.0	0.0	0.0	0.0	0.0	0.0	0.0	0.0	0.0	0.0	0.0	0.0	0.0	0.0	0.0	0.0	0.0	0.0
TEM beta-lactamase	multiple	TEM-36 | TEM-73 | TEM-163 | TEM-21 | TEM-196 | TEM-167 | TEM-233 | TEM-248 | TEM-54 | TEM-207 | TEM-251 | TEM-219 | TEM-75 | TEM-160 | TEM-220 | TEM-189 | TEM-90 | TEM-96 | TEM-232 | TEM-53 | TEM-159 | TEM-110 | TEM-154 | TEM-101 | TEM-30 | TEM-117 | TEM-217 | TEM-208 | TEM-4 | TEM-231 | TEM-178 | TEM-107 | TEM-141 | TEM-68 | TEM-212 | TEM-10 | TEM-72 | TEM-106 | TEM-122 | TEM-128 | TEM-226 | TEM-7 | TEM-98 | TEM-157 | TEM-250 | TEM-171 | TEM-162 | TEM-199 | TEM-70 | TEM-37 | TEM-198 | TEM-235 | TEM-3 | TEM-256 | TEM-234 | TEM-120 | TEM-34 | TEM-183 | TEM-80 | TEM-42 | TEM-2 | TEM-43 | TEM-236 | TEM-228 | TEM-186 | TEM-243 | TEM-40 | TEM-176 | TEM-118 | TEM-91 | TEM-19 | TEM-137 | TEM-166 | TEM-57 | TEM-193 | TEM-12 | TEM-168 | TEM-201 | TEM-88 | TEM-182 | TEM-123 | TEM-105 | TEM-215 | TEM-33 | TEM-1 | TEM-67 | TEM-143 | TEM-22 | TEM-242 | TEM-169 | TEM-237 | TEM-153 | TEM-210 | TEM-31 | TEM-187 | TEM-112 | TEM-11 | TEM-255 | TEM-17 | TEM-45 | TEM-136 | TEM-156 | TEM-32 | TEM-133 | TEM-225 | TEM-147 | TEM-230 | TEM-5 | TEM-48 | TEM-246 | TEM-127 | TEM-79 | TEM-84 | TEM-146 | TEM-247 | TEM-227 | TEM-99 | TEM-216 | TEM-114 | TEM-240 | TEM-61 | TEM-155 | TEM-28 | TEM-81 | TEM-29 | TEM-20 | TEM-214 | TEM-111 | TEM-144 | TEM-85 | TEM-116 | TEM-139 | TEM-191 | TEM-55 | TEM-213 | TEM-115 | TEM-49 | TEM-244 | TEM-6 | TEM-257 | TEM-35 | TEM-59 | TEM-145 | TEM-142 | TEM-245 | TEM-148 | TEM-158 | TEM-188 | TEM-205 | TEM-150 | TEM-26 | TEM-164 | TEM-185 | TEM-253 | TEM-238 | TEM-239 | TEM-126 | TEM-252 | TEM-82 | TEM-102 | TEM-181 | TEM-254 | TEM-104 | TEM-47 | TEM-95 | TEM-209 | TEM-76 | TEM-258 | TEM-103 | TEM-192 | TEM-15 | TEM-89 | TEM-135 | TEM-184 | TEM-206 | TEM-132 | TEM-71 | TEM-124 | TEM-86 | TEM-109 | TEM-241	cephalosporin;monobactam;penicillin beta-lactam	antibiotic inactivation	0.0	0.0	0.0	0.0	0.0	0.0	0.0	0.0	0.0	0.0	0.0	0.0	0.0	0.0	0.0	0.0	0.0	0.0	0.0	0.0	0.0	0.0	0.0	0.0	0.0	0.0	0.0	0.0	0.0	0.0	0.0	93438.9	0.0	0.0	0.0	0.0
TEM beta-lactamase	multiple	TEM-45 | TEM-11 | TEM-81 | TEM-125 | TEM-113 | TEM-20 | TEM-15 | TEM-114 | TEM-258 | TEM-171 | TEM-228 | TEM-83 | TEM-164 | TEM-252 | TEM-68 | TEM-17 | TEM-226 | TEM-103 | TEM-197 | TEM-86 | TEM-254 | TEM-255 | TEM-178 | TEM-87 | TEM-91 | TEM-120 | TEM-84 | TEM-154 | TEM-167 | TEM-217 | TEM-123 | TEM-5 | TEM-137 | TEM-245 | TEM-116 | TEM-127 | TEM-71 | TEM-176 | TEM-177 | TEM-142 | TEM-212 | TEM-220 | TEM-132 | TEM-146 | TEM-183 | TEM-57 | TEM-55 | TEM-93 | TEM-102 | TEM-105 | TEM-122 | TEM-78 | TEM-95 | TEM-225 | TEM-32 | TEM-150 | TEM-186 | TEM-35 | TEM-247 | TEM-129 | TEM-235 | TEM-246 | TEM-159 | TEM-190 | TEM-82 | TEM-22 | TEM-61 | TEM-193 | TEM-40 | TEM-36 | TEM-10 | TEM-141 | TEM-160 | TEM-16 | TEM-94 | TEM-4 | TEM-149 | TEM-253 | TEM-42 | TEM-198 | TEM-214 | TEM-194 | TEM-72 | TEM-244 | TEM-30 | TEM-210 | TEM-112 | TEM-134 | TEM-166 | TEM-169 | TEM-48 | TEM-80 | TEM-128 | TEM-148 | TEM-205 | TEM-242 | TEM-52 | TEM-124 | TEM-39 | TEM-90 | TEM-206 | TEM-126 | TEM-251 | TEM-70 | TEM-59 | TEM-133 | TEM-219 | TEM-63 | TEM-224 | TEM-182 | TEM-195 | TEM-21 | TEM-6 | TEM-121 | TEM-96 | TEM-49 | TEM-115 | TEM-153 | TEM-145 | TEM-43 | TEM-107 | TEM-88 | TEM-232 | TEM-151 | TEM-106 | TEM-230 | TEM-9 | TEM-33 | TEM-231 | TEM-92 | TEM-213 | TEM-1 | TEM-236 | TEM-54 | TEM-147 | TEM-85 | TEM-257 | TEM-73 | TEM-207 | TEM-109 | TEM-181 | TEM-101 | TEM-76 | TEM-192 | TEM-189 | TEM-12 | TEM-156 | TEM-98 | TEM-26 | TEM-67 | TEM-75 | TEM-53 | TEM-211 | TEM-196 | TEM-163 | TEM-79 | TEM-108 | TEM-187 | TEM-138 | TEM-19 | TEM-130 | TEM-188 | TEM-135 | TEM-162 | TEM-158 | TEM-28 | TEM-215 | TEM-29 | TEM-250 | TEM-31 | TEM-34 | TEM-184 | TEM-239 | TEM-240 | TEM-8 | TEM-157 | TEM-144 | TEM-237 | TEM-99 | TEM-60 | TEM-256 | TEM-111 | TEM-136 | TEM-238 | TEM-37 | TEM-201 | TEM-185 | TEM-191 | TEM-229 | TEM-118 | TEM-199 | TEM-216 | TEM-241 | TEM-209 | TEM-2 | TEM-143 | TEM-47 | TEM-227 | TEM-155 | TEM-152 | TEM-3 | TEM-243 | TEM-234 | TEM-117 | TEM-248 | TEM-104 | TEM-233 | TEM-7 | TEM-168 | TEM-89 | TEM-208 | TEM-110 | TEM-24 | TEM-139	cephalosporin;monobactam;penicillin beta-lactam	antibiotic inactivation	0.0	0.0	0.0	0.0	0.0	0.0	0.0	0.0	0.0	1214123.06	0.0	0.0	0.0	0.0	0.0	0.0	0.0	0.0	0.0	0.0	0.0	0.0	0.0	0.0	0.0	0.0	0.0	0.0	0.0	0.0	0.0	0.0	0.0	0.0	0.0	0.0
TEM beta-lactamase	multiple	TEM-60 | TEM-159 | TEM-167 | TEM-1 | TEM-127 | TEM-145 | TEM-143 | TEM-256 | TEM-257 | TEM-162 | TEM-108 | TEM-185 | TEM-151 | TEM-86 | TEM-55 | TEM-251 | TEM-194 | TEM-133 | TEM-32 | TEM-217 | TEM-209 | TEM-189 | TEM-71 | TEM-123 | TEM-237 | TEM-201 | TEM-136 | TEM-61 | TEM-166 | TEM-40 | TEM-104 | TEM-68 | TEM-117 | TEM-16 | TEM-198 | TEM-205 | TEM-15 | TEM-171 | TEM-101 | TEM-84 | TEM-95 | TEM-254 | TEM-211 | TEM-230 | TEM-231 | TEM-234 | TEM-118 | TEM-24 | TEM-83 | TEM-186 | TEM-228 | TEM-19 | TEM-164 | TEM-81 | TEM-242 | TEM-248 | TEM-197 | TEM-243 | TEM-199 | TEM-196 | TEM-42 | TEM-195 | TEM-75 | TEM-109 | TEM-238 | TEM-110 | TEM-36 | TEM-120 | TEM-6 | TEM-11 | TEM-30 | TEM-63 | TEM-8 | TEM-132 | TEM-148 | TEM-183 | TEM-227 | TEM-212 | TEM-111 | TEM-96 | TEM-43 | TEM-21 | TEM-79 | TEM-70 | TEM-57 | TEM-245 | TEM-153 | TEM-255 | TEM-45 | TEM-115 | TEM-169 | TEM-9 | TEM-33 | TEM-244 | TEM-154 | TEM-147 | TEM-39 | TEM-213 | TEM-252 | TEM-4 | TEM-156 | TEM-155 | TEM-89 | TEM-220 | TEM-160 | TEM-181 | TEM-22 | TEM-233 | TEM-80 | TEM-236 | TEM-214 | TEM-149 | TEM-208 | TEM-240 | TEM-247 | TEM-216 | TEM-137 | TEM-90 | TEM-67 | TEM-48 | TEM-187 | TEM-85 | TEM-54 | TEM-26 | TEM-106 | TEM-124 | TEM-31 | TEM-235 | TEM-188 | TEM-125 | TEM-93 | TEM-138 | TEM-59 | TEM-150 | TEM-12 | TEM-102 | TEM-53 | TEM-37 | TEM-139 | TEM-20 | TEM-184 | TEM-182 | TEM-176 | TEM-29 | TEM-258 | TEM-142 | TEM-113 | TEM-178 | TEM-112 | TEM-219 | TEM-82 | TEM-72 | TEM-141 | TEM-130 | TEM-91 | TEM-229 | TEM-2 | TEM-94 | TEM-129 | TEM-34 | TEM-157 | TEM-76 | TEM-146 | TEM-103 | TEM-49 | TEM-47 | TEM-135 | TEM-192 | TEM-7 | TEM-158 | TEM-116 | TEM-193 | TEM-206 | TEM-207 | TEM-134 | TEM-122 | TEM-88 | TEM-28 | TEM-114 | TEM-152 | TEM-239 | TEM-253 | TEM-225 | TEM-191 | TEM-87 | TEM-17 | TEM-224 | TEM-190 | TEM-241 | TEM-144 | TEM-168 | TEM-98 | TEM-250 | TEM-126 | TEM-121 | TEM-35 | TEM-177 | TEM-10 | TEM-232 | TEM-163 | TEM-246 | TEM-99 | TEM-78 | TEM-105 | TEM-226 | TEM-107 | TEM-215 | TEM-73 | TEM-5 | TEM-3 | TEM-128 | TEM-52 | TEM-210 | TEM-92	cephalosporin;monobactam;penicillin beta-lactam	antibiotic inactivation	0.0	0.0	0.0	0.0	0.0	0.0	0.0	0.0	0.0	0.0	0.0	0.0	0.0	0.0	0.0	0.0	0.0	0.0	0.0	0.0	0.0	0.0	2327258.95	0.0	0.0	0.0	0.0	0.0	0.0	0.0	0.0	0.0	0.0	0.0	0.0	0.0
Van ligase;glycopeptide resistance gene cluster	ARO_3000010__vanA__H	vanA	glycopeptide antibiotic	antibiotic target alteration	0.0	0.0	0.0	0.0	0.0	0.0	0.0	0.0	0.0	0.0	0.0	0.0	0.0	0.0	0.0	0.0	0.0	0.0	0.0	0.0	106288.98	275764.65	0.0	0.0	0.0	0.0	0.0	40321.85	0.0	70883.72	40777.58	0.0	0.0	0.0	0.0	0.0
Van ligase;glycopeptide resistance gene cluster	ARO_3000013__vanB__H	vanB	glycopeptide antibiotic	antibiotic target alteration	0.0	0.0	0.0	0.0	168985.36	44605776.43	0.0	0.0	0.0	0.0	0.0	0.0	0.0	0.0	0.0	0.0	0.0	0.0	0.0	0.0	0.0	0.0	0.0	0.0	0.0	0.0	0.0	80878.81	0.0	106635.56	0.0	0.0	0.0	0.0	0.0	0.0
aminoglycoside bifunctional resistance protein	ARO_3002597__AAC6_Ie_APH2_Ia__H	AAC(6')-Ie-APH(2'')-Ia bifunctional protein	aminoglycoside antibiotic	antibiotic inactivation	0.0	0.0	0.0	0.0	0.0	0.0	0.0	0.0	0.0	0.0	0.0	0.0	0.0	0.0	0.0	19706.61	0.0	0.0	0.0	0.0	0.0	0.0	0.0	0.0	0.0	0.0	0.0	0.0	0.0	0.0	0.0	69587.14	0.0	0.0	0.0	0.0
antibiotic-resistant isoleucyl-tRNA synthetase (ileS)	ARO_3000521__Saur_mupA_MUP__H	Staphylococcus aureus mupA conferring resistance to mupirocin	mupirocin-like antibiotic	antibiotic target alteration	0.0	0.0	0.0	0.0	0.0	0.0	0.0	0.0	0.0	0.0	0.0	0.0	33348.98	0.0	0.0	18456.92	0.0	0.0	0.0	0.0	0.0	0.0	0.0	0.0	0.0	0.0	0.0	0.0	0.0	0.0	0.0	13034.86	0.0	0.0	0.0	0.0
antibiotic-resistant isoleucyl-tRNA synthetase (ileS)	ARO_3003730__Bbif_ileS_MUP__H	Bifidobacterium bifidum ileS conferring resistance to mupirocin	mupirocin-like antibiotic	antibiotic target alteration	0.0	0.0	0.0	0.0	0.0	133602.52	0.0	0.0	0.0	0.0	0.0	0.0	7712.7	0.0	0.0	0.0	0.0	0.0	0.0	0.0	0.0	0.0	0.0	0.0	0.0	0.0	0.0	0.0	0.0	0.0	0.0	0.0	0.0	0.0	0.0	0.0
chloramphenicol acetyltransferase (CAT)	ARO_3002676__catB3__H	catB3	phenicol antibiotic	antibiotic inactivation	0.0	0.0	0.0	0.0	0.0	0.0	0.0	0.0	0.0	0.0	0.0	0.0	0.0	0.0	0.0	0.0	0.0	0.0	0.0	0.0	148531.12	0.0	0.0	0.0	0.0	0.0	40694212.25	755986.93	46443998.76	288909.93	0.0	0.0	0.0	0.0	0.0	0.0
chloramphenicol acetyltransferase (CAT)	ARO_3002679__Paer_catB7__H	Pseudomonas aeruginosa catB7	phenicol antibiotic	antibiotic inactivation	0.0	0.0	0.0	0.0	0.0	0.0	0.0	0.0	0.0	0.0	0.0	0.0	0.0	0.0	0.0	0.0	0.0	55950.44	27217.22	0.0	0.0	0.0	0.0	0.0	0.0	57975.54	0.0	0.0	0.0	0.0	0.0	0.0	0.0	0.0	0.0	0.0
chloramphenicol acetyltransferase (CAT)	ARO_3002684__catII__H	catII	phenicol antibiotic	antibiotic inactivation	0.0	0.0	0.0	0.0	0.0	0.0	0.0	0.0	0.0	0.0	0.0	0.0	0.0	171770.04	0.0	0.0	0.0	0.0	162540.21	0.0	0.0	0.0	0.0	0.0	0.0	0.0	80247.47	0.0	311516.43	0.0	0.0	0.0	0.0	0.0	0.0	0.0
chloramphenicol acetyltransferase (CAT)	ARO_3004451__Afab_ACT_CHL__H	Agrobacterium fabrum chloramphenicol acetyltransferase	phenicol antibiotic	antibiotic inactivation	0.0	0.0	0.0	0.0	0.0	454782.16	32421.76	278406.67	501824.75	575409.9	611937.23	1114558.5	81387.38	700167.41	0.0	0.0	26335.31	85124.59	165636.22	7172448.25	2089337.69	387196.09	0.0	0.0	118981.5	58803.77	367991.95	0.0	0.0	0.0	667975.57	0.0	39202.74	74699.74	0.0	785109.11
chloramphenicol acetyltransferase (CAT)	ARO_3004656__Ecol_catII__H	catII from Escherichia coli K-12	phenicol antibiotic	antibiotic inactivation	0.0	0.0	0.0	0.0	116078.73	468595.63	0.0	0.0	0.0	0.0	0.0	0.0	0.0	1305452.32	1170678.94	0.0	51686.12	222755.95	13978458.38	402193.36	24408.15	63326.46	0.0	0.0	0.0	0.0	2086434.1	486123.25	41006889.57	826093.39	65549.0	62433.32	269289.82	293213.93	0.0	0.0
chloramphenicol acetyltransferase (CAT)	ARO_3004660__catB11__H	catB11	phenicol antibiotic	antibiotic inactivation	0.0	0.0	0.0	0.0	0.0	45262.68	0.0	0.0	0.0	0.0	0.0	0.0	0.0	0.0	0.0	0.0	0.0	0.0	0.0	0.0	0.0	0.0	0.0	0.0	0.0	0.0	0.0	0.0	0.0	0.0	0.0	0.0	0.0	0.0	0.0	0.0
chloramphenicol acetyltransferase (CAT)	multiple	catII from Escherichia coli K-12 | Plasmid-encoded cat (pp-cat) | catII | catA1	phenicol antibiotic	antibiotic inactivation	0.0	0.0	0.0	0.0	0.0	0.0	0.0	0.0	0.0	0.0	0.0	0.0	0.0	0.0	0.0	0.0	0.0	0.0	0.0	0.0	0.0	0.0	0.0	0.0	0.0	0.0	0.0	0.0	3518948.02	0.0	0.0	0.0	0.0	0.0	0.0	0.0
chloramphenicol acetyltransferase (CAT)	multiple	catII from Escherichia coli K-12 | catII	phenicol antibiotic	antibiotic inactivation	0.0	0.0	0.0	0.0	0.0	0.0	0.0	0.0	0.0	0.0	0.0	0.0	0.0	687080.17	372488.75	0.0	0.0	0.0	0.0	0.0	0.0	0.0	0.0	0.0	0.0	0.0	361113.59	64816.43	0.0	199401.85	0.0	0.0	38469.97	73303.48	0.0	0.0
chloramphenicol acetyltransferase (CAT)	multiple	catII | catII from Escherichia coli K-12	phenicol antibiotic	antibiotic inactivation	0.0	0.0	0.0	0.0	0.0	66942.23	0.0	0.0	0.0	0.0	0.0	0.0	0.0	0.0	0.0	0.0	0.0	83533.48	6203618.16	175959.59	0.0	0.0	0.0	0.0	0.0	0.0	0.0	0.0	0.0	0.0	0.0	0.0	0.0	0.0	0.0	0.0
defensin resistant mprF	ARO_3003772__Bsui_mprF__H	Brucella suis mprF	peptide antibiotic	antibiotic target alteration	0.0	0.0	0.0	0.0	0.0	0.0	0.0	0.0	0.0	0.0	44881.45	24152.03	0.0	0.0	0.0	0.0	0.0	0.0	6580.33	0.0	47431.05	15382.36	0.0	0.0	0.0	0.0	107209.16	47232.86	0.0	0.0	23883.35	0.0	0.0	0.0	0.0	6238.1
fosfomycin thiol transferase	ARO_3000149__FosA__H	FosA	phosphonic acid antibiotic	antibiotic inactivation	0.0	0.0	0.0	0.0	0.0	0.0	0.0	0.0	0.0	0.0	0.0	0.0	0.0	0.0	0.0	0.0	0.0	0.0	42626.97	0.0	0.0	0.0	0.0	0.0	0.0	0.0	0.0	0.0	0.0	0.0	0.0	0.0	0.0	0.0	0.0	0.0
fosfomycin thiol transferase	ARO_3002804__FosA2__H	FosA2	phosphonic acid antibiotic	antibiotic inactivation	55112.85	0.0	0.0	0.0	0.0	0.0	0.0	0.0	0.0	0.0	0.0	0.0	0.0	569502.36	882131.31	0.0	5803040.54	0.0	2327072.22	0.0	0.0	190871.31	0.0	0.0	0.0	0.0	241872.64	0.0	0.0	42929.57	0.0	0.0	173927.63	0.0	0.0	0.0
fosfomycin thiol transferase	ARO_3003209__fosA5__H	fosA5	aminoglycoside antibiotic;fluoroquinolone antibiotic;phosphonic acid antibiotic	antibiotic inactivation	0.0	0.0	0.0	0.0	0.0	0.0	0.0	0.0	0.0	0.0	0.0	0.0	0.0	0.0	0.0	0.0	0.0	0.0	41409.05	0.0	0.0	0.0	0.0	0.0	0.0	0.0	0.0	0.0	0.0	0.0	0.0	0.0	0.0	0.0	0.0	0.0
fosfomycin thiol transferase	ARO_3004111__FosA6__H	FosA6	phosphonic acid antibiotic	antibiotic inactivation	0.0	0.0	0.0	0.0	0.0	0.0	0.0	0.0	0.0	0.0	0.0	0.0	0.0	0.0	0.0	0.0	0.0	0.0	0.0	76847.66	0.0	241997.55	70992.69	0.0	59490.75	0.0	0.0	0.0	0.0	0.0	0.0	0.0	0.0	0.0	0.0	0.0
fosfomycin thiol transferase	ARO_3007371__FosA8__H	FosA8	phosphonic acid antibiotic	antibiotic inactivation	0.0	0.0	0.0	0.0	0.0	0.0	0.0	0.0	0.0	0.0	0.0	0.0	0.0	0.0	0.0	0.0	38946.58	0.0	0.0	0.0	0.0	0.0	0.0	0.0	0.0	0.0	0.0	0.0	0.0	0.0	0.0	0.0	0.0	0.0	0.0	0.0
fosfomycin thiol transferase	multiple	FosA2 | fosA5 | FosA6 | FosA8	phosphonic acid antibiotic | aminoglycoside antibiotic;fluoroquinolone antibiotic;phosphonic acid antibiotic	antibiotic inactivation	0.0	0.0	0.0	0.0	0.0	0.0	0.0	0.0	0.0	0.0	0.0	0.0	0.0	0.0	0.0	0.0	0.0	0.0	205576.87	0.0	0.0	0.0	0.0	0.0	0.0	0.0	0.0	0.0	0.0	0.0	0.0	0.0	0.0	0.0	0.0	0.0
fosfomycin thiol transferase	multiple	FosA8 | FosA2	phosphonic acid antibiotic	antibiotic inactivation	0.0	0.0	0.0	0.0	0.0	0.0	0.0	0.0	0.0	0.0	0.0	0.0	0.0	0.0	80193.76	0.0	272626.07	0.0	0.0	0.0	0.0	0.0	0.0	0.0	0.0	0.0	0.0	0.0	0.0	0.0	0.0	0.0	0.0	0.0	0.0	0.0
glycopeptide resistance gene cluster;vanH	ARO_3002942__vanH_in_vanA_cl__H	vanH gene in vanA cluster	glycopeptide antibiotic	antibiotic target alteration	0.0	0.0	0.0	0.0	0.0	0.0	0.0	0.0	0.0	0.0	0.0	0.0	0.0	0.0	0.0	0.0	0.0	0.0	0.0	0.0	64685.38	188803.04	0.0	0.0	0.0	0.0	0.0	0.0	0.0	0.0	43428.75	0.0	0.0	0.0	0.0	0.0
glycopeptide resistance gene cluster;vanH	ARO_3002943__vanH_in_vanB_cl__H	vanH gene in vanB cluster	glycopeptide antibiotic	antibiotic target alteration	0.0	0.0	0.0	0.0	102225.71	19041897.34	0.0	0.0	0.0	0.0	0.0	0.0	52751.08	0.0	0.0	0.0	0.0	0.0	0.0	0.0	0.0	0.0	0.0	0.0	0.0	0.0	0.0	0.0	0.0	37629.63	0.0	0.0	0.0	0.0	0.0	0.0
glycopeptide resistance gene cluster;vanR	ARO_3002919__vanR_in_vanA_cl__H	vanR gene in vanA cluster	glycopeptide antibiotic	antibiotic target alteration	0.0	0.0	0.0	0.0	0.0	0.0	0.0	0.0	0.0	0.0	0.0	0.0	0.0	0.0	0.0	0.0	0.0	0.0	0.0	0.0	90057.66	233652.81	0.0	0.0	0.0	0.0	0.0	0.0	0.0	26275.86	60463.31	0.0	0.0	0.0	0.0	0.0
glycopeptide resistance gene cluster;vanR	ARO_3002921__vanR_in_vanB_cl__H	vanR gene in vanB cluster	glycopeptide antibiotic	antibiotic target alteration	0.0	0.0	0.0	0.0	262271.39	21564082.44	0.0	0.0	0.0	0.0	0.0	0.0	0.0	0.0	0.0	0.0	0.0	0.0	0.0	0.0	0.0	0.0	0.0	0.0	0.0	0.0	0.0	0.0	0.0	55167.42	0.0	0.0	0.0	0.0	0.0	0.0
glycopeptide resistance gene cluster;vanR	ARO_3002930__vanR_in_vanO_cl__H	vanR gene in vanO cluster	glycopeptide antibiotic	antibiotic target alteration	33444.55	0.0	0.0	0.0	0.0	61220.67	0.0	0.0	94811.69	0.0	0.0	60620.9	73039.96	0.0	0.0	0.0	47268.5	25464.62	74323.94	0.0	379473.72	492268.53	0.0	104040.49	0.0	0.0	36694.35	0.0	25899.19	0.0	0.0	0.0	70363.89	33519.11	0.0	0.0
glycopeptide resistance gene cluster;vanS	ARO_3002931__vanS_in_vanA_cl__H	vanS gene in vanA cluster	glycopeptide antibiotic	antibiotic target alteration	0.0	0.0	0.0	0.0	0.0	0.0	0.0	0.0	0.0	0.0	0.0	0.0	0.0	0.0	0.0	0.0	0.0	0.0	0.0	0.0	135671.28	123198.75	0.0	0.0	0.0	0.0	0.0	36027.84	0.0	95002.59	18217.52	0.0	0.0	0.0	0.0	0.0
glycopeptide resistance gene cluster;vanS	ARO_3002932__vanS_in_vanB_cl__H	vanS gene in vanB cluster	glycopeptide antibiotic	antibiotic target alteration	0.0	0.0	0.0	0.0	92413.87	36975921.13	0.0	0.0	0.0	0.0	0.0	0.0	38150.34	0.0	0.0	0.0	0.0	0.0	0.0	0.0	0.0	0.0	0.0	0.0	0.0	0.0	0.0	0.0	0.0	81642.85	0.0	0.0	0.0	17507.75	0.0	0.0
glycopeptide resistance gene cluster;vanW	ARO_3002964__vanW_in_vanB_cl__H	vanW gene in vanB cluster	glycopeptide antibiotic	antibiotic target alteration	0.0	0.0	0.0	0.0	30001.02	10605816.49	0.0	0.0	0.0	0.0	0.0	0.0	0.0	0.0	0.0	0.0	0.0	0.0	0.0	0.0	0.0	0.0	0.0	0.0	0.0	0.0	0.0	50256.22	0.0	44173.91	0.0	0.0	0.0	0.0	0.0	0.0
glycopeptide resistance gene cluster;vanX	ARO_3002949__vanX_in_vanA_cl__H	vanX gene in vanA cluster	glycopeptide antibiotic	antibiotic target alteration	0.0	0.0	0.0	0.0	0.0	0.0	0.0	0.0	0.0	0.0	0.0	0.0	0.0	0.0	0.0	0.0	0.0	0.0	0.0	0.0	180115.32	166894.86	0.0	0.0	0.0	0.0	0.0	0.0	0.0	60059.11	0.0	0.0	0.0	0.0	0.0	0.0
glycopeptide resistance gene cluster;vanX	ARO_3002950__vanX_in_vanB_cl__H	vanX gene in vanB cluster	glycopeptide antibiotic	antibiotic target alteration	0.0	0.0	0.0	0.0	40789.57	30250854.49	0.0	0.0	0.0	0.0	0.0	0.0	0.0	0.0	0.0	0.0	0.0	0.0	0.0	0.0	0.0	0.0	0.0	0.0	0.0	0.0	0.0	0.0	29854.24	180177.33	0.0	0.0	0.0	0.0	0.0	0.0
glycopeptide resistance gene cluster;vanY	ARO_3002955__vanY_in_vanA_cl__H	vanY gene in vanA cluster	glycopeptide antibiotic	antibiotic target alteration	0.0	0.0	0.0	0.0	0.0	0.0	0.0	0.0	0.0	0.0	0.0	0.0	0.0	0.0	0.0	0.0	0.0	0.0	0.0	0.0	189002.59	178313.99	0.0	0.0	0.0	0.0	0.0	0.0	0.0	0.0	0.0	0.0	0.0	0.0	0.0	0.0
glycopeptide resistance gene cluster;vanY	ARO_3002956__vanY_in_vanB_cl__H	vanY gene in vanB cluster	glycopeptide antibiotic	antibiotic target alteration	0.0	0.0	0.0	0.0	246253.75	25438214.57	0.0	0.0	0.0	0.0	0.0	0.0	0.0	0.0	0.0	0.0	0.0	0.0	0.0	0.0	0.0	0.0	0.0	0.0	0.0	0.0	0.0	25782.0	45058.81	113308.54	0.0	0.0	0.0	0.0	0.0	0.0
glycopeptide resistance gene cluster;vanZ	ARO_3002962__vanZ_in_vanA_cl__H	vanZ gene in vanA cluster	glycopeptide antibiotic	antibiotic target alteration	0.0	0.0	0.0	0.0	0.0	0.0	0.0	0.0	0.0	0.0	0.0	0.0	0.0	0.0	0.0	0.0	0.0	0.0	0.0	0.0	193457.19	41826.74	0.0	0.0	0.0	0.0	0.0	256865.12	0.0	0.0	0.0	0.0	0.0	0.0	0.0	0.0
helicase-like RNA polymerase protection protein	ARO_3007208__HelR__H	HelR	rifamycin antibiotic	antibiotic target protection	0.0	0.0	0.0	0.0	0.0	0.0	0.0	0.0	0.0	0.0	0.0	0.0	0.0	0.0	0.0	0.0	0.0	0.0	0.0	0.0	0.0	18743.93	0.0	0.0	0.0	0.0	0.0	0.0	0.0	0.0	0.0	0.0	0.0	0.0	0.0	0.0
intrinsic colistin resistant phosphoethanolamine transferase	ARO_3004569__ICR-Mo__H	ICR-Mo	peptide antibiotic	antibiotic target alteration	0.0	0.0	0.0	0.0	0.0	0.0	0.0	0.0	9922.15	0.0	0.0	0.0	0.0	0.0	0.0	0.0	0.0	0.0	0.0	0.0	0.0	0.0	0.0	0.0	0.0	0.0	0.0	0.0	0.0	0.0	0.0	0.0	0.0	0.0	0.0	0.0
kdpDE	ARO_3003841__kdpE__H	kdpE	aminoglycoside antibiotic	antibiotic efflux	0.0	0.0	0.0	0.0	0.0	42258.52	0.0	0.0	0.0	0.0	0.0	0.0	0.0	0.0	75580.84	0.0	0.0	0.0	102606.51	0.0	0.0	29982.0	0.0	0.0	0.0	0.0	37993.27	0.0	0.0	0.0	0.0	0.0	0.0	0.0	0.0	0.0
lincosamide nucleotidyltransferase (LNU)	ARO_3002836__lnuB__H	lnuB	lincosamide antibiotic	antibiotic inactivation	0.0	0.0	0.0	0.0	154482.88	27510926.58	0.0	0.0	0.0	0.0	0.0	0.0	1371134.43	5678409.93	871059.79	0.0	226994.62	0.0	43263.19	0.0	0.0	0.0	0.0	666169.71	0.0	0.0	0.0	155269.22	0.0	796119.34	0.0	0.0	860119.73	321933.58	0.0	205065.81
lipid A phosphatase	ARO_3003920__pgpB__H	pgpB	peptide antibiotic	antibiotic target alteration	0.0	0.0	0.0	0.0	0.0	0.0	57456.29	0.0	0.0	0.0	0.0	0.0	0.0	0.0	0.0	0.0	0.0	0.0	0.0	0.0	0.0	0.0	0.0	0.0	0.0	0.0	0.0	0.0	0.0	0.0	0.0	0.0	0.0	0.0	0.0	0.0
lsa-type ABC-F protein	ARO_3003112__lsaC__H	lsaC	lincosamide antibiotic;pleuromutilin antibiotic;streptogramin antibiotic	antibiotic target protection	0.0	0.0	0.0	0.0	0.0	0.0	96673.41	0.0	0.0	0.0	0.0	0.0	0.0	14912.29	11549.2	0.0	0.0	0.0	0.0	0.0	0.0	0.0	0.0	0.0	0.0	0.0	0.0	0.0	61464.61	0.0	0.0	0.0	0.0	0.0	0.0	0.0
lsa-type ABC-F protein	ARO_3003206__lsaE__H	lsaE	lincosamide antibiotic;pleuromutilin antibiotic;streptogramin antibiotic	antibiotic target protection	0.0	0.0	0.0	0.0	217461.96	27281416.89	0.0	0.0	0.0	0.0	0.0	0.0	1760926.98	5331880.9	1161756.41	124211.37	55862.77	0.0	0.0	0.0	0.0	0.0	0.0	459039.26	0.0	0.0	0.0	1583223.21	220378.56	1194569.6	0.0	0.0	831573.19	633815.97	0.0	410794.47
macrolide esterase	ARO_3000361__EreA__H	EreA	macrolide antibiotic	antibiotic inactivation	0.0	0.0	0.0	0.0	732408.27	1267132.59	0.0	0.0	0.0	0.0	0.0	0.0	251960.94	0.0	0.0	0.0	0.0	0.0	0.0	1678564.36	12833.77	133187.84	48840.18	1156459.9	20463.65	121364.04	0.0	136321.54	0.0	89867.31	34465.57	0.0	1537286.65	1406814.5	0.0	0.0
macrolide esterase	ARO_3002826__EreA2__H	EreA2	macrolide antibiotic	antibiotic inactivation	0.0	0.0	0.0	0.0	80980.76	291883.41	0.0	0.0	0.0	0.0	0.0	0.0	0.0	0.0	0.0	0.0	0.0	0.0	0.0	0.0	0.0	0.0	0.0	0.0	0.0	0.0	0.0	0.0	0.0	0.0	0.0	0.0	1811568.98	2186200.2	0.0	0.0
macrolide esterase	ARO_3004608__EreD__H	EreD	macrolide antibiotic	antibiotic inactivation	1722108.03	3032461.51	2807977.94	1402756.62	2672364.98	29596978.13	0.0	0.0	0.0	0.0	0.0	0.0	9882895.59	7261883.0	1823672.67	80946.47	243392.32	728450.07	2551364.72	0.0	50151767.05	27335664.99	1628145.32	79365.85	407271.62	588756.54	4240754.8	8122338.96	4000759.97	15903255.42	3000990.5	130667.29	986298.67	824619.37	0.0	107496.6
macrolide esterase	multiple	EreA | EreA2	macrolide antibiotic	antibiotic inactivation	0.0	0.0	0.0	0.0	0.0	0.0	0.0	0.0	0.0	0.0	0.0	0.0	188507.54	0.0	0.0	0.0	0.0	0.0	0.0	514201.25	0.0	0.0	0.0	298351.41	0.0	45399.97	0.0	0.0	0.0	0.0	0.0	0.0	0.0	0.0	0.0	0.0
macrolide esterase	multiple	EreA2 | EreA	macrolide antibiotic	antibiotic inactivation	0.0	0.0	0.0	0.0	223242.91	433046.24	0.0	0.0	0.0	0.0	0.0	0.0	0.0	0.0	0.0	0.0	0.0	0.0	0.0	0.0	0.0	0.0	0.0	0.0	0.0	0.0	0.0	0.0	0.0	0.0	0.0	0.0	1230850.61	1230348.65	0.0	0.0
macrolide phosphotransferase (MPH)	ARO_3000316__mphA__H	mphA	macrolide antibiotic	antibiotic inactivation	51827.98	0.0	0.0	0.0	1370907.68	3779059.01	22544.93	48398.51	91829.21	250074.67	523716.02	46971.16	2490130.48	242754068.37	22793880.09	4416369.17	149907195.03	256501.26	1324541.28	17812.37	0.0	6641310.35	0.0	0.0	0.0	0.0	27522223.39	160753.34	642162.7	0.0	0.0	0.0	463423.07	519435.27	0.0	36395.79
macrolide phosphotransferase (MPH)	ARO_3000319__mphC__H	mphC	macrolide antibiotic	antibiotic inactivation	0.0	0.0	0.0	0.0	55201.88	0.0	0.0	0.0	0.0	0.0	0.0	0.0	0.0	0.0	0.0	0.0	0.0	0.0	0.0	0.0	0.0	0.0	0.0	0.0	0.0	0.0	0.0	0.0	0.0	0.0	0.0	0.0	0.0	0.0	0.0	0.0
macrolide phosphotransferase (MPH)	ARO_3003071__mphF__H	mphF	macrolide antibiotic	antibiotic inactivation	2608674.75	3372682.41	3435042.42	0.0	0.0	0.0	272342.8	414129.92	110929.68	125870.91	32950.47	23642.15	0.0	0.0	0.0	0.0	0.0	0.0	0.0	1560007.49	4561720.61	1806915.07	1391456.73	0.0	1943364.43	843834.05	429323.94	3999389.96	262617.79	182879.99	3202942.87	0.0	274419.15	209159.27	0.0	238149.76
macrolide phosphotransferase (MPH)	ARO_3003741__mphE__H	mphE	macrolide antibiotic	antibiotic inactivation	1485618.17	239720.46	273568.83	0.0	22258521.88	226620.26	4939098.16	4434451.99	112809.85	51201.73	33508.95	0.0	5619867.66	299054.55	1331760.03	1651347.27	0.0	0.0	0.0	74982475.92	5807650.51	9738965.96	39823289.5	632707.26	12083680.07	29699888.81	232853.66	117548.45	1294257.15	1157206.68	4992834.37	271743.66	60474539.41	70724193.99	0.0	1453117.21
macrolide phosphotransferase (MPH)	ARO_3003839__Mrx__H	Mrx	macrolide antibiotic	antibiotic inactivation	0.0	0.0	0.0	0.0	962357.28	2890564.56	49456.92	141562.71	174586.67	91431.66	526569.19	51520.42	1862253.64	229595573.69	21134452.64	5061688.58	146683196.53	115423.18	1515992.5	13025.03	0.0	5611061.92	0.0	0.0	0.0	0.0	27235562.25	33585.27	352178.82	0.0	0.0	0.0	219269.54	208906.05	0.0	79841.6
major facilitator superfamily (MFS) antibiotic efflux pump	ARO_3000027__emrA__H	emrA	fluoroquinolone antibiotic	antibiotic efflux	0.0	0.0	0.0	0.0	21177.19	0.0	34826.44	0.0	0.0	0.0	0.0	0.0	0.0	37604.9	29124.07	0.0	0.0	0.0	29653.54	0.0	0.0	0.0	0.0	0.0	0.0	0.0	0.0	0.0	0.0	0.0	0.0	0.0	0.0	0.0	0.0	0.0
major facilitator superfamily (MFS) antibiotic efflux pump	ARO_3000074__emrB__H	emrB	fluoroquinolone antibiotic	antibiotic efflux	45766.22	0.0	0.0	0.0	3066771.26	55850.44	1552831.73	0.0	0.0	0.0	0.0	13825.82	633012.97	114647.29	255275.64	9219.47	43122.14	0.0	0.0	52430.18	101819.58	620796.84	0.0	0.0	0.0	0.0	200853.3	0.0	756074.6	11883.04	0.0	0.0	144431.13	45868.26	0.0	10712.99
major facilitator superfamily (MFS) antibiotic efflux pump	ARO_3000165__tet_A__H	tet(A)	tetracycline antibiotic	antibiotic efflux	257798.45	0.0	0.0	0.0	0.0	0.0	0.0	0.0	0.0	0.0	0.0	0.0	0.0	761123.16	53588.3	55642.2	26025.48	0.0	0.0	0.0	24580.44	0.0	0.0	0.0	0.0	0.0	242441.75	65273.96	213896.84	229496.45	0.0	0.0	4997657.04	3524948.88	0.0	0.0
major facilitator superfamily (MFS) antibiotic efflux pump	ARO_3000166__tet_B__H	tet(B)	tetracycline antibiotic	antibiotic efflux	0.0	0.0	0.0	0.0	0.0	0.0	0.0	36359.08	0.0	0.0	0.0	0.0	0.0	2139690.7	1572156.69	0.0	0.0	518794.17	21631595.61	508494.47	12993.39	522522.08	0.0	0.0	0.0	0.0	0.0	0.0	15075.65	0.0	0.0	0.0	0.0	0.0	0.0	0.0
major facilitator superfamily (MFS) antibiotic efflux pump	ARO_3000167__tet_C__H	tet(C)	tetracycline antibiotic	antibiotic efflux	13661044.87	0.0	0.0	0.0	1355713.75	2646213.56	0.0	0.0	0.0	0.0	0.0	0.0	495089.49	0.0	186445.43	0.0	0.0	0.0	233643.03	0.0	0.0	0.0	0.0	940295.42	0.0	0.0	0.0	0.0	0.0	30710.32	0.0	0.0	43817204.28	35285748.46	0.0	0.0
major facilitator superfamily (MFS) antibiotic efflux pump	ARO_3000168__tet_D__H	tet(D)	tetracycline antibiotic	antibiotic efflux	0.0	0.0	0.0	0.0	0.0	0.0	0.0	0.0	0.0	0.0	0.0	0.0	0.0	0.0	0.0	0.0	0.0	0.0	0.0	0.0	52894.62	0.0	0.0	0.0	0.0	0.0	2630288.44	596967.55	36086292.24	216060.74	35512.63	0.0	0.0	0.0	0.0	0.0
major facilitator superfamily (MFS) antibiotic efflux pump	ARO_3000173__tet_E__H	tet(E)	tetracycline antibiotic	antibiotic efflux	0.0	0.0	0.0	0.0	0.0	0.0	0.0	0.0	0.0	0.0	0.0	0.0	0.0	0.0	0.0	0.0	0.0	0.0	0.0	0.0	0.0	0.0	0.0	0.0	0.0	0.0	0.0	17082.16	0.0	0.0	0.0	0.0	0.0	0.0	0.0	0.0
major facilitator superfamily (MFS) antibiotic efflux pump	ARO_3000174__tet_G__H	tet(G)	tetracycline antibiotic	antibiotic efflux	79857.39	55508.27	47509.5	19257.77	253478.03	231451.63	0.0	0.0	0.0	19265.96	0.0	18093.48	1111809.76	150035.87	203348.45	12065.27	183406.6	45602.46	118311.58	370515.5	11366103.61	2973112.8	963472.23	144913.54	1232308.35	472530.27	985692.72	159230.17	30920.46	248816.31	2898536.86	0.0	1134079.15	1160513.81	0.0	336475.33
major facilitator superfamily (MFS) antibiotic efflux pump	ARO_3000178__tet_K__H	tet(K)	tetracycline antibiotic	antibiotic efflux	0.0	0.0	0.0	0.0	0.0	0.0	0.0	0.0	0.0	0.0	0.0	0.0	0.0	0.0	0.0	0.0	0.0	0.0	0.0	0.0	0.0	0.0	0.0	0.0	0.0	0.0	0.0	0.0	26349.61	0.0	15247.27	0.0	0.0	0.0	0.0	0.0
major facilitator superfamily (MFS) antibiotic efflux pump	ARO_3000179__tet_L__H	tet(L)	tetracycline antibiotic	antibiotic efflux	0.0	0.0	0.0	0.0	0.0	0.0	0.0	0.0	0.0	0.0	0.0	0.0	0.0	0.0	0.0	0.0	0.0	0.0	0.0	0.0	56899.17	0.0	0.0	0.0	0.0	0.0	0.0	0.0	0.0	13281.04	0.0	0.0	0.0	0.0	0.0	0.0
major facilitator superfamily (MFS) antibiotic efflux pump	ARO_3000180__tetA_P__H	tetA(P)	tetracycline antibiotic	antibiotic efflux	0.0	0.0	0.0	0.0	0.0	0.0	0.0	0.0	0.0	0.0	0.0	0.0	0.0	0.0	0.0	0.0	0.0	0.0	0.0	0.0	0.0	0.0	0.0	0.0	0.0	0.0	0.0	0.0	0.0	28959.62	0.0	0.0	0.0	0.0	0.0	0.0
major facilitator superfamily (MFS) antibiotic efflux pump	ARO_3000206__emrK__H	emrK	tetracycline antibiotic	antibiotic efflux	0.0	0.0	0.0	0.0	0.0	0.0	0.0	0.0	0.0	0.0	0.0	0.0	0.0	0.0	0.0	0.0	0.0	0.0	0.0	0.0	0.0	0.0	0.0	0.0	0.0	0.0	0.0	0.0	0.0	17318.18	0.0	0.0	0.0	0.0	0.0	0.0
major facilitator superfamily (MFS) antibiotic efflux pump	ARO_3000391__norA__H	norA	disinfecting agents and antiseptics;fluoroquinolone antibiotic	antibiotic efflux	0.0	0.0	0.0	0.0	0.0	0.0	0.0	0.0	0.0	0.0	0.0	0.0	44049.87	0.0	0.0	0.0	0.0	0.0	0.0	0.0	0.0	0.0	0.0	0.0	0.0	0.0	0.0	0.0	0.0	0.0	0.0	0.0	0.0	0.0	0.0	28328.68
major facilitator superfamily (MFS) antibiotic efflux pump	ARO_3000478__tet_33__H	tet(33)	tetracycline antibiotic	antibiotic efflux	0.0	0.0	0.0	0.0	0.0	0.0	0.0	0.0	0.0	0.0	0.0	0.0	0.0	0.0	0.0	0.0	0.0	0.0	0.0	158215.77	2662881.36	3238496.67	0.0	0.0	0.0	0.0	0.0	0.0	0.0	0.0	498525.89	0.0	746581.52	384483.95	0.0	0.0
major facilitator superfamily (MFS) antibiotic efflux pump	ARO_3000516__emrR__H	emrR	fluoroquinolone antibiotic	antibiotic efflux	840081.7	0.0	0.0	0.0	888843.87	80935.81	7308634.36	82578.25	0.0	0.0	0.0	40071.44	289683.9	1204525.29	1865750.77	133604.15	1531018.7	0.0	2259951.79	0.0	59020.84	267974.69	56152.41	0.0	0.0	34883.59	2134491.9	39182.82	2739168.58	137762.7	118877.01	0.0	2372097.76	2215670.24	0.0	0.0
major facilitator superfamily (MFS) antibiotic efflux pump	ARO_3000561__tet_30__H	tet(30)	tetracycline antibiotic	antibiotic efflux	0.0	0.0	0.0	0.0	0.0	0.0	0.0	0.0	0.0	0.0	0.0	0.0	0.0	18612.05	0.0	0.0	0.0	0.0	0.0	3186745.99	119012.91	85771.28	0.0	0.0	0.0	0.0	0.0	0.0	0.0	0.0	71025.25	0.0	0.0	0.0	0.0	0.0
major facilitator superfamily (MFS) antibiotic efflux pump	ARO_3000566__tet_39__H	tet(39)	tetracycline antibiotic	antibiotic efflux	0.0	0.0	0.0	0.0	0.0	0.0	0.0	0.0	0.0	0.0	0.0	0.0	0.0	0.0	0.0	0.0	0.0	0.0	0.0	0.0	0.0	0.0	0.0	0.0	0.0	0.0	0.0	0.0	0.0	30787.88	0.0	0.0	0.0	0.0	0.0	0.0
major facilitator superfamily (MFS) antibiotic efflux pump	ARO_3000569__tet_41__H	tet(41)	tetracycline antibiotic	antibiotic efflux	12791775.7	0.0	0.0	153280.11	756574.03	48479.32	0.0	0.0	84464.22	115008.96	275981.06	0.0	4316216.59	84750466.67	14884693.77	3409143.81	30431316.2	90741.95	632696.72	0.0	0.0	1289834.68	0.0	82387.39	0.0	31342.11	5905928.3	0.0	23257209.74	46416.24	0.0	0.0	46010480.3	40192820.47	0.0	0.0
major facilitator superfamily (MFS) antibiotic efflux pump	ARO_3000572__tet_42__H	tet(42)	tetracycline antibiotic	antibiotic efflux	0.0	0.0	0.0	0.0	0.0	0.0	0.0	0.0	0.0	0.0	0.0	0.0	0.0	0.0	0.0	0.0	0.0	0.0	0.0	0.0	0.0	0.0	0.0	0.0	0.0	0.0	20015.1	0.0	0.0	0.0	0.0	0.0	57570.45	0.0	0.0	0.0
major facilitator superfamily (MFS) antibiotic efflux pump	ARO_3000822__pmrA__H	pmrA	fluoroquinolone antibiotic	antibiotic efflux	0.0	0.0	0.0	0.0	0.0	0.0	0.0	0.0	0.0	0.0	0.0	0.0	0.0	0.0	28468.78	11823.97	0.0	0.0	0.0	0.0	0.0	0.0	0.0	0.0	0.0	0.0	0.0	0.0	0.0	0.0	0.0	0.0	0.0	0.0	0.0	0.0
major facilitator superfamily (MFS) antibiotic efflux pump	ARO_3001214__mdtM__H	mdtM	disinfecting agents and antiseptics;fluoroquinolone antibiotic;lincosamide antibiotic;nucleoside antibiotic;phenicol antibiotic	antibiotic efflux	0.0	0.0	0.0	0.0	0.0	0.0	0.0	0.0	0.0	0.0	0.0	0.0	0.0	53662.47	0.0	0.0	0.0	0.0	14105.27	0.0	0.0	0.0	0.0	0.0	0.0	0.0	0.0	0.0	14745.52	0.0	0.0	0.0	100152.98	19083.88	0.0	0.0
major facilitator superfamily (MFS) antibiotic efflux pump	ARO_3001216__mdtH__H	mdtH	fluoroquinolone antibiotic	antibiotic efflux	38838.83	0.0	0.0	0.0	61639.82	0.0	0.0	0.0	0.0	0.0	0.0	0.0	42410.3	145940.6	141284.28	0.0	0.0	0.0	244549.75	0.0	0.0	67254.9	0.0	0.0	0.0	0.0	106531.99	0.0	15038.24	0.0	0.0	0.0	183854.02	194627.11	0.0	0.0
major facilitator superfamily (MFS) antibiotic efflux pump	ARO_3002694__cmlA4__H	cmlA4	phenicol antibiotic	antibiotic efflux	93166.96	103615.44	88684.4	0.0	0.0	0.0	0.0	0.0	0.0	0.0	0.0	0.0	0.0	0.0	0.0	0.0	0.0	0.0	0.0	25615.89	37309.6	16133.17	23664.23	0.0	0.0	14700.94	0.0	181640.34	0.0	0.0	16699.39	0.0	0.0	0.0	0.0	0.0
major facilitator superfamily (MFS) antibiotic efflux pump	ARO_3002703__cmx__H	cmx	phenicol antibiotic	antibiotic efflux	0.0	0.0	0.0	0.0	0.0	0.0	0.0	0.0	0.0	0.0	0.0	0.0	0.0	0.0	0.0	0.0	0.0	0.0	0.0	0.0	106598.86	0.0	0.0	0.0	0.0	0.0	0.0	0.0	0.0	0.0	35784.41	0.0	0.0	0.0	0.0	28039.61
major facilitator superfamily (MFS) antibiotic efflux pump	ARO_3002705__floR__H	floR	phenicol antibiotic	antibiotic efflux	3787409.27	5104019.58	4383856.01	0.0	327122.27	70743.89	0.0	0.0	0.0	0.0	0.0	0.0	1709135.01	0.0	0.0	0.0	0.0	0.0	0.0	0.0	103177.17	117114.87	0.0	1723218.8	20564.7	0.0	21201.18	2979635.42	74819.88	0.0	86589.43	0.0	365892.2	309865.59	2282806.61	2062607.64
major facilitator superfamily (MFS) antibiotic efflux pump	ARO_3002812__pp-flo__H	pp-flo	phenicol antibiotic	antibiotic efflux	0.0	14506.16	16554.42	0.0	0.0	0.0	0.0	0.0	0.0	0.0	0.0	0.0	0.0	0.0	0.0	0.0	0.0	0.0	0.0	28689.79	83573.51	0.0	106015.75	21640.42	88839.52	0.0	0.0	0.0	0.0	0.0	18703.32	0.0	0.0	0.0	0.0	0.0
major facilitator superfamily (MFS) antibiotic efflux pump	ARO_3003048__rosA__H	rosA	peptide antibiotic	antibiotic efflux	0.0	0.0	0.0	0.0	0.0	0.0	0.0	0.0	0.0	0.0	0.0	0.0	0.0	0.0	0.0	0.0	0.0	0.0	0.0	0.0	0.0	0.0	0.0	0.0	0.0	0.0	0.0	0.0	14745.52	0.0	0.0	0.0	0.0	0.0	0.0	0.0
major facilitator superfamily (MFS) antibiotic efflux pump	ARO_3003049__rosB__H	rosB	peptide antibiotic	antibiotic efflux	0.0	0.0	0.0	0.0	0.0	0.0	0.0	0.0	0.0	0.0	0.0	0.0	0.0	0.0	0.0	0.0	0.0	0.0	0.0	0.0	0.0	0.0	0.0	0.0	0.0	0.0	0.0	0.0	0.0	0.0	0.0	0.0	0.0	13906.87	0.0	0.0
major facilitator superfamily (MFS) antibiotic efflux pump	ARO_3003548__mdtN__H	mdtN	disinfecting agents and antiseptics;nucleoside antibiotic	antibiotic efflux	0.0	0.0	0.0	0.0	0.0	0.0	39584.71	0.0	0.0	0.0	0.0	0.0	0.0	0.0	0.0	0.0	0.0	0.0	0.0	0.0	0.0	0.0	0.0	0.0	0.0	0.0	0.0	0.0	0.0	0.0	0.0	0.0	0.0	0.0	0.0	0.0
major facilitator superfamily (MFS) antibiotic efflux pump	ARO_3003745__mef_C__H	mef(C)	macrolide antibiotic;tetracycline antibiotic	antibiotic efflux	0.0	0.0	0.0	0.0	0.0	0.0	0.0	0.0	0.0	0.0	0.0	0.0	0.0	0.0	0.0	0.0	0.0	0.0	0.0	0.0	0.0	0.0	0.0	0.0	0.0	0.0	0.0	16998.43	14853.95	0.0	0.0	0.0	0.0	0.0	0.0	0.0
major facilitator superfamily (MFS) antibiotic efflux pump	ARO_3003801__bcr-1__H	bcr-1	bicyclomycin-like antibiotic	antibiotic efflux	0.0	0.0	0.0	0.0	0.0	0.0	0.0	0.0	0.0	0.0	0.0	0.0	0.0	0.0	0.0	0.0	0.0	0.0	28770.56	0.0	0.0	0.0	0.0	0.0	0.0	0.0	0.0	0.0	0.0	0.0	0.0	0.0	0.0	0.0	0.0	0.0
major facilitator superfamily (MFS) antibiotic efflux pump	ARO_3003843__leuO__H	leuO	disinfecting agents and antiseptics;nucleoside antibiotic	antibiotic efflux	0.0	0.0	0.0	0.0	0.0	0.0	0.0	0.0	0.0	0.0	0.0	0.0	0.0	70016.74	180754.18	0.0	17556.87	0.0	386484.51	0.0	0.0	0.0	0.0	0.0	0.0	0.0	27258.66	0.0	38478.8	0.0	0.0	0.0	26135.16	49799.83	0.0	0.0
major facilitator superfamily (MFS) antibiotic efflux pump	ARO_3003955__efpA__H	efpA	isoniazid-like antibiotic;rifamycin antibiotic	antibiotic efflux	0.0	0.0	0.0	0.0	0.0	0.0	12822.17	13763.04	0.0	0.0	0.0	0.0	0.0	13845.12	10722.71	0.0	0.0	0.0	0.0	0.0	0.0	0.0	0.0	0.0	0.0	0.0	80851.97	39182.82	22826.4	11480.23	0.0	0.0	15503.91	0.0	0.0	0.0
major facilitator superfamily (MFS) antibiotic efflux pump	ARO_3003962__farB__H	farB	antibacterial free fatty acids	antibiotic efflux	0.0	0.0	0.0	0.0	0.0	0.0	13376.37	0.0	0.0	0.0	0.0	0.0	0.0	0.0	0.0	0.0	0.0	0.0	0.0	0.0	0.0	0.0	0.0	0.0	0.0	0.0	0.0	0.0	0.0	0.0	0.0	0.0	0.0	0.0	0.0	0.0
major facilitator superfamily (MFS) antibiotic efflux pump	ARO_3004588__Kpne_KpnG__H	Klebsiella pneumoniae KpnG	aminoglycoside antibiotic;carbapenem;cephalosporin;fluoroquinolone antibiotic;macrolide antibiotic;penicillin beta-lactam;peptide antibiotic	antibiotic efflux	80061.63	0.0	0.0	0.0	296480.7	256469.22	330851.22	0.0	0.0	0.0	0.0	18139.76	677534.34	37604.9	218430.56	12096.13	297029.93	0.0	326188.97	27515.79	40076.81	34659.5	25419.38	0.0	0.0	0.0	2525434.94	35474.98	573491.53	0.0	179379.63	0.0	1537027.99	1123361.81	0.0	28111.32
major facilitator superfamily (MFS) antibiotic efflux pump	ARO_3005009__qacE__H	qacE	disinfecting agents and antiseptics	antibiotic efflux	423028.34	98014.6	111854.2	0.0	0.0	0.0	0.0	0.0	0.0	0.0	0.0	0.0	0.0	0.0	0.0	0.0	0.0	0.0	0.0	0.0	0.0	0.0	0.0	0.0	0.0	0.0	0.0	0.0	54598.29	0.0	0.0	0.0	148334.68	0.0	0.0	0.0
major facilitator superfamily (MFS) antibiotic efflux pump	ARO_3005010__qacEdelta1__H	qacEdelta1	disinfecting agents and antiseptics	antibiotic efflux	17743486.04	1031688.17	1123845.41	65077.98	43043192.2	5351531.41	90800496.86	4095098.1	765032.29	781267.75	340866.89	2384596.17	25342346.7	142471995.73	20860746.34	5055765.24	84338820.75	51368.29	4947668.06	21981080.62	8060160.47	29732320.13	3255871.66	3777746.1	3805356.47	5163072.09	29386483.43	2989378.58	37250626.45	2049517.07	3869651.6	0.0	49395447.51	45032351.55	531342.92	758036.38
major facilitator superfamily (MFS) antibiotic efflux pump	ARO_3005043__cmlA9__H	cmlA9	phenicol antibiotic	antibiotic efflux	19323.52	13431.63	0.0	55918.86	0.0	11790.65	0.0	0.0	0.0	0.0	0.0	0.0	21100.43	0.0	0.0	0.0	0.0	0.0	0.0	39846.93	19023290.65	4969016.44	196325.46	0.0	205647.03	350644.68	42402.36	445232.88	0.0	316088.86	4935597.29	0.0	0.0	19366.6	15218.71	461372.76
major facilitator superfamily (MFS) antibiotic efflux pump	ARO_3007011__mdeA__H	mdeA	aminoglycoside antibiotic;disinfecting agents and antiseptics;fluoroquinolone antibiotic;penicillin beta-lactam;tetracycline antibiotic	antibiotic efflux	0.0	0.0	0.0	0.0	0.0	0.0	29993.7	0.0	0.0	0.0	0.0	0.0	0.0	0.0	0.0	0.0	0.0	0.0	0.0	0.0	0.0	0.0	0.0	0.0	0.0	0.0	0.0	0.0	0.0	0.0	0.0	0.0	0.0	0.0	0.0	0.0
major facilitator superfamily (MFS) antibiotic efflux pump	ARO_3007047__mef_H__H	mef(H)	macrolide antibiotic	antibiotic efflux	0.0	0.0	0.0	0.0	0.0	0.0	0.0	0.0	0.0	0.0	0.0	0.0	0.0	0.0	0.0	0.0	0.0	0.0	0.0	0.0	47484.95	0.0	0.0	0.0	0.0	0.0	0.0	0.0	0.0	0.0	0.0	0.0	0.0	0.0	0.0	0.0
major facilitator superfamily (MFS) antibiotic efflux pump	ARO_3007494__tet_64__H	tet(64)	tetracycline antibiotic	antibiotic efflux	0.0	0.0	0.0	3327664.89	0.0	12028.24	171500.5	0.0	0.0	0.0	0.0	0.0	21525.63	0.0	0.0	0.0	0.0	0.0	0.0	0.0	0.0	0.0	0.0	367941.69	0.0	0.0	0.0	0.0	15265.52	46065.49	0.0	0.0	20736.96	0.0	31050.77	207648.51
major facilitator superfamily (MFS) antibiotic efflux pump	multiple	Klebsiella pneumoniae KpnG | cmlA4 | pp-flo | qacE | qacEdelta1 | cmlA1 | emrB | cmlA9 | emrA | floR | Salmonella enterica cmlA | Klebsiella pneumoniae KpnH | cmlA8 | cmlA6 | cmlA5	aminoglycoside antibiotic;carbapenem;cephalosporin;fluoroquinolone antibiotic;macrolide antibiotic;penicillin beta-lactam;peptide antibiotic | phenicol antibiotic | disinfecting agents and antiseptics | fluoroquinolone antibiotic	antibiotic efflux	41583033.84	0.0	0.0	0.0	0.0	0.0	0.0	0.0	0.0	0.0	0.0	0.0	0.0	0.0	0.0	0.0	0.0	0.0	0.0	0.0	0.0	0.0	0.0	0.0	0.0	0.0	0.0	0.0	0.0	0.0	0.0	0.0	0.0	0.0	0.0	0.0
major facilitator superfamily (MFS) antibiotic efflux pump	multiple	Klebsiella pneumoniae KpnH | emrA | qacE | qacEdelta1 | emrB | Klebsiella pneumoniae KpnG	aminoglycoside antibiotic;carbapenem;cephalosporin;fluoroquinolone antibiotic;macrolide antibiotic;penicillin beta-lactam;peptide antibiotic | fluoroquinolone antibiotic | disinfecting agents and antiseptics	antibiotic efflux	0.0	0.0	0.0	0.0	0.0	0.0	0.0	0.0	0.0	0.0	0.0	0.0	0.0	0.0	0.0	0.0	0.0	0.0	0.0	0.0	0.0	0.0	0.0	0.0	0.0	0.0	22050583.85	0.0	0.0	0.0	0.0	0.0	0.0	0.0	0.0	0.0
major facilitator superfamily (MFS) antibiotic efflux pump	multiple	Klebsiella pneumoniae KpnH | emrB | qacE | qacEdelta1	aminoglycoside antibiotic;carbapenem;cephalosporin;fluoroquinolone antibiotic;macrolide antibiotic;penicillin beta-lactam;peptide antibiotic | fluoroquinolone antibiotic | disinfecting agents and antiseptics	antibiotic efflux	0.0	0.0	0.0	0.0	0.0	0.0	0.0	0.0	0.0	0.0	0.0	0.0	0.0	0.0	0.0	0.0	63169426.96	0.0	0.0	0.0	0.0	0.0	0.0	0.0	0.0	0.0	0.0	0.0	0.0	0.0	0.0	0.0	0.0	0.0	0.0	0.0
major facilitator superfamily (MFS) antibiotic efflux pump	multiple	Klebsiella pneumoniae KpnH | qacE | emrB | qacEdelta1	aminoglycoside antibiotic;carbapenem;cephalosporin;fluoroquinolone antibiotic;macrolide antibiotic;penicillin beta-lactam;peptide antibiotic | disinfecting agents and antiseptics | fluoroquinolone antibiotic	antibiotic efflux	0.0	0.0	0.0	0.0	0.0	0.0	0.0	0.0	0.0	0.0	0.0	1811369.84	0.0	0.0	0.0	0.0	0.0	0.0	0.0	0.0	0.0	0.0	0.0	0.0	0.0	0.0	0.0	0.0	0.0	0.0	0.0	0.0	0.0	0.0	0.0	0.0
major facilitator superfamily (MFS) antibiotic efflux pump	multiple	Salmonella enterica cmlA | qacEdelta1 | cmlA5 | cmlA1 | Klebsiella pneumoniae KpnH | cmlA6 | pp-flo | emrB | qacE | cmlA9 | cmlA4 | floR | cmlA8	phenicol antibiotic | disinfecting agents and antiseptics | aminoglycoside antibiotic;carbapenem;cephalosporin;fluoroquinolone antibiotic;macrolide antibiotic;penicillin beta-lactam;peptide antibiotic | fluoroquinolone antibiotic	antibiotic efflux	0.0	0.0	0.0	0.0	0.0	0.0	0.0	0.0	0.0	0.0	0.0	0.0	0.0	0.0	0.0	0.0	0.0	0.0	0.0	0.0	9257686.15	0.0	0.0	0.0	0.0	0.0	0.0	0.0	0.0	0.0	0.0	0.0	0.0	0.0	0.0	0.0
major facilitator superfamily (MFS) antibiotic efflux pump	multiple	cmlA1 | cmlA8 | emrB | cmlA4 | qacE | Klebsiella pneumoniae KpnH | Salmonella enterica cmlA | cmlA9 | qacEdelta1 | cmlA5 | floR | pp-flo | cmlA6	phenicol antibiotic | fluoroquinolone antibiotic | disinfecting agents and antiseptics | aminoglycoside antibiotic;carbapenem;cephalosporin;fluoroquinolone antibiotic;macrolide antibiotic;penicillin beta-lactam;peptide antibiotic	antibiotic efflux	0.0	0.0	0.0	0.0	0.0	0.0	0.0	0.0	0.0	0.0	0.0	0.0	0.0	0.0	0.0	0.0	0.0	0.0	0.0	0.0	0.0	0.0	0.0	0.0	0.0	0.0	0.0	0.0	0.0	0.0	4606104.23	0.0	0.0	0.0	0.0	0.0
major facilitator superfamily (MFS) antibiotic efflux pump	multiple	cmlA6 | cmlA4 | cmlA8 | cmlA9 | floR | qacEdelta1 | cmlA5 | cmlA1 | Salmonella enterica cmlA | pp-flo | qacE	phenicol antibiotic | disinfecting agents and antiseptics	antibiotic efflux	0.0	0.0	0.0	0.0	0.0	0.0	0.0	0.0	0.0	0.0	0.0	0.0	0.0	0.0	0.0	0.0	0.0	0.0	0.0	0.0	0.0	0.0	0.0	0.0	1924799.3	0.0	0.0	0.0	0.0	0.0	0.0	0.0	0.0	0.0	0.0	0.0
major facilitator superfamily (MFS) antibiotic efflux pump	multiple	cmlA6 | cmlA9 | qacEdelta1 | Klebsiella pneumoniae KpnG | floR | cmlA8 | emrA | cmlA1 | pp-flo | Salmonella enterica cmlA | Klebsiella pneumoniae KpnH | emrB | qacE | cmlA5 | cmlA4	phenicol antibiotic | disinfecting agents and antiseptics | aminoglycoside antibiotic;carbapenem;cephalosporin;fluoroquinolone antibiotic;macrolide antibiotic;penicillin beta-lactam;peptide antibiotic | fluoroquinolone antibiotic	antibiotic efflux	0.0	0.0	0.0	0.0	0.0	0.0	0.0	0.0	0.0	0.0	0.0	0.0	0.0	0.0	0.0	0.0	0.0	0.0	0.0	0.0	0.0	0.0	0.0	0.0	0.0	0.0	0.0	0.0	0.0	0.0	0.0	0.0	34250739.3	0.0	0.0	0.0
major facilitator superfamily (MFS) antibiotic efflux pump	multiple	cmlA6 | qacE | cmlA5 | cmlA4 | qacEdelta1 | emrB | cmlA1 | Salmonella enterica cmlA | Klebsiella pneumoniae KpnH | cmlA8 | floR | cmlA9 | pp-flo	phenicol antibiotic | disinfecting agents and antiseptics | fluoroquinolone antibiotic | aminoglycoside antibiotic;carbapenem;cephalosporin;fluoroquinolone antibiotic;macrolide antibiotic;penicillin beta-lactam;peptide antibiotic	antibiotic efflux	0.0	0.0	0.0	0.0	0.0	0.0	0.0	0.0	0.0	0.0	0.0	0.0	0.0	0.0	0.0	0.0	0.0	0.0	0.0	0.0	0.0	0.0	0.0	0.0	0.0	0.0	0.0	24437675.64	0.0	0.0	0.0	0.0	0.0	0.0	0.0	0.0
major facilitator superfamily (MFS) antibiotic efflux pump	multiple	cmlA9 | floR | cmlA5 | qacE | qacEdelta1 | Salmonella enterica cmlA | pp-flo | Klebsiella pneumoniae KpnH | cmlA1 | cmlA6 | emrB | cmlA8 | cmlA4	phenicol antibiotic | disinfecting agents and antiseptics | aminoglycoside antibiotic;carbapenem;cephalosporin;fluoroquinolone antibiotic;macrolide antibiotic;penicillin beta-lactam;peptide antibiotic | fluoroquinolone antibiotic	antibiotic efflux	0.0	0.0	0.0	0.0	0.0	0.0	0.0	0.0	0.0	0.0	0.0	0.0	0.0	0.0	0.0	0.0	0.0	0.0	0.0	0.0	0.0	0.0	0.0	0.0	0.0	0.0	0.0	0.0	0.0	0.0	0.0	0.0	0.0	0.0	0.0	15871819.34
major facilitator superfamily (MFS) antibiotic efflux pump	multiple	floR | qacE | pp-flo | cmlA1 | cmlA5 | Klebsiella pneumoniae KpnH | Salmonella enterica cmlA | emrB | qacEdelta1 | cmlA8 | cmlA6	phenicol antibiotic | disinfecting agents and antiseptics | aminoglycoside antibiotic;carbapenem;cephalosporin;fluoroquinolone antibiotic;macrolide antibiotic;penicillin beta-lactam;peptide antibiotic | fluoroquinolone antibiotic	antibiotic efflux	0.0	0.0	0.0	0.0	0.0	0.0	0.0	0.0	0.0	0.0	0.0	0.0	0.0	0.0	0.0	0.0	0.0	0.0	0.0	0.0	0.0	0.0	0.0	0.0	0.0	0.0	0.0	0.0	27858100.29	0.0	0.0	0.0	0.0	0.0	0.0	0.0
major facilitator superfamily (MFS) antibiotic efflux pump	multiple	pp-flo | Klebsiella pneumoniae KpnH | Salmonella enterica cmlA | cmlA1 | cmlA8 | cmlA4 | floR | qacEdelta1 | cmlA5 | emrB | cmlA9 | qacE | cmlA6	phenicol antibiotic | aminoglycoside antibiotic;carbapenem;cephalosporin;fluoroquinolone antibiotic;macrolide antibiotic;penicillin beta-lactam;peptide antibiotic | disinfecting agents and antiseptics | fluoroquinolone antibiotic	antibiotic efflux	0.0	0.0	0.0	0.0	0.0	0.0	0.0	0.0	0.0	0.0	0.0	0.0	0.0	0.0	0.0	0.0	0.0	0.0	0.0	0.0	0.0	20444644.62	0.0	0.0	0.0	0.0	0.0	0.0	0.0	0.0	0.0	0.0	0.0	0.0	0.0	0.0
major facilitator superfamily (MFS) antibiotic efflux pump	multiple	pp-flo | floR | qacE | cmlA9 | qacEdelta1	phenicol antibiotic | disinfecting agents and antiseptics	antibiotic efflux	0.0	0.0	0.0	0.0	0.0	0.0	0.0	0.0	0.0	0.0	0.0	0.0	0.0	0.0	0.0	0.0	0.0	0.0	0.0	0.0	0.0	0.0	0.0	0.0	0.0	0.0	0.0	0.0	0.0	0.0	0.0	0.0	0.0	0.0	18311762.78	0.0
major facilitator superfamily (MFS) antibiotic efflux pump	multiple	pp-flo | qacE | emrB | cmlA8 | cmlA9 | Klebsiella pneumoniae KpnH | cmlA4 | qacEdelta1 | cmlA1 | cmlA6 | floR | cmlA5 | Salmonella enterica cmlA	phenicol antibiotic | disinfecting agents and antiseptics | fluoroquinolone antibiotic | aminoglycoside antibiotic;carbapenem;cephalosporin;fluoroquinolone antibiotic;macrolide antibiotic;penicillin beta-lactam;peptide antibiotic	antibiotic efflux	0.0	0.0	0.0	0.0	0.0	0.0	0.0	0.0	0.0	0.0	0.0	0.0	0.0	0.0	0.0	0.0	0.0	0.0	0.0	0.0	0.0	0.0	0.0	0.0	0.0	0.0	0.0	0.0	0.0	0.0	0.0	0.0	0.0	32002450.46	0.0	0.0
major facilitator superfamily (MFS) antibiotic efflux pump	multiple	pp-flo | qacE | emrB | floR | cmlA9 | qacEdelta1 | Klebsiella pneumoniae KpnH	phenicol antibiotic | disinfecting agents and antiseptics | fluoroquinolone antibiotic | aminoglycoside antibiotic;carbapenem;cephalosporin;fluoroquinolone antibiotic;macrolide antibiotic;penicillin beta-lactam;peptide antibiotic	antibiotic efflux	0.0	0.0	0.0	0.0	33046410.12	0.0	0.0	0.0	0.0	0.0	0.0	0.0	0.0	0.0	0.0	0.0	0.0	0.0	0.0	0.0	0.0	0.0	0.0	0.0	0.0	0.0	0.0	0.0	0.0	0.0	0.0	0.0	0.0	0.0	0.0	0.0
major facilitator superfamily (MFS) antibiotic efflux pump	multiple	qacB | qacA | Klebsiella pneumoniae KpnH | emrB | qacE | qacEdelta1	fluoroquinolone antibiotic | aminoglycoside antibiotic;carbapenem;cephalosporin;fluoroquinolone antibiotic;macrolide antibiotic;penicillin beta-lactam;peptide antibiotic | disinfecting agents and antiseptics	antibiotic efflux	0.0	0.0	0.0	0.0	0.0	0.0	0.0	0.0	0.0	0.0	0.0	0.0	0.0	0.0	0.0	3728977.8	0.0	0.0	0.0	0.0	0.0	0.0	0.0	0.0	0.0	0.0	0.0	0.0	0.0	0.0	0.0	0.0	0.0	0.0	0.0	0.0
major facilitator superfamily (MFS) antibiotic efflux pump	multiple	qacE | Salmonella enterica cmlA | cmlA8 | cmlA4 | qacEdelta1 | cmlA9 | pp-flo | floR | cmlA5 | cmlA6 | cmlA1	disinfecting agents and antiseptics | phenicol antibiotic	antibiotic efflux	0.0	44552646.03	0.0	0.0	0.0	0.0	0.0	0.0	0.0	0.0	0.0	0.0	0.0	0.0	0.0	0.0	0.0	0.0	0.0	0.0	0.0	0.0	0.0	0.0	0.0	0.0	0.0	0.0	0.0	0.0	0.0	0.0	0.0	0.0	0.0	0.0
major facilitator superfamily (MFS) antibiotic efflux pump	multiple	qacE | cmlA9 | pp-flo | qacA | qacEdelta1 | floR | emrB | Klebsiella pneumoniae KpnH | qacB	disinfecting agents and antiseptics | phenicol antibiotic | fluoroquinolone antibiotic | aminoglycoside antibiotic;carbapenem;cephalosporin;fluoroquinolone antibiotic;macrolide antibiotic;penicillin beta-lactam;peptide antibiotic	antibiotic efflux	0.0	0.0	0.0	0.0	0.0	0.0	0.0	0.0	0.0	0.0	0.0	0.0	23641062.98	0.0	0.0	0.0	0.0	0.0	0.0	0.0	0.0	0.0	0.0	0.0	0.0	0.0	0.0	0.0	0.0	0.0	0.0	0.0	0.0	0.0	0.0	0.0
major facilitator superfamily (MFS) antibiotic efflux pump	multiple	qacE | cmlA9 | qacEdelta1 | pp-flo | floR	disinfecting agents and antiseptics | phenicol antibiotic	antibiotic efflux	0.0	0.0	0.0	0.0	0.0	0.0	0.0	0.0	0.0	0.0	0.0	0.0	0.0	0.0	0.0	0.0	0.0	0.0	0.0	0.0	0.0	0.0	0.0	16868264.59	0.0	0.0	0.0	0.0	0.0	0.0	0.0	0.0	0.0	0.0	0.0	0.0
major facilitator superfamily (MFS) antibiotic efflux pump	multiple	qacE | emrA | Klebsiella pneumoniae KpnH | qacEdelta1 | emrB | cmlA9 | pp-flo | Klebsiella pneumoniae KpnG | floR	disinfecting agents and antiseptics | fluoroquinolone antibiotic | aminoglycoside antibiotic;carbapenem;cephalosporin;fluoroquinolone antibiotic;macrolide antibiotic;penicillin beta-lactam;peptide antibiotic | phenicol antibiotic	antibiotic efflux	0.0	0.0	0.0	0.0	0.0	3977366.56	0.0	0.0	0.0	0.0	0.0	0.0	0.0	0.0	0.0	0.0	0.0	0.0	0.0	0.0	0.0	0.0	0.0	0.0	0.0	0.0	0.0	0.0	0.0	0.0	0.0	0.0	0.0	0.0	0.0	0.0
major facilitator superfamily (MFS) antibiotic efflux pump	multiple	qacE | floR | Klebsiella pneumoniae KpnH | cmlA9 | qacEdelta1 | emrB | pp-flo	disinfecting agents and antiseptics | phenicol antibiotic | aminoglycoside antibiotic;carbapenem;cephalosporin;fluoroquinolone antibiotic;macrolide antibiotic;penicillin beta-lactam;peptide antibiotic | fluoroquinolone antibiotic	antibiotic efflux	0.0	0.0	0.0	0.0	0.0	0.0	0.0	0.0	0.0	0.0	0.0	0.0	0.0	0.0	0.0	0.0	0.0	0.0	0.0	0.0	0.0	0.0	0.0	0.0	0.0	0.0	0.0	0.0	0.0	1435235.32	0.0	0.0	0.0	0.0	0.0	0.0
major facilitator superfamily (MFS) antibiotic efflux pump	multiple	qacE | pp-flo | Salmonella enterica cmlA | emrB | cmlA9 | cmlA4 | cmlA5 | Klebsiella pneumoniae KpnH | cmlA8 | floR | qacEdelta1 | cmlA6 | cmlA1	disinfecting agents and antiseptics | phenicol antibiotic | fluoroquinolone antibiotic | aminoglycoside antibiotic;carbapenem;cephalosporin;fluoroquinolone antibiotic;macrolide antibiotic;penicillin beta-lactam;peptide antibiotic	antibiotic efflux	0.0	0.0	0.0	0.0	0.0	0.0	0.0	0.0	0.0	0.0	0.0	0.0	0.0	0.0	0.0	0.0	0.0	0.0	0.0	13492540.73	0.0	0.0	0.0	0.0	0.0	0.0	0.0	0.0	0.0	0.0	0.0	0.0	0.0	0.0	0.0	0.0
major facilitator superfamily (MFS) antibiotic efflux pump	multiple	qacE | qacEdelta1	disinfecting agents and antiseptics	antibiotic efflux	0.0	0.0	0.0	199534.24	0.0	0.0	0.0	0.0	0.0	0.0	1045124.92	0.0	0.0	0.0	0.0	0.0	0.0	0.0	0.0	0.0	0.0	0.0	0.0	0.0	0.0	0.0	0.0	0.0	0.0	0.0	0.0	0.0	0.0	0.0	0.0	0.0
major facilitator superfamily (MFS) antibiotic efflux pump	multiple	qacE | qacEdelta1 | Klebsiella pneumoniae KpnH | floR | emrB | pp-flo	disinfecting agents and antiseptics | aminoglycoside antibiotic;carbapenem;cephalosporin;fluoroquinolone antibiotic;macrolide antibiotic;penicillin beta-lactam;peptide antibiotic | phenicol antibiotic | fluoroquinolone antibiotic	antibiotic efflux	0.0	0.0	0.0	0.0	0.0	0.0	0.0	0.0	0.0	0.0	0.0	0.0	0.0	0.0	16602355.83	0.0	0.0	0.0	0.0	0.0	0.0	0.0	0.0	0.0	0.0	0.0	0.0	0.0	0.0	0.0	0.0	0.0	0.0	0.0	0.0	0.0
major facilitator superfamily (MFS) antibiotic efflux pump	multiple	qacE | qacEdelta1 | Klebsiella pneumoniae KpnH | qacA | emrB | qacB	disinfecting agents and antiseptics | aminoglycoside antibiotic;carbapenem;cephalosporin;fluoroquinolone antibiotic;macrolide antibiotic;penicillin beta-lactam;peptide antibiotic | fluoroquinolone antibiotic	antibiotic efflux	0.0	0.0	0.0	0.0	0.0	0.0	59979832.6	0.0	0.0	0.0	0.0	0.0	0.0	0.0	0.0	0.0	0.0	0.0	0.0	0.0	0.0	0.0	0.0	0.0	0.0	0.0	0.0	0.0	0.0	0.0	0.0	0.0	0.0	0.0	0.0	0.0
major facilitator superfamily (MFS) antibiotic efflux pump	multiple	qacE | qacEdelta1 | qacA | qacB	disinfecting agents and antiseptics | fluoroquinolone antibiotic	antibiotic efflux	0.0	0.0	0.0	0.0	0.0	0.0	0.0	0.0	0.0	0.0	0.0	0.0	0.0	0.0	0.0	0.0	0.0	0.0	0.0	0.0	0.0	0.0	0.0	0.0	0.0	0.0	0.0	0.0	0.0	0.0	0.0	106290.61	0.0	0.0	0.0	0.0
major facilitator superfamily (MFS) antibiotic efflux pump	multiple	qacEdelta1 | Klebsiella pneumoniae KpnH | emrB | qacE	disinfecting agents and antiseptics | aminoglycoside antibiotic;carbapenem;cephalosporin;fluoroquinolone antibiotic;macrolide antibiotic;penicillin beta-lactam;peptide antibiotic | fluoroquinolone antibiotic	antibiotic efflux	0.0	0.0	0.0	0.0	0.0	0.0	0.0	2822950.31	0.0	0.0	0.0	0.0	0.0	0.0	0.0	0.0	0.0	0.0	0.0	0.0	0.0	0.0	0.0	0.0	0.0	0.0	0.0	0.0	0.0	0.0	0.0	0.0	0.0	0.0	0.0	0.0
major facilitator superfamily (MFS) antibiotic efflux pump	multiple	qacEdelta1 | cmlA8 | floR | Salmonella enterica cmlA | cmlA4 | cmlA9 | cmlA1 | cmlA6 | qacE | cmlA5 | pp-flo	disinfecting agents and antiseptics | phenicol antibiotic	antibiotic efflux	0.0	0.0	38438768.23	0.0	0.0	0.0	0.0	0.0	0.0	0.0	0.0	0.0	0.0	0.0	0.0	0.0	0.0	0.0	0.0	0.0	0.0	0.0	0.0	0.0	0.0	0.0	0.0	0.0	0.0	0.0	0.0	0.0	0.0	0.0	0.0	0.0
major facilitator superfamily (MFS) antibiotic efflux pump	multiple	qacEdelta1 | cmlA8 | pp-flo | cmlA9 | QepA1 | QepA2 | cmlA5 | cmlA4 | QepA4 | floR | cmlA1 | cmlA6 | Salmonella enterica cmlA | qacE	disinfecting agents and antiseptics | phenicol antibiotic | fluoroquinolone antibiotic	antibiotic efflux	0.0	0.0	0.0	0.0	0.0	0.0	0.0	0.0	0.0	0.0	0.0	0.0	0.0	0.0	0.0	0.0	0.0	0.0	0.0	0.0	0.0	0.0	3888608.63	0.0	0.0	0.0	0.0	0.0	0.0	0.0	0.0	0.0	0.0	0.0	0.0	0.0
major facilitator superfamily (MFS) antibiotic efflux pump	multiple	qacEdelta1 | qacA | cmlA9 | qacB | qacE | cmlA5 | cmlA4 | Salmonella enterica cmlA | cmlA8 | cmlA6 | floR | cmlA1 | emrB | Klebsiella pneumoniae KpnH | pp-flo	disinfecting agents and antiseptics | fluoroquinolone antibiotic | phenicol antibiotic | aminoglycoside antibiotic;carbapenem;cephalosporin;fluoroquinolone antibiotic;macrolide antibiotic;penicillin beta-lactam;peptide antibiotic	antibiotic efflux	0.0	0.0	0.0	0.0	0.0	0.0	0.0	0.0	0.0	0.0	0.0	0.0	0.0	0.0	0.0	0.0	0.0	0.0	0.0	0.0	0.0	0.0	0.0	0.0	0.0	3077354.35	0.0	0.0	0.0	0.0	0.0	0.0	0.0	0.0	0.0	0.0
major facilitator superfamily (MFS) antibiotic efflux pump	multiple	qacEdelta1 | qacE	disinfecting agents and antiseptics	antibiotic efflux	0.0	0.0	0.0	0.0	0.0	0.0	0.0	0.0	2443385.06	1796571.65	0.0	0.0	0.0	0.0	0.0	0.0	0.0	262498.75	0.0	0.0	0.0	0.0	0.0	0.0	0.0	0.0	0.0	0.0	0.0	0.0	0.0	0.0	0.0	0.0	0.0	0.0
major facilitator superfamily (MFS) antibiotic efflux pump	multiple	qacEdelta1 | qacE | emrB | Klebsiella pneumoniae KpnH	disinfecting agents and antiseptics | fluoroquinolone antibiotic | aminoglycoside antibiotic;carbapenem;cephalosporin;fluoroquinolone antibiotic;macrolide antibiotic;penicillin beta-lactam;peptide antibiotic	antibiotic efflux	0.0	0.0	0.0	0.0	0.0	0.0	0.0	0.0	0.0	0.0	0.0	0.0	0.0	105306742.82	0.0	0.0	0.0	0.0	7217667.59	0.0	0.0	0.0	0.0	0.0	0.0	0.0	0.0	0.0	0.0	0.0	0.0	0.0	0.0	0.0	0.0	0.0
major facilitator superfamily (MFS) antibiotic efflux pump;resistance-nodulation-cell division (RND) antibiotic efflux pump	ARO_3000676__H-NS__H	H-NS	cephalosporin;fluoroquinolone antibiotic;macrolide antibiotic;penicillin beta-lactam;tetracycline antibiotic	antibiotic efflux	1247627.06	0.0	0.0	0.0	7260247.62	380632.89	5427120.93	105915.58	80383.83	54726.48	0.0	205583.91	3405884.98	6179738.43	3011914.75	308451.32	1282414.95	0.0	1638358.24	233884.18	264952.24	2553249.55	0.0	58805.49	60352.93	134225.99	2986601.32	603074.64	1888388.77	88347.82	152472.69	0.0	4891819.68	2955511.43	0.0	0.0
major facilitator superfamily (MFS) antibiotic efflux pump;resistance-nodulation-cell division (RND) antibiotic efflux pump	ARO_3000833__evgS__H	evgS	fluoroquinolone antibiotic;macrolide antibiotic;penicillin beta-lactam;tetracycline antibiotic	antibiotic efflux	0.0	0.0	0.0	0.0	0.0	0.0	0.0	0.0	0.0	0.0	0.0	0.0	0.0	0.0	0.0	0.0	0.0	0.0	0.0	0.0	0.0	0.0	0.0	0.0	0.0	0.0	0.0	0.0	0.0	0.0	0.0	0.0	13743.86	0.0	0.0	0.0
methicillin resistant PBP2	ARO_3000215__mecR1__H	mecR1	carbapenem;cephalosporin;monobactam;penicillin beta-lactam	antibiotic target replacement	0.0	0.0	0.0	0.0	0.0	0.0	0.0	0.0	0.0	0.0	0.0	0.0	0.0	0.0	0.0	0.0	0.0	0.0	0.0	0.0	0.0	0.0	0.0	0.0	0.0	42146.04	0.0	0.0	0.0	0.0	0.0	0.0	0.0	0.0	0.0	0.0
methicillin resistant PBP2	ARO_3000617__mecA__H	mecA	carbapenem;cephalosporin;monobactam;penicillin beta-lactam	antibiotic target replacement	0.0	0.0	0.0	0.0	0.0	14275.67	0.0	0.0	0.0	0.0	0.0	0.0	12773.8	0.0	0.0	0.0	0.0	0.0	0.0	0.0	0.0	0.0	0.0	0.0	0.0	18458.58	0.0	0.0	0.0	27336.32	0.0	0.0	0.0	0.0	0.0	49289.36
msr-type ABC-F protein	ARO_3000251__msrA__H	msrA	macrolide antibiotic;streptogramin B antibiotic;streptogramin antibiotic	antibiotic target protection	0.0	0.0	0.0	0.0	33866.19	0.0	0.0	0.0	0.0	0.0	0.0	0.0	34951.64	0.0	0.0	0.0	0.0	0.0	0.0	0.0	21363.37	0.0	0.0	0.0	0.0	0.0	0.0	0.0	0.0	0.0	0.0	0.0	0.0	0.0	0.0	0.0
msr-type ABC-F protein	ARO_3000616__mel__H	mel	macrolide antibiotic;streptogramin antibiotic	antibiotic target protection	0.0	0.0	0.0	0.0	0.0	82331.25	184468.64	0.0	0.0	0.0	24347.64	0.0	42096.92	18107.78	0.0	0.0	0.0	0.0	0.0	0.0	0.0	0.0	0.0	0.0	0.0	0.0	0.0	0.0	0.0	0.0	0.0	0.0	0.0	0.0	0.0	0.0
msr-type ABC-F protein	ARO_3003109__msrE__H	msrE	macrolide antibiotic;streptogramin antibiotic	antibiotic target protection	1924692.96	210073.98	164030.09	30687.18	26338703.2	213525.77	4649755.05	4114561.98	101460.07	61400.45	20091.75	28831.89	6270302.22	0.0	1157267.61	1989887.15	44962.72	0.0	0.0	80044959.79	5648006.34	9557919.64	39089267.93	197930.69	15015368.06	30257047.81	593374.55	620235.3	1933911.47	1053170.65	3991561.35	285137.53	67450219.82	79789797.91	0.0	1597345.98
multidrug and toxic compound extrusion (MATE) transporter	ARO_3001327__MdtK__H	MdtK	fluoroquinolone antibiotic	antibiotic efflux	16475.84	0.0	0.0	0.0	3469002.53	180955.43	645022.41	46156.9	0.0	0.0	0.0	0.0	1097444.59	139296.46	191789.7	0.0	139715.73	0.0	134252.51	67949.51	131958.17	927232.73	41848.32	0.0	0.0	12998.73	361535.95	29201.51	114828.83	0.0	0.0	0.0	225312.57	99075.44	51903.81	0.0
multidrug and toxic compound extrusion (MATE) transporter	ARO_3003551__emeA__H	emeA	disinfecting agents and antiseptics	antibiotic efflux	0.0	0.0	0.0	0.0	84063.78	0.0	0.0	0.0	0.0	0.0	0.0	0.0	0.0	0.0	0.0	0.0	0.0	0.0	0.0	0.0	0.0	0.0	0.0	0.0	0.0	0.0	0.0	0.0	0.0	0.0	0.0	0.0	0.0	0.0	0.0	0.0
multidrug and toxic compound extrusion (MATE) transporter	ARO_3003953__hmrM__H	hmrM	disinfecting agents and antiseptics;fluoroquinolone antibiotic	antibiotic efflux	0.0	0.0	0.0	0.0	0.0	0.0	14642.09	0.0	0.0	0.0	0.0	0.0	0.0	0.0	0.0	10171.15	0.0	0.0	0.0	0.0	0.0	0.0	0.0	0.0	0.0	0.0	0.0	0.0	0.0	0.0	0.0	0.0	0.0	0.0	0.0	0.0
multidrug and toxic compound extrusion (MATE) transporter	ARO_3004077__PmpM__H	PmpM	aminoglycoside antibiotic;disinfecting agents and antiseptics;fluoroquinolone antibiotic	antibiotic efflux	0.0	0.0	0.0	0.0	0.0	0.0	0.0	0.0	0.0	0.0	0.0	0.0	0.0	0.0	0.0	0.0	0.0	0.0	109153.57	0.0	0.0	0.0	0.0	0.0	0.0	0.0	0.0	0.0	0.0	0.0	0.0	0.0	34445.92	0.0	0.0	0.0
multiple	multiple	AAC(6')-Ib' | CAU-1 | AAC(6')-Ib-cr5 | AAC(6')-30/AAC(6')-Ib' bifunctional protein | aac(6')-Ib-cr10 | aadA16 | AAC(6')-Ib | AAC(6')-Ib-cr9 | AIM-1 | SRT-2 | PJM-1 | AAC(6')-Ib7 | AAC(6')-Ib-cr1 | SRT-1 | AAC(6')-Ib-Hangzhou | AAC(6')-Ib8 | AAC(6')-Ib3 | AAC(6')-Ib10 | AAC(6')-Ib11 | AAC(3)-Ib/AAC(6')-Ib3 bifunctional protein | AAC(6')-Ib-cr3 | SST-1 | aac(6')-Ib-cr11 | AAC(6')-Ib-cr6 | SRT-3 | AAC(6')-Ib4 | AAC(6')-Ib9 | AAC(6')-Ib-cr4 | ANT(3'')-II-AAC(6')-IId bifunctional protein | AAC(6')-Ib-cr7 | PJM-2 | AAC(6')-Ib-Suzhou | AAC(6')-Ib-cr8 | MBL1b | SRT-4	aminoglycoside antibiotic | carbapenem;penicillin beta-lactam | aminoglycoside antibiotic;fluoroquinolone antibiotic | cephalosporin;penicillin beta-lactam | cephalosporin | carbapenem;cephalosporin;penicillin beta-lactam | carbapenem	antibiotic inactivation	9042320.72	0.0	0.0	0.0	0.0	0.0	0.0	0.0	0.0	0.0	0.0	0.0	0.0	0.0	0.0	0.0	0.0	0.0	0.0	0.0	0.0	0.0	0.0	0.0	0.0	0.0	0.0	0.0	0.0	0.0	0.0	0.0	0.0	0.0	0.0	0.0
multiple	multiple	AAC(6')-Ib-cr1 | AAC(6')-Ib-cr9 | SRT-2 | AAC(6')-Ib-cr7 | AAC(6')-Ib' | PLA-4 | ORN-2 | AAC(6')-Ib-cr4 | ORN-5 | SST-1 | AAC(6')-Ib7 | ORN-4 | ANT(3'')-II-AAC(6')-IId bifunctional protein | SRT-4 | aac(6')-Ib-cr11 | AAC(6')-Ib4 | aac(6')-Ib-cr10 | AAC(6')-Ib8 | AAC(6')-30/AAC(6')-Ib' bifunctional protein | AAC(6')-Ib-Hangzhou | AAC(6')-Ib-cr8 | AAC(6')-Ib-Suzhou | PLA-1 | ORN-1 | AAC(6')-Ib-cr5 | PLA-3 | ORN-6 | ORN-3 | AAC(6')-Ib-cr6 | SRT-3 | AAC(6')-Ib10 | PLA-2a | SRT-1 | AAC(6')-Ib-cr3 | AAC(3)-Ib/AAC(6')-Ib3 bifunctional protein | PLA-5 | AAC(6')-Ib | PLA-6 | AAC(6')-Ib9 | AAC(6')-Ib3 | AAC(6')-Ib11	aminoglycoside antibiotic;fluoroquinolone antibiotic | cephalosporin | aminoglycoside antibiotic | carbapenem;cephalosporin	antibiotic inactivation	0.0	0.0	0.0	0.0	0.0	0.0	0.0	0.0	0.0	0.0	0.0	0.0	0.0	62518863.17	0.0	0.0	0.0	0.0	0.0	0.0	0.0	0.0	0.0	0.0	0.0	0.0	0.0	0.0	0.0	0.0	0.0	0.0	0.0	0.0	0.0	0.0
multiple	multiple	AAC(6')-Ib-cr4 | SRT-1 | AAC(6')-Ib-Suzhou | AAC(6')-Ib-cr8 | AAC(6')-Ib-cr6 | AAC(6')-Ib-cr7 | AAC(6')-Ib-cr5 | SRT-4 | AAC(6')-Ib-cr3 | SRT-2 | AAC(6')-Ib9 | ANT(3'')-II-AAC(6')-IId bifunctional protein | AAC(6')-Ib-cr9 | AAC(6')-Ib-Hangzhou | aac(6')-Ib-cr10 | SST-1 | AAC(6')-Ib' | aac(6')-Ib-cr11 | AAC(6')-Ib11 | SRT-3 | AAC(6')-Ib | AAC(3)-Ib/AAC(6')-Ib3 bifunctional protein | AAC(6')-30/AAC(6')-Ib' bifunctional protein | AAC(6')-Ib-cr1 | AAC(6')-Ib8 | AAC(6')-Ib7 | AAC(6')-Ib4 | AAC(6')-Ib3 | AAC(6')-Ib10	aminoglycoside antibiotic;fluoroquinolone antibiotic | cephalosporin | aminoglycoside antibiotic	antibiotic inactivation	0.0	0.0	0.0	0.0	0.0	0.0	0.0	0.0	0.0	0.0	0.0	0.0	0.0	0.0	0.0	2998202.25	0.0	0.0	0.0	0.0	0.0	0.0	0.0	0.0	0.0	0.0	0.0	0.0	0.0	0.0	0.0	0.0	0.0	0.0	0.0	0.0
multiple	multiple	AAC(6')-Ib-cr5 | AAC(6')-Ib-cr1 | AAC(6')-Ib11 | AAC(6')-Ib-Suzhou | aac(6')-Ib-cr10 | AAC(6')-Ib4 | AAC(6')-Ib-cr9 | AAC(6')-Ib-cr3 | aac(6')-Ib-cr11 | AAC(6')-Ib-cr7 | AAC(6')-Ib-cr8 | AAC(6')-Ib-Hangzhou | AAC(6')-30/AAC(6')-Ib' bifunctional protein | AAC(6')-Ib3 | AAC(6')-Ib' | AAC(6')-Ib10 | AAC(6')-Ib9 | AAC(6')-Ib7 | AAC(3)-Ib/AAC(6')-Ib3 bifunctional protein | AAC(6')-Ib | AAC(6')-Ib-cr4 | AAC(6')-Ib-cr6 | AAC(6')-Ib8 | ANT(3'')-II-AAC(6')-IId bifunctional protein	aminoglycoside antibiotic;fluoroquinolone antibiotic | aminoglycoside antibiotic	antibiotic inactivation	0.0	0.0	0.0	0.0	0.0	200280.76	0.0	0.0	0.0	0.0	0.0	0.0	0.0	0.0	0.0	0.0	0.0	0.0	0.0	0.0	0.0	0.0	0.0	0.0	0.0	0.0	0.0	0.0	0.0	0.0	0.0	0.0	0.0	0.0	0.0	0.0
multiple	multiple	AAC(6')-Ib-cr6 | AAC(6')-Ib3 | AAC(6')-Ib-cr1 | AAC(6')-Ib-cr5 | AAC(6')-Ib-Hangzhou | aac(6')-Ib-cr10 | AAC(6')-Ib | AAC(6')-30/AAC(6')-Ib' bifunctional protein | AAC(6')-Ib' | AAC(3)-Ib/AAC(6')-Ib3 bifunctional protein | AAC(6')-Ib-Suzhou | AAC(6')-Ib8 | AAC(6')-Ib-cr3 | AAC(6')-Ib9 | aac(6')-Ib-cr11 | ANT(3'')-II-AAC(6')-IId bifunctional protein | AAC(6')-Ib7 | AAC(6')-Ib-cr7 | AAC(6')-Ib-cr8 | AAC(6')-Ib11 | AAC(6')-Ib4 | AAC(6')-Ib10 | AAC(6')-Ib-cr9 | AAC(6')-Ib-cr4	aminoglycoside antibiotic;fluoroquinolone antibiotic | aminoglycoside antibiotic	antibiotic inactivation	0.0	0.0	0.0	0.0	0.0	0.0	0.0	0.0	0.0	0.0	0.0	0.0	0.0	0.0	0.0	0.0	0.0	0.0	0.0	0.0	0.0	0.0	0.0	0.0	0.0	0.0	0.0	0.0	0.0	369311.04	0.0	0.0	0.0	0.0	0.0	0.0
multiple	multiple	AAC(6')-Ib-cr7 | ORN-4 | PLA-4 | ACT-107 | AAC(6')-Ib4 | MOX-4 | AAC(6')-Ib-Hangzhou | aadA16 | AAC(6')-Ib-cr3 | SRT-2 | AAC(6')-Ib-cr5 | AAC(6')-Ib-cr4 | AAC(6')-Ib11 | MOX-23 | MOX-20 | MOX-22 | SST-1 | ORN-2 | MOX-18 | AAC(6')-Ib-Suzhou | ANT(3'')-II-AAC(6')-IId bifunctional protein | AAC(6')-Ib7 | ORN-6 | AAC(6')-Ib-cr1 | AAC(6')-Ib9 | SRT-3 | MOX-1 | CMY-19 | AAC(6')-Ib-cr9 | CepS | aadA6 | MOX-3 | AAC(6')-Ib3 | ORN-1 | PLA-1 | aadA11 | CMY-9 | aadA6/aadA10 | ORN-3 | CMY-8 | AAC(6')-Ib' | AAC(6')-Ib | MOX-11 | MOX-10 | aac(6')-Ib-cr10 | SRT-1 | PLA-2a | PLA-3 | SRT-4 | MOX-2 | AAC(6')-Ib10 | MOX-17 | AAC(6')-30/AAC(6')-Ib' bifunctional protein | MOX-16 | MOX-8 | PLA-5 | MIR-14 | MOX-21 | aac(6')-Ib-cr11 | AAC(6')-Ib-cr6 | CMY-8b | PLA-6 | AAC(6')-Ib-cr8 | AAC(6')-Ib8 | ORN-5 | AAC(3)-Ib/AAC(6')-Ib3 bifunctional protein	aminoglycoside antibiotic;fluoroquinolone antibiotic | carbapenem;cephalosporin | carbapenem;cephalosporin;penicillin beta-lactam | aminoglycoside antibiotic | cephalosporin;penicillin beta-lactam | cephalosporin | cephalosporin;monobactam	antibiotic inactivation	0.0	0.0	0.0	0.0	0.0	0.0	0.0	0.0	0.0	0.0	0.0	0.0	0.0	0.0	0.0	0.0	0.0	0.0	0.0	0.0	0.0	0.0	0.0	0.0	0.0	0.0	0.0	0.0	0.0	0.0	0.0	0.0	0.0	24555867.12	0.0	0.0
multiple	multiple	AAC(6')-Ib4 | OXA-796 | OXA-224 | OXA-140 | AAC(6')-Ib-cr4 | AAC(6')-Ib3 | ORN-5 | aac(6')-Ib-cr11 | ANT(3'')-II-AAC(6')-IId bifunctional protein | AAC(6')-Ib-cr9 | AAC(6')-Ib-cr5 | AAC(6')-Ib9 | OXA-4 | OXA-33 | OXA-31 | ORN-1 | ORN-2 | PLA-2a | PLA-6 | SRT-2 | PLA-4 | AAC(3)-Ib/AAC(6')-Ib3 bifunctional protein | ORN-3 | AAC(6')-Ib-cr6 | AAC(6')-Ib-Suzhou | OXA-320 | SRT-4 | SRT-1 | AAC(6')-Ib-cr7 | AAC(6')-Ib-cr8 | SST-1 | OXA-1042 | AAC(6')-Ib-Hangzhou | PLA-1 | AAC(6')-Ib10 | AAC(6')-30/AAC(6')-Ib' bifunctional protein | AAC(6')-Ib8 | PLA-5 | PLA-3 | SRT-3 | AAC(6')-Ib-cr3 | AAC(6')-Ib-cr1 | OXA-534 | ORN-6 | aac(6')-Ib-cr10 | AAC(6')-Ib' | AAC(6')-Ib | ORN-4 | AAC(6')-Ib11 | AAC(6')-Ib7 | OXA-1	aminoglycoside antibiotic | cephalosporin;penicillin beta-lactam | penicillin beta-lactam | aminoglycoside antibiotic;fluoroquinolone antibiotic | carbapenem;cephalosporin | cephalosporin	antibiotic inactivation	0.0	0.0	0.0	0.0	0.0	0.0	0.0	0.0	0.0	0.0	0.0	0.0	0.0	0.0	0.0	0.0	0.0	0.0	0.0	0.0	0.0	0.0	0.0	0.0	0.0	0.0	0.0	0.0	41409757.03	0.0	0.0	0.0	0.0	0.0	0.0	0.0
multiple	multiple	AAC(6')-Ib9 | AAC(6')-Ib' | ORN-5 | AAC(6')-30/AAC(6')-Ib' bifunctional protein | AAC(6')-Ib-cr7 | AAC(6')-Ib-cr8 | PJM-1 | AAC(6')-Ib-cr6 | aac(6')-Ib-cr11 | AAC(6')-Ib-Hangzhou | ANT(3'')-II-AAC(6')-IId bifunctional protein | AAC(3)-Ib/AAC(6')-Ib3 bifunctional protein | AAC(6')-Ib10 | ORN-3 | PLA-4 | ORN-2 | AAC(6')-Ib-cr1 | AIM-2 | AAC(6')-Ib8 | PJM-2 | ORN-4 | AAC(6')-Ib | PLA-5 | ORN-1 | AAC(6')-Ib7 | aac(6')-Ib-cr10 | AAC(6')-Ib-Suzhou | AAC(6')-Ib-cr4 | AAC(6')-Ib11 | AIM-1 | AAC(6')-Ib-cr9 | PLA-1 | PLA-2a | AAC(6')-Ib-cr3 | PLA-3 | AAC(6')-Ib4 | AAC(6')-Ib-cr5 | PLA-6 | ORN-6 | AAC(6')-Ib3	aminoglycoside antibiotic | carbapenem;cephalosporin | aminoglycoside antibiotic;fluoroquinolone antibiotic | carbapenem;cephalosporin;penicillin beta-lactam | cephalosporin;penicillin beta-lactam	antibiotic inactivation	0.0	0.0	0.0	0.0	0.0	0.0	0.0	0.0	0.0	0.0	0.0	0.0	0.0	0.0	0.0	0.0	0.0	0.0	0.0	0.0	6310790.9	0.0	0.0	0.0	0.0	0.0	0.0	0.0	0.0	0.0	0.0	0.0	0.0	0.0	0.0	0.0
multiple	multiple	ACT-167 | MIR-33 | ACT-175 | AAC(6')-Ib-Hangzhou | SRT-4 | aac(6')-Ib-cr10 | AAC(6')-30/AAC(6')-Ib' bifunctional protein | MIR-15 | SRT-3 | ACT-77 | MIR-13 | ORN-5 | AAC(6')-Ib-cr4 | MIR-32 | ACT-93 | ACT-57 | PLA-6 | MIR-22 | ACT-188 | MIR-3 | PLA-3 | AAC(6')-Ib11 | SRT-2 | AAC(6')-Ib4 | ORN-4 | AAC(6')-Ib-cr3 | MIR-7 | AAC(6')-Ib-cr7 | PLA-1 | SST-1 | MIR-23 | MIR-5 | MIR-16 | ACT-160 | AAC(6')-Ib-cr6 | AAC(6')-Ib8 | MIR-12 | MIR-31 | ACT-6 | ACT-172 | AAC(6')-Ib3 | MIR-4 | ACT-29 | ORN-6 | MIR-11 | ACT-38 | AAC(6')-Ib-cr8 | ORN-2 | ACT-168 | MIR-18 | AAC(6')-Ib9 | AAC(6')-Ib | AAC(6')-Ib-cr1 | PLA-5 | PLA-2a | ORN-3 | AAC(6')-Ib-cr5 | MIR-35 | MIR-28 | ANT(3'')-II-AAC(6')-IId bifunctional protein | MIR-34 | AAC(6')-Ib-Suzhou | ACT-111 | ACT-116 | ACT-187 | ACT-145 | ACT-49 | AAC(6')-Ib7 | MIR-6 | ACT-153 | AAC(6')-Ib-cr9 | MIR-24 | MIR-10 | ACT-165 | PLA-4 | AAC(6')-Ib' | ACT-82 | MIR-2 | ACT-78 | ACT-62 | AAC(3)-Ib/AAC(6')-Ib3 bifunctional protein | ACT-170 | MIR-20 | MIR-30 | ACT-146 | ORN-1 | MIR-9 | MIR-17 | MIR-21 | MIR-1 | AAC(6')-Ib10 | SRT-1 | ACT-80 | MIR-19	carbapenem;cephalosporin;penicillin beta-lactam | cephalosporin;monobactam | aminoglycoside antibiotic | cephalosporin | aminoglycoside antibiotic;fluoroquinolone antibiotic | carbapenem;cephalosporin	antibiotic inactivation	0.0	0.0	0.0	0.0	0.0	0.0	0.0	0.0	0.0	0.0	0.0	0.0	0.0	0.0	0.0	0.0	0.0	0.0	4642004.17	0.0	0.0	0.0	0.0	0.0	0.0	0.0	0.0	0.0	0.0	0.0	0.0	0.0	0.0	0.0	0.0	0.0
multiple	multiple	AIM-1 | PJM-2 | PJM-1	cephalosporin;penicillin beta-lactam | carbapenem;cephalosporin;penicillin beta-lactam	antibiotic inactivation	0.0	71891.77	0.0	0.0	0.0	0.0	0.0	0.0	0.0	0.0	0.0	0.0	0.0	0.0	0.0	0.0	0.0	0.0	0.0	0.0	0.0	0.0	0.0	0.0	0.0	0.0	0.0	0.0	0.0	0.0	0.0	0.0	0.0	0.0	0.0	0.0
multiple	multiple	ANT(3'')-II-AAC(6')-IId bifunctional protein | AAC(6')-30/AAC(6')-Ib' bifunctional protein | AAC(6')-Ib10 | AAC(6')-Ib-Suzhou | AAC(6')-Ib3 | AAC(3)-Ib/AAC(6')-Ib3 bifunctional protein | AAC(6')-Ib-cr4 | AAC(6')-Ib-cr3 | AAC(6')-Ib8 | AAC(6')-Ib-cr6 | AAC(6')-Ib-cr5 | AAC(6')-Ib4 | AAC(6')-Ib-cr8 | AAC(6')-Ib' | AAC(6')-Ib-Hangzhou | aac(6')-Ib-cr10 | AAC(6')-Ib11 | AAC(6')-Ib-cr7 | AAC(6')-Ib9 | AAC(6')-Ib-cr9 | AAC(6')-Ib | aac(6')-Ib-cr11 | AAC(6')-Ib7 | AAC(6')-Ib-cr1	aminoglycoside antibiotic | aminoglycoside antibiotic;fluoroquinolone antibiotic	antibiotic inactivation	0.0	0.0	0.0	0.0	0.0	0.0	0.0	0.0	0.0	0.0	0.0	0.0	0.0	0.0	0.0	0.0	0.0	0.0	0.0	0.0	0.0	0.0	1621114.64	0.0	0.0	0.0	0.0	0.0	0.0	0.0	0.0	0.0	0.0	0.0	0.0	0.0
multiple	multiple	ANT(3'')-II-AAC(6')-IId bifunctional protein | aadA6 | aadA11 | aadA6/aadA10	aminoglycoside antibiotic	antibiotic inactivation	0.0	0.0	0.0	0.0	0.0	0.0	0.0	0.0	0.0	0.0	0.0	0.0	0.0	0.0	0.0	0.0	0.0	0.0	0.0	0.0	0.0	0.0	0.0	0.0	0.0	0.0	0.0	0.0	0.0	0.0	0.0	0.0	0.0	0.0	906130.89	0.0
multiple	multiple	MIR-5 | MIR-33 | MIR-20 | ACT-168 | KPC-134 | ACT-62 | MIR-32 | MIR-3 | MIR-15 | MIR-30 | MIR-6 | MIR-28 | MIR-21 | ACT-116 | ACT-6 | SRT-4 | MIR-31 | MIR-34 | MIR-23 | KPC-186 | MIR-24 | MIR-13 | MIR-22 | MIR-1 | ACT-187 | SRT-3 | MIR-19 | MIR-35 | KPC-125 | ACT-38 | MIR-10 | ACT-57 | SST-1 | MIR-7 | SRT-1 | SRT-2 | MIR-18 | KPC-78 | MIR-12 | MIR-11 | MIR-9	cephalosporin;monobactam | carbapenem;cephalosporin;penicillin beta-lactam | carbapenem;cephalosporin;monobactam;penicillin beta-lactam | cephalosporin	antibiotic inactivation	0.0	0.0	0.0	0.0	0.0	0.0	0.0	0.0	0.0	0.0	0.0	0.0	0.0	0.0	0.0	0.0	14478257.15	0.0	0.0	0.0	0.0	0.0	0.0	0.0	0.0	0.0	0.0	0.0	0.0	0.0	0.0	0.0	0.0	0.0	0.0	0.0
multiple	multiple	ORN-3 | AAC(6')-Ib-cr9 | AAC(6')-30/AAC(6')-Ib' bifunctional protein | AAC(6')-Ib8 | OXA-320 | OXA-1 | ORN-4 | ORN-5 | AAC(6')-Ib-cr7 | AAC(6')-Ib9 | OXA-534 | PLA-1 | aac(6')-Ib-cr11 | AAC(6')-Ib-cr6 | AAC(6')-Ib-cr8 | ORN-2 | AAC(6')-Ib3 | PLA-6 | OXA-796 | AAC(6')-Ib7 | ANT(3'')-II-AAC(6')-IId bifunctional protein | OXA-4 | AAC(6')-Ib-cr4 | aac(6')-Ib-cr10 | AAC(6')-Ib-cr5 | AAC(6')-Ib-Suzhou | AAC(6')-Ib11 | AAC(6')-Ib' | OXA-31 | OXA-1042 | ORN-1 | OXA-33 | PLA-5 | OXA-224 | PLA-2a | PLA-4 | AAC(6')-Ib10 | AAC(6')-Ib | AAC(6')-Ib4 | OXA-140 | AAC(6')-Ib-cr3 | PLA-3 | ORN-6 | AAC(6')-Ib-Hangzhou | AAC(3)-Ib/AAC(6')-Ib3 bifunctional protein | AAC(6')-Ib-cr1	carbapenem;cephalosporin | aminoglycoside antibiotic;fluoroquinolone antibiotic | aminoglycoside antibiotic | cephalosporin;penicillin beta-lactam | penicillin beta-lactam	antibiotic inactivation	0.0	0.0	0.0	0.0	0.0	0.0	0.0	0.0	0.0	0.0	0.0	0.0	0.0	0.0	0.0	0.0	0.0	0.0	0.0	0.0	0.0	0.0	0.0	0.0	0.0	0.0	0.0	1375961.42	0.0	0.0	0.0	0.0	0.0	0.0	0.0	0.0
multiple	multiple	ORN-4 | AAC(6')-Ib10 | AAC(6')-Ib7 | PLA-3 | AAC(6')-Ib-cr8 | AAC(6')-Ib-cr1 | ORN-3 | AAC(6')-Ib9 | ORN-1 | AAC(6')-30/AAC(6')-Ib' bifunctional protein | PLA-6 | AAC(6')-Ib8 | aac(6')-Ib-cr10 | ANT(3'')-II-AAC(6')-IId bifunctional protein | AAC(6')-Ib3 | AAC(6')-Ib4 | aac(6')-Ib-cr11 | AAC(6')-Ib11 | AAC(6')-Ib' | AAC(6')-Ib-Suzhou | PLA-4 | AAC(6')-Ib-cr6 | ORN-6 | PLA-5 | AAC(6')-Ib-cr7 | PLA-1 | AAC(6')-Ib-cr5 | AAC(6')-Ib | AAC(6')-Ib-cr4 | PLA-2a | AAC(3)-Ib/AAC(6')-Ib3 bifunctional protein | ORN-2 | AAC(6')-Ib-Hangzhou | AAC(6')-Ib-cr3 | AAC(6')-Ib-cr9 | ORN-5	carbapenem;cephalosporin | aminoglycoside antibiotic | aminoglycoside antibiotic;fluoroquinolone antibiotic	antibiotic inactivation	0.0	0.0	0.0	0.0	0.0	0.0	0.0	0.0	0.0	0.0	0.0	0.0	0.0	0.0	0.0	0.0	0.0	0.0	0.0	0.0	0.0	0.0	0.0	0.0	0.0	0.0	0.0	0.0	0.0	0.0	2859312.13	0.0	0.0	0.0	0.0	0.0
multiple	multiple	ORN-6 | AAC(6')-Ib' | ANT(3'')-II-AAC(6')-IId bifunctional protein | AAC(6')-Ib-cr9 | ORN-5 | AAC(6')-Ib-cr8 | AAC(3)-Ib/AAC(6')-Ib3 bifunctional protein | ORN-2 | ORN-4 | AAC(6')-Ib4 | AAC(6')-Ib11 | aac(6')-Ib-cr11 | AAC(6')-Ib-Suzhou | PLA-3 | AAC(6')-Ib7 | AAC(6')-Ib8 | AAC(6')-Ib-cr7 | PLA-2a | AAC(6')-30/AAC(6')-Ib' bifunctional protein | PLA-1 | AAC(6')-Ib-cr1 | AAC(6')-Ib10 | AAC(6')-Ib-cr5 | PLA-4 | ORN-3 | AAC(6')-Ib9 | aac(6')-Ib-cr10 | PLA-6 | AAC(6')-Ib-cr3 | AAC(6')-Ib-Hangzhou | AAC(6')-Ib | PLA-5 | ORN-1 | AAC(6')-Ib3 | AAC(6')-Ib-cr6 | AAC(6')-Ib-cr4	carbapenem;cephalosporin | aminoglycoside antibiotic | aminoglycoside antibiotic;fluoroquinolone antibiotic	antibiotic inactivation	0.0	0.0	0.0	0.0	0.0	0.0	0.0	0.0	0.0	0.0	0.0	0.0	0.0	0.0	0.0	0.0	0.0	0.0	0.0	0.0	0.0	0.0	0.0	0.0	1732339.78	0.0	0.0	0.0	0.0	0.0	0.0	0.0	0.0	0.0	0.0	0.0
multiple	multiple	PLA-1 | AAC(6')-Ib-cr3 | AAC(6')-Ib-cr7 | ORN-1 | AAC(6')-Ib-cr1 | AAC(6')-Ib-cr8 | PLA-2a | SRT-1 | AAC(6')-Ib8 | ORN-4 | aac(6')-Ib-cr11 | AAC(6')-Ib-cr5 | PLA-6 | ORN-5 | SST-1 | AAC(6')-30/AAC(6')-Ib' bifunctional protein | OXA-34 | PLA-3 | ORN-2 | AAC(6')-Ib-cr6 | PLA-5 | OXA-1085 | AAC(6')-Ib-cr9 | AAC(6')-Ib-Hangzhou | PLA-4 | AAC(6')-Ib | SRT-3 | AAC(6')-Ib-Suzhou | AAC(6')-Ib' | AAC(6')-Ib7 | OXA-1187 | AAC(6')-Ib9 | AAC(6')-Ib3 | AAC(3)-Ib/AAC(6')-Ib3 bifunctional protein | AAC(6')-Ib4 | ORN-3 | AAC(6')-Ib-cr4 | AAC(6')-Ib10 | ORN-6 | ANT(3'')-II-AAC(6')-IId bifunctional protein | aac(6')-Ib-cr10 | AAC(6')-Ib11 | SRT-4 | OXA-210	carbapenem;cephalosporin | aminoglycoside antibiotic;fluoroquinolone antibiotic | cephalosporin | aminoglycoside antibiotic | penicillin beta-lactam | cephalosporin;penicillin beta-lactam	antibiotic inactivation	0.0	0.0	0.0	0.0	0.0	0.0	0.0	0.0	0.0	0.0	0.0	0.0	0.0	0.0	0.0	0.0	0.0	0.0	0.0	5722657.38	0.0	0.0	0.0	0.0	0.0	0.0	0.0	0.0	0.0	0.0	0.0	0.0	0.0	0.0	0.0	0.0
multiple	multiple	PLA-1 | ORN-3 | PLA-4 | PLA-5 | OXA-34 | OXA-36 | PLA-6 | OXA-681 | OXA-724 | PLA-3 | ORN-5 | OXA-1049 | ORN-1 | OXA-1153 | PLA-2a | ORN-4 | ORN-6 | OXA-1187 | ORN-2 | OXA-726 | OXA-951	carbapenem;cephalosporin | penicillin beta-lactam | cephalosporin;penicillin beta-lactam	antibiotic inactivation	0.0	0.0	0.0	0.0	0.0	0.0	121313.4	0.0	0.0	0.0	0.0	0.0	0.0	0.0	0.0	0.0	0.0	0.0	0.0	0.0	0.0	0.0	0.0	0.0	0.0	0.0	0.0	0.0	0.0	0.0	0.0	0.0	0.0	0.0	0.0	0.0
multiple	multiple	PLA-2a | AAC(6')-Ib | SRT-2 | AAC(6')-Ib-Suzhou | AAC(6')-Ib10 | ORN-3 | SRT-4 | PLA-5 | AAC(6')-Ib3 | AAC(6')-30/AAC(6')-Ib' bifunctional protein | aac(6')-Ib-cr10 | AAC(6')-Ib-cr5 | AAC(6')-Ib-cr4 | AAC(6')-Ib8 | ORN-1 | AAC(6')-Ib9 | SRT-1 | PLA-6 | PJM-2 | SRT-3 | AAC(6')-Ib' | AAC(6')-Ib-cr7 | AAC(6')-Ib4 | SST-1 | AAC(6')-Ib11 | PLA-4 | AAC(6')-Ib-cr6 | AAC(6')-Ib-cr9 | AAC(3)-Ib/AAC(6')-Ib3 bifunctional protein | PLA-1 | AAC(6')-Ib-cr3 | PJM-1 | aac(6')-Ib-cr11 | PLA-3 | AAC(6')-Ib-cr8 | ORN-2 | ORN-4 | AAC(6')-Ib7 | ORN-5 | ORN-6 | AAC(6')-Ib-cr1 | ANT(3'')-II-AAC(6')-IId bifunctional protein | AIM-2 | AAC(6')-Ib-Hangzhou	carbapenem;cephalosporin | aminoglycoside antibiotic | cephalosporin | aminoglycoside antibiotic;fluoroquinolone antibiotic | carbapenem;cephalosporin;penicillin beta-lactam | cephalosporin;penicillin beta-lactam	antibiotic inactivation	0.0	0.0	0.0	0.0	0.0	0.0	0.0	0.0	0.0	0.0	0.0	0.0	0.0	0.0	0.0	0.0	0.0	0.0	0.0	0.0	0.0	84729602.06	0.0	0.0	0.0	0.0	0.0	0.0	0.0	0.0	0.0	0.0	0.0	0.0	0.0	0.0
multiple	multiple	PLA-2a | AAC(6')-Ib-cr9 | ANT(3'')-II-AAC(6')-IId bifunctional protein | AAC(6')-Ib3 | AAC(6')-Ib-cr3 | AAC(6')-Ib-cr8 | ORN-4 | AAC(6')-Ib11 | aac(6')-Ib-cr10 | AAC(6')-Ib' | PLA-3 | AAC(6')-Ib-cr7 | ORN-2 | AAC(3)-Ib/AAC(6')-Ib3 bifunctional protein | PLA-5 | AAC(6')-30/AAC(6')-Ib' bifunctional protein | AAC(6')-Ib8 | AAC(6')-Ib-Suzhou | PLA-1 | AAC(6')-Ib4 | AAC(6')-Ib7 | ORN-3 | AAC(6')-Ib-cr4 | AAC(6')-Ib10 | AAC(6')-Ib | AAC(6')-Ib-cr1 | PLA-4 | ORN-6 | aac(6')-Ib-cr11 | ORN-1 | AAC(6')-Ib9 | PLA-6 | AAC(6')-Ib-cr5 | ORN-5 | AAC(6')-Ib-cr6 | AAC(6')-Ib-Hangzhou	carbapenem;cephalosporin | aminoglycoside antibiotic;fluoroquinolone antibiotic | aminoglycoside antibiotic	antibiotic inactivation	0.0	0.0	0.0	0.0	0.0	0.0	0.0	0.0	0.0	0.0	0.0	0.0	0.0	0.0	0.0	0.0	0.0	0.0	0.0	0.0	0.0	0.0	0.0	0.0	0.0	6601052.35	0.0	0.0	0.0	0.0	0.0	0.0	0.0	0.0	0.0	0.0
multiple	multiple	PLA-5 | AAC(6')-Ib-cr3 | KPC-125 | SST-1 | PLA-1 | KPC-134 | SRT-2 | ORN-5 | OXA-4 | OXA-796 | aac(6')-Ib-cr11 | AAC(6')-Ib' | PLA-3 | SRT-1 | KPC-78 | AAC(6')-Ib8 | ORN-4 | OXA-534 | AAC(6')-Ib-cr4 | AAC(6')-Ib-cr7 | AAC(6')-Ib10 | AAC(6')-Ib-cr5 | AAC(6')-Ib-cr8 | ORN-6 | SRT-4 | AAC(6')-Ib-cr9 | PLA-6 | OXA-140 | OXA-1042 | OXA-31 | aac(6')-Ib-cr10 | AAC(6')-Ib7 | AAC(6')-30/AAC(6')-Ib' bifunctional protein | ORN-1 | AAC(6')-Ib4 | AAC(6')-Ib11 | PLA-2a | OXA-33 | AAC(6')-Ib-Hangzhou | AAC(6')-Ib3 | OXA-320 | KPC-191 | OXA-1 | PLA-4 | AAC(6')-Ib-cr6 | AAC(6')-Ib-Suzhou | ORN-3 | ANT(3'')-II-AAC(6')-IId bifunctional protein | AAC(6')-Ib-cr1 | AAC(3)-Ib/AAC(6')-Ib3 bifunctional protein | ORN-2 | SRT-3 | AAC(6')-Ib | OXA-224 | AAC(6')-Ib9	carbapenem;cephalosporin | aminoglycoside antibiotic;fluoroquinolone antibiotic | carbapenem;cephalosporin;monobactam;penicillin beta-lactam | cephalosporin | cephalosporin;penicillin beta-lactam | aminoglycoside antibiotic | penicillin beta-lactam	antibiotic inactivation	0.0	0.0	0.0	0.0	0.0	0.0	0.0	0.0	0.0	0.0	0.0	0.0	0.0	0.0	0.0	0.0	0.0	0.0	0.0	0.0	0.0	0.0	0.0	0.0	0.0	0.0	33459258.18	0.0	0.0	0.0	0.0	0.0	0.0	0.0	0.0	0.0
multiple	multiple	SRT-1 | SRT-2 | SRT-4 | SST-1	cephalosporin	antibiotic inactivation	0.0	0.0	0.0	0.0	0.0	0.0	0.0	0.0	0.0	0.0	156492.98	0.0	0.0	0.0	0.0	0.0	0.0	0.0	0.0	0.0	0.0	0.0	0.0	0.0	0.0	0.0	0.0	0.0	0.0	0.0	0.0	0.0	0.0	0.0	0.0	0.0
multiple	multiple	SRT-2 | SRT-1 | SST-1 | SRT-3 | SRT-4	cephalosporin	antibiotic inactivation	0.0	0.0	0.0	0.0	0.0	0.0	0.0	0.0	0.0	0.0	0.0	37428.21	0.0	0.0	0.0	0.0	0.0	0.0	0.0	0.0	0.0	0.0	0.0	0.0	0.0	0.0	0.0	0.0	0.0	0.0	0.0	0.0	0.0	0.0	0.0	0.0
multiple	multiple	SRT-2 | SRT-4 | SRT-1 | SST-1	cephalosporin	antibiotic inactivation	0.0	0.0	0.0	0.0	0.0	0.0	0.0	38565.57	0.0	0.0	0.0	0.0	0.0	0.0	0.0	0.0	0.0	0.0	0.0	0.0	0.0	0.0	0.0	0.0	0.0	0.0	0.0	0.0	0.0	0.0	0.0	0.0	0.0	0.0	0.0	0.0
multiple	multiple	SRT-4 | AAC(6')-Ib-cr1 | aac(6')-Ib-cr10 | AAC(6')-Ib-cr3 | AAC(6')-Ib-cr5 | AAC(6')-Ib-cr9 | aac(6')-Ib-cr11 | AAC(6')-Ib8 | ORN-4 | ORN-6 | AAC(6')-Ib-Suzhou | AAC(6')-Ib11 | ORN-5 | PLA-2a | ORN-3 | ANT(3'')-II-AAC(6')-IId bifunctional protein | SRT-2 | SST-1 | PLA-3 | PLA-4 | ORN-1 | AAC(6')-Ib4 | AAC(6')-Ib-cr7 | SRT-1 | ORN-2 | AAC(3)-Ib/AAC(6')-Ib3 bifunctional protein | AAC(6')-Ib9 | AAC(6')-Ib' | AAC(6')-Ib-cr4 | AAC(6')-Ib3 | AAC(6')-Ib-cr6 | SRT-3 | AAC(6')-Ib10 | AAC(6')-Ib-cr8 | AAC(6')-Ib7 | AAC(6')-30/AAC(6')-Ib' bifunctional protein | AAC(6')-Ib-Hangzhou | AAC(6')-Ib | PLA-5 | PLA-6 | PLA-1	cephalosporin | aminoglycoside antibiotic;fluoroquinolone antibiotic | aminoglycoside antibiotic | carbapenem;cephalosporin	antibiotic inactivation	0.0	0.0	0.0	0.0	0.0	0.0	0.0	0.0	0.0	0.0	0.0	0.0	0.0	0.0	15601292.62	0.0	0.0	0.0	0.0	0.0	0.0	0.0	0.0	0.0	0.0	0.0	0.0	0.0	0.0	0.0	0.0	0.0	0.0	0.0	0.0	0.0
multiple	multiple	SRT-4 | ANT(3'')-II-AAC(6')-IId bifunctional protein | AAC(6')-Ib4 | AAC(3)-Ib/AAC(6')-Ib3 bifunctional protein | SRT-1 | AAC(6')-Ib-cr3 | AAC(6')-Ib3 | AAC(6')-Ib-cr4 | AAC(6')-Ib' | AAC(6')-Ib-cr9 | AAC(6')-Ib | AAC(6')-30/AAC(6')-Ib' bifunctional protein | aac(6')-Ib-cr11 | AAC(6')-Ib-Hangzhou | AAC(6')-Ib9 | AAC(6')-Ib7 | SST-1 | AAC(6')-Ib-cr7 | SRT-2 | AAC(6')-Ib11 | AAC(6')-Ib-cr1 | aac(6')-Ib-cr10 | AAC(6')-Ib-Suzhou | AAC(6')-Ib-cr8 | AAC(6')-Ib-cr6 | AAC(6')-Ib10 | AAC(6')-Ib-cr5 | SRT-3 | AAC(6')-Ib8	cephalosporin | aminoglycoside antibiotic | aminoglycoside antibiotic;fluoroquinolone antibiotic	antibiotic inactivation	0.0	0.0	0.0	0.0	1090717.12	0.0	0.0	0.0	0.0	0.0	0.0	0.0	0.0	0.0	0.0	0.0	0.0	0.0	0.0	0.0	0.0	0.0	0.0	0.0	0.0	0.0	0.0	0.0	0.0	0.0	0.0	0.0	0.0	0.0	0.0	0.0
multiple	multiple	SRT-4 | SST-1 | SRT-3 | SRT-2	cephalosporin	antibiotic inactivation	0.0	0.0	0.0	0.0	0.0	0.0	0.0	0.0	0.0	0.0	0.0	0.0	0.0	0.0	0.0	0.0	0.0	47166.66	0.0	0.0	0.0	0.0	0.0	0.0	0.0	0.0	0.0	0.0	0.0	0.0	0.0	0.0	0.0	0.0	0.0	0.0
multiple	multiple	SST-1 | SRT-2 | AAC(3)-Ib/AAC(6')-Ib3 bifunctional protein | SRT-4 | AAC(3)-Ib | SRT-1	cephalosporin | aminoglycoside antibiotic	antibiotic inactivation	0.0	0.0	0.0	0.0	0.0	0.0	0.0	0.0	0.0	0.0	0.0	0.0	0.0	0.0	0.0	0.0	0.0	0.0	0.0	0.0	0.0	0.0	0.0	216084.1	0.0	0.0	0.0	0.0	0.0	0.0	0.0	0.0	0.0	0.0	0.0	0.0
multiple	multiple	aac(6')-Ib-cr10 | ORN-3 | AAC(6')-Ib-cr1 | PLA-5 | ORN-5 | AAC(6')-Ib-cr5 | AAC(6')-Ib-cr3 | aadA11 | ORN-4 | CMY-8 | AAC(6')-Ib11 | MOX-21 | ANT(3'')-II-AAC(6')-IId bifunctional protein | AAC(6')-Ib4 | aadA6/aadA10 | MOX-10 | PLA-2a | MOX-16 | SRT-1 | SRT-4 | MOX-18 | AAC(6')-30/AAC(6')-Ib' bifunctional protein | AAC(6')-Ib-cr9 | SRT-2 | MOX-22 | PLA-3 | ORN-2 | PLA-1 | CMY-9 | MOX-3 | AAC(6')-Ib10 | PLA-4 | ORN-6 | AAC(6')-Ib7 | CMY-8b | AAC(6')-Ib-cr4 | MOX-2 | AAC(6')-Ib-cr7 | MOX-20 | AAC(6')-Ib-cr6 | AAC(3)-Ib/AAC(6')-Ib3 bifunctional protein | MOX-4 | MOX-23 | CepS | aadA6 | AAC(6')-Ib-cr8 | MOX-11 | aac(6')-Ib-cr11 | aadA16 | ORN-1 | AAC(6')-Ib-Suzhou | AAC(6')-Ib3 | CMY-19 | MOX-8 | SRT-3 | MOX-1 | AAC(6')-Ib' | AAC(6')-Ib9 | PLA-6 | SST-1 | MOX-17 | AAC(6')-Ib | AAC(6')-Ib-Hangzhou | AAC(6')-Ib8	aminoglycoside antibiotic;fluoroquinolone antibiotic | carbapenem;cephalosporin | aminoglycoside antibiotic | cephalosporin | cephalosporin;penicillin beta-lactam	antibiotic inactivation	0.0	0.0	0.0	0.0	0.0	0.0	0.0	0.0	0.0	0.0	0.0	0.0	0.0	0.0	0.0	0.0	0.0	0.0	0.0	0.0	0.0	0.0	0.0	0.0	0.0	0.0	0.0	0.0	0.0	0.0	0.0	0.0	29866165.97	0.0	0.0	0.0
multiple	multiple	aac(6')-Ib-cr10 | SST-1 | AAC(6')-Ib10 | SRT-4 | AAC(6')-30/AAC(6')-Ib' bifunctional protein | AAC(6')-Ib-cr1 | AAC(6')-Ib9 | AAC(6')-Ib-cr5 | aac(6')-Ib-cr11 | AAC(6')-Ib4 | AAC(6')-Ib-cr3 | AAC(6')-Ib11 | AAC(6')-Ib' | AAC(6')-Ib7 | AAC(6')-Ib-Suzhou | SRT-2 | AAC(6')-Ib-cr4 | AAC(6')-Ib-cr7 | SRT-1 | ANT(3'')-II-AAC(6')-IId bifunctional protein | AAC(6')-Ib | AAC(6')-Ib8 | AAC(6')-Ib-cr9	aminoglycoside antibiotic;fluoroquinolone antibiotic | cephalosporin | aminoglycoside antibiotic	antibiotic inactivation	0.0	0.0	0.0	0.0	0.0	0.0	0.0	0.0	0.0	93004.75	0.0	0.0	0.0	0.0	0.0	0.0	0.0	0.0	0.0	0.0	0.0	0.0	0.0	0.0	0.0	0.0	0.0	0.0	0.0	0.0	0.0	0.0	0.0	0.0	0.0	0.0
multiple	multiple	aadA11 | PJM-1 | SRT-2 | ANT(3'')-II-AAC(6')-IId bifunctional protein | SST-1 | SRT-1 | aadA6/aadA10 | AIM-1 | SRT-4 | aadA6 | AIM-2	aminoglycoside antibiotic | carbapenem;cephalosporin;penicillin beta-lactam | cephalosporin | cephalosporin;penicillin beta-lactam	antibiotic inactivation	0.0	0.0	0.0	0.0	0.0	0.0	0.0	0.0	0.0	0.0	0.0	0.0	0.0	0.0	0.0	0.0	0.0	0.0	0.0	0.0	0.0	0.0	0.0	0.0	0.0	0.0	0.0	0.0	0.0	0.0	0.0	0.0	0.0	0.0	0.0	728939.73
multiple	multiple	aadA11 | SST-1 | SRT-2 | SRT-3 | ANT(3'')-II-AAC(6')-IId bifunctional protein | aadA6 | aadA6/aadA10 | SRT-1 | SRT-4	aminoglycoside antibiotic | cephalosporin	antibiotic inactivation	0.0	0.0	0.0	0.0	0.0	0.0	0.0	0.0	0.0	0.0	0.0	0.0	4084624.44	0.0	0.0	0.0	0.0	0.0	0.0	0.0	0.0	0.0	0.0	0.0	0.0	0.0	0.0	0.0	0.0	0.0	0.0	0.0	0.0	0.0	0.0	0.0
non-erm 23S ribosomal RNA methyltransferase (G748)	ARO_3001301__RlmA_II__H	RlmA(II)	lincosamide antibiotic;macrolide antibiotic	antibiotic target alteration	0.0	0.0	0.0	0.0	0.0	0.0	0.0	0.0	0.0	0.0	0.0	0.0	0.0	0.0	0.0	16712.32	0.0	0.0	0.0	0.0	0.0	0.0	0.0	0.0	0.0	0.0	0.0	0.0	0.0	0.0	0.0	0.0	0.0	0.0	0.0	0.0
pmr phosphoethanolamine transferase	ARO_3002985__arnA__H	arnA	peptide antibiotic	antibiotic target alteration	0.0	0.0	0.0	0.0	0.0	0.0	0.0	0.0	0.0	0.0	0.0	0.0	0.0	0.0	0.0	0.0	0.0	8987.51	104927.92	0.0	0.0	51100.54	0.0	0.0	0.0	0.0	0.0	31381.71	0.0	0.0	0.0	0.0	24834.31	0.0	0.0	0.0
pmr phosphoethanolamine transferase	ARO_3003576__eptA__H	eptA	peptide antibiotic	antibiotic target alteration	0.0	0.0	0.0	0.0	0.0	0.0	0.0	0.0	0.0	0.0	0.0	0.0	0.0	26831.23	62340.4	0.0	0.0	10873.58	84631.64	0.0	0.0	0.0	0.0	0.0	0.0	0.0	0.0	0.0	0.0	0.0	0.0	0.0	15022.95	14312.91	11247.4	20057.53
pmr phosphoethanolamine transferase	ARO_3003577__ugd__H	ugd	peptide antibiotic	antibiotic target alteration	0.0	0.0	0.0	0.0	255432.88	36826.83	87513.75	0.0	0.0	0.0	0.0	0.0	65904.95	94495.6	58547.63	0.0	113736.03	0.0	14903.0	0.0	40282.86	104513.08	0.0	0.0	0.0	0.0	22073.21	0.0	0.0	0.0	36060.38	0.0	21163.43	20163.17	0.0	0.0
pmr phosphoethanolamine transferase	ARO_3003578__PmrF__H	PmrF	peptide antibiotic	antibiotic target alteration	24229.18	0.0	0.0	0.0	1051057.52	14783.94	0.0	0.0	17171.78	0.0	0.0	0.0	211657.59	68282.58	141021.84	0.0	0.0	0.0	233326.56	0.0	32342.69	125868.7	0.0	0.0	0.0	0.0	106334.1	0.0	0.0	0.0	43428.75	0.0	76463.54	0.0	0.0	17014.75
pmr phosphoethanolamine transferase	ARO_3003583__basS__H	basS	peptide antibiotic	antibiotic efflux;antibiotic target alteration	0.0	0.0	0.0	0.0	0.0	0.0	0.0	0.0	0.0	0.0	0.0	0.0	0.0	0.0	0.0	0.0	46279.62	0.0	72769.05	0.0	0.0	0.0	0.0	0.0	0.0	0.0	0.0	0.0	0.0	0.0	0.0	0.0	0.0	16408.94	0.0	0.0
pmr phosphoethanolamine transferase	ARO_3005047__eptB__H	eptB	peptide antibiotic	antibiotic target alteration	40831.43	0.0	0.0	0.0	43201.47	24914.15	0.0	0.0	0.0	0.0	0.0	0.0	44586.13	0.0	0.0	0.0	67326.78	0.0	171397.48	46776.84	45420.38	542074.52	34570.35	0.0	14484.7	32214.24	597320.26	60307.46	31619.53	0.0	73186.89	0.0	42952.56	68204.11	0.0	0.0
pmr phosphoethanolamine transferase	ARO_3005053__ArnT__H	ArnT	peptide antibiotic	antibiotic target alteration	0.0	0.0	0.0	0.0	15000.51	25952.24	24668.73	0.0	0.0	0.0	0.0	0.0	0.0	0.0	0.0	0.0	20037.73	0.0	52511.48	0.0	0.0	0.0	0.0	0.0	0.0	0.0	311104.3	25128.11	10979.0	0.0	0.0	0.0	14914.08	0.0	0.0	0.0
pmr phosphoethanolamine transferase	ARO_3005063__cprR__H	cprR	peptide antibiotic	antibiotic efflux;antibiotic target alteration	0.0	0.0	0.0	0.0	0.0	0.0	0.0	0.0	0.0	0.0	0.0	0.0	0.0	0.0	0.0	0.0	0.0	0.0	207045.27	0.0	0.0	0.0	0.0	0.0	0.0	0.0	0.0	0.0	0.0	0.0	0.0	0.0	0.0	0.0	0.0	0.0
pmr phosphoethanolamine transferase	ARO_3005064__cprS__H	cprS	peptide antibiotic	antibiotic efflux;antibiotic target alteration	0.0	0.0	0.0	0.0	0.0	0.0	0.0	0.0	0.0	0.0	0.0	32836.32	0.0	0.0	0.0	0.0	0.0	0.0	134196.01	0.0	0.0	0.0	0.0	0.0	0.0	0.0	0.0	0.0	0.0	0.0	0.0	0.0	0.0	0.0	0.0	0.0
quinolone resistance protein (qnr)	ARO_3002707__QnrA1__H	QnrA1	fluoroquinolone antibiotic	antibiotic target protection	35735.27	0.0	0.0	0.0	0.0	0.0	0.0	0.0	0.0	0.0	0.0	0.0	0.0	939950.77	129994.44	0.0	0.0	0.0	52943.08	0.0	0.0	216582.29	45383.46	0.0	0.0	28193.59	1097814.64	63336.61	83019.32	27835.61	0.0	0.0	0.0	0.0	0.0	0.0
quinolone resistance protein (qnr)	ARO_3002715__QnrB2__H	QnrB2	fluoroquinolone antibiotic	antibiotic target protection	0.0	0.0	0.0	0.0	38512.94	155472.04	0.0	0.0	0.0	0.0	0.0	0.0	79494.65	0.0	0.0	0.0	0.0	0.0	0.0	0.0	0.0	0.0	0.0	0.0	0.0	0.0	678930.88	0.0	0.0	0.0	0.0	0.0	0.0	0.0	0.0	0.0
quinolone resistance protein (qnr)	ARO_3002724__QnrB10__H	QnrB10	fluoroquinolone antibiotic	antibiotic target protection	0.0	0.0	0.0	0.0	0.0	0.0	0.0	0.0	0.0	0.0	0.0	0.0	0.0	32386.6	0.0	0.0	0.0	0.0	25538.62	0.0	0.0	0.0	0.0	0.0	0.0	0.0	0.0	0.0	0.0	0.0	0.0	0.0	0.0	0.0	0.0	0.0
quinolone resistance protein (qnr)	ARO_3002734__QnrB19__H	QnrB19	fluoroquinolone antibiotic	antibiotic target protection	0.0	0.0	0.0	0.0	0.0	0.0	0.0	0.0	0.0	0.0	0.0	0.0	0.0	341942.22	688547.32	0.0	128614.29	0.0	1402129.84	0.0	0.0	0.0	0.0	0.0	0.0	0.0	0.0	0.0	0.0	0.0	0.0	0.0	0.0	0.0	0.0	0.0
quinolone resistance protein (qnr)	ARO_3002750__QnrB35__H	QnrB35	fluoroquinolone antibiotic	antibiotic target protection	0.0	0.0	0.0	0.0	38512.94	0.0	0.0	0.0	0.0	0.0	0.0	0.0	0.0	0.0	0.0	0.0	0.0	0.0	0.0	0.0	0.0	0.0	0.0	0.0	0.0	0.0	0.0	0.0	0.0	0.0	0.0	0.0	0.0	0.0	0.0	0.0
quinolone resistance protein (qnr)	ARO_3002751__QnrB36__H	QnrB36	fluoroquinolone antibiotic	antibiotic target protection	0.0	0.0	0.0	0.0	0.0	0.0	0.0	0.0	0.0	0.0	0.0	0.0	0.0	0.0	0.0	0.0	0.0	0.0	26964.04	0.0	0.0	0.0	0.0	0.0	0.0	0.0	0.0	0.0	0.0	0.0	0.0	0.0	0.0	0.0	0.0	0.0
quinolone resistance protein (qnr)	ARO_3002803__QnrVC6__H	QnrVC6	fluoroquinolone antibiotic	antibiotic target protection	0.0	0.0	0.0	0.0	0.0	0.0	0.0	0.0	0.0	0.0	0.0	0.0	0.0	0.0	0.0	0.0	0.0	0.0	0.0	0.0	0.0	0.0	0.0	0.0	0.0	0.0	0.0	31668.3	0.0	0.0	0.0	0.0	0.0	0.0	0.0	0.0
quinolone resistance protein (qnr)	multiple	QnrA1 | QnrA6 | QnrA5 | QnrA4	fluoroquinolone antibiotic	antibiotic target protection	0.0	0.0	0.0	0.0	0.0	0.0	0.0	0.0	0.0	0.0	0.0	0.0	0.0	0.0	0.0	0.0	0.0	0.0	0.0	0.0	0.0	0.0	0.0	0.0	0.0	0.0	0.0	0.0	0.0	0.0	64052.45	0.0	0.0	0.0	0.0	0.0
quinolone resistance protein (qnr)	multiple	QnrA2 | QnrA1	fluoroquinolone antibiotic	antibiotic target protection	0.0	0.0	0.0	0.0	0.0	0.0	0.0	0.0	0.0	0.0	0.0	0.0	0.0	0.0	0.0	0.0	0.0	0.0	0.0	0.0	0.0	0.0	0.0	0.0	0.0	0.0	0.0	0.0	0.0	27835.61	0.0	0.0	0.0	0.0	0.0	0.0
quinolone resistance protein (qnr)	multiple	QnrA5 | QnrA1 | QnrA4 | QnrA6	fluoroquinolone antibiotic	antibiotic target protection	0.0	0.0	0.0	0.0	0.0	0.0	0.0	0.0	0.0	0.0	0.0	0.0	0.0	0.0	0.0	0.0	0.0	0.0	0.0	49126.36	0.0	0.0	0.0	0.0	0.0	0.0	0.0	0.0	0.0	0.0	0.0	0.0	0.0	0.0	0.0	0.0
quinolone resistance protein (qnr)	multiple	QnrA6 | QnrA7 | QnrA3 | QnrA5 | QnrA1	fluoroquinolone antibiotic	antibiotic target protection	0.0	0.0	0.0	0.0	0.0	0.0	0.0	0.0	0.0	0.0	0.0	0.0	0.0	0.0	0.0	0.0	0.0	0.0	0.0	0.0	71552.66	0.0	0.0	0.0	0.0	0.0	0.0	0.0	0.0	0.0	0.0	0.0	0.0	0.0	0.0	0.0
quinolone resistance protein (qnr)	multiple	QnrA7 | QnrA4 | QnrA1 | QnrA3 | QnrA2 | QnrA6 | QnrA5	fluoroquinolone antibiotic	antibiotic target protection	0.0	0.0	0.0	0.0	0.0	0.0	0.0	0.0	0.0	0.0	0.0	0.0	0.0	0.0	0.0	0.0	0.0	0.0	0.0	0.0	0.0	0.0	0.0	0.0	0.0	281935.87	0.0	0.0	0.0	0.0	0.0	0.0	0.0	0.0	0.0	0.0
quinolone resistance protein (qnr)	multiple	QnrB1 | QnrB10 | QnrB7 | QnrB59 | QnrB44 | QnrB49 | QnrB23 | QnrB64 | QnrVC6 | QnrB66 | QnrB43 | QnrB9 | QnrB76 | QnrVC1 | QnrB77 | QnrB61 | QnrB41 | QnrB67 | QnrB48 | QnrB13 | QnrB80 | QnrA6 | QnrB58 | QnrB62 | QnrB75 | QnrB17 | QnrB6 | QnrB47 | QnrB3 | QnrA3 | QnrB71 | QnrB2 | QnrB72 | QnrB16 | QnrB70 | QnrB45 | QnrB68 | QnrB42 | QnrA1 | QnrB24 | QnrB50 | QnrB20 | QnrB36 | QnrB40 | QnrB19 | QnrVC3 | QnrB26 | QnrB29 | QnrB15 | QnrB56 | QnrB30 | QnrA5 | QnrB54 | QnrB18 | QnrA4 | QnrB5 | QnrB57 | QnrA2 | QnrB74 | QnrA7 | QnrB14 | QnrB78 | QnrB32	fluoroquinolone antibiotic	antibiotic target protection	0.0	0.0	0.0	0.0	0.0	0.0	0.0	0.0	0.0	0.0	0.0	0.0	0.0	0.0	0.0	0.0	0.0	0.0	0.0	0.0	0.0	0.0	0.0	0.0	0.0	0.0	0.0	0.0	0.0	0.0	0.0	0.0	0.0	6375754.41	0.0	0.0
quinolone resistance protein (qnr)	multiple	QnrB1 | QnrB10 | QnrB76 | QnrB15 | QnrB16 | QnrB49 | QnrB71 | QnrB62 | QnrB67 | QnrA2 | QnrB80 | QnrA3 | QnrB42 | QnrB30 | QnrB14 | QnrA4 | QnrB18 | QnrB47 | QnrB45 | QnrB5 | QnrA5 | QnrA6 | QnrA1 | QnrB6 | QnrB32 | QnrB40 | QnrB9 | QnrB61 | QnrB70 | QnrB72 | QnrB36 | QnrB54 | QnrB59 | QnrB20 | QnrB68 | QnrB2 | QnrB56 | QnrB58 | QnrB19 | QnrVC1 | QnrB23 | QnrVC6 | QnrB78 | QnrB64 | QnrB50 | QnrVC3 | QnrA7	fluoroquinolone antibiotic	antibiotic target protection	0.0	0.0	0.0	0.0	0.0	0.0	0.0	0.0	0.0	0.0	0.0	0.0	0.0	0.0	0.0	0.0	0.0	0.0	0.0	0.0	0.0	1632857.25	0.0	0.0	0.0	0.0	0.0	0.0	0.0	0.0	0.0	0.0	0.0	0.0	0.0	0.0
quinolone resistance protein (qnr)	multiple	QnrB13 | QnrB19 | QnrB66 | QnrB25 | QnrB68 | QnrB71 | QnrB59 | QnrB6 | QnrB3 | QnrB54 | QnrB30 | QnrB20 | QnrB74 | QnrB15 | QnrB17 | QnrB8 | QnrB70 | QnrB76 | QnrB56 | QnrB9 | QnrB7 | QnrB78 | QnrB14 | QnrB40 | QnrB24 | QnrB10 | QnrB38 | QnrB58 | QnrB1 | QnrVC6 | QnrB32 | QnrB21 | QnrB45 | QnrB2 | QnrB57 | QnrB62 | QnrB5 | QnrVC1 | QnrB50 | QnrB42 | QnrB44 | QnrB46 | QnrB80 | QnrB48 | QnrB67 | QnrB31 | QnrB72 | QnrB60 | QnrB29 | QnrVC3 | QnrB41 | QnrB23 | QnrB26 | QnrB16 | QnrB49 | QnrB36 | QnrB77 | QnrB75 | QnrB47 | QnrB35 | QnrB43 | QnrB64 | QnrB18 | QnrB61	fluoroquinolone antibiotic	antibiotic target protection	0.0	0.0	0.0	0.0	0.0	0.0	0.0	0.0	0.0	0.0	0.0	0.0	0.0	0.0	0.0	0.0	0.0	0.0	0.0	0.0	0.0	0.0	0.0	0.0	0.0	0.0	0.0	0.0	0.0	0.0	0.0	0.0	6584189.16	0.0	0.0	0.0
quinolone resistance protein (qnr)	multiple	QnrB15 | QnrB2 | QnrB13 | QnrB58 | QnrB42 | QnrB9 | QnrB76 | QnrB20 | QnrB48 | QnrB78 | QnrB6 | QnrB66 | QnrB29 | QnrB49 | QnrB17 | QnrB64 | QnrB41 | QnrB77 | QnrB80 | QnrB16 | QnrB54 | QnrB30 | QnrB32 | QnrB45 | QnrB23 | QnrB57 | QnrB1 | QnrB18 | QnrB43 | QnrB14	fluoroquinolone antibiotic	antibiotic target protection	0.0	0.0	0.0	0.0	0.0	0.0	0.0	0.0	0.0	0.0	267889.97	0.0	0.0	0.0	0.0	0.0	0.0	0.0	0.0	0.0	0.0	0.0	0.0	0.0	0.0	0.0	0.0	0.0	0.0	0.0	0.0	0.0	0.0	0.0	0.0	0.0
quinolone resistance protein (qnr)	multiple	QnrB24 | QnrB26 | QnrB15 | QnrB2 | QnrB54 | QnrB13 | QnrB17 | QnrB7 | QnrB75 | QnrB16 | QnrB42 | QnrB23 | QnrB76 | QnrB3 | QnrB20 | QnrB41 | QnrB18 | QnrB9 | QnrB30 | QnrB80 | QnrB1 | QnrB78 | QnrB14 | QnrB49 | QnrB64 | QnrB45 | QnrB43 | QnrB57 | QnrB6 | QnrB58 | QnrB32 | QnrB48 | QnrB66 | QnrB77 | QnrB29	fluoroquinolone antibiotic	antibiotic target protection	0.0	0.0	0.0	0.0	0.0	0.0	0.0	0.0	0.0	0.0	0.0	0.0	2430441.57	0.0	0.0	0.0	0.0	0.0	0.0	0.0	0.0	0.0	0.0	0.0	0.0	0.0	0.0	0.0	0.0	0.0	0.0	0.0	0.0	0.0	0.0	0.0
quinolone resistance protein (qnr)	multiple	QnrB26 | QnrB80 | QnrB6 | QnrB68 | QnrB43 | QnrB47 | QnrB41 | QnrA4 | QnrB14 | QnrB70 | QnrB30 | QnrB3 | QnrB78 | QnrA1 | QnrB1 | QnrB36 | QnrB59 | QnrB57 | QnrB48 | QnrB58 | QnrB42 | QnrB67 | QnrB64 | QnrB49 | QnrA5 | QnrB65 | QnrB19 | QnrB77 | QnrB5 | QnrB10 | QnrB29 | QnrB7 | QnrB61 | QnrB32 | QnrB45 | QnrB17 | QnrB16 | QnrB4 | QnrB40 | QnrB20 | QnrB56 | QnrB71 | QnrB13 | QnrB72 | QnrA7 | QnrA2 | QnrB23 | QnrB50 | QnrB18 | QnrB9 | QnrB2 | QnrB62 | QnrB54 | QnrB74 | QnrB76 | QnrB66 | QnrB15 | QnrA6 | QnrB75 | QnrA3 | QnrB24	fluoroquinolone antibiotic	antibiotic target protection	0.0	0.0	0.0	0.0	0.0	0.0	0.0	0.0	0.0	0.0	0.0	0.0	0.0	0.0	115643754.24	0.0	0.0	0.0	0.0	0.0	0.0	0.0	0.0	0.0	0.0	0.0	0.0	0.0	0.0	0.0	0.0	0.0	0.0	0.0	0.0	0.0
quinolone resistance protein (qnr)	multiple	QnrB45 | QnrB32 | QnrB1 | QnrB70 | QnrB56 | QnrB5 | QnrB18 | QnrB80 | QnrB15 | QnrB67 | QnrB9 | QnrB58 | QnrB50 | QnrB68 | QnrB54 | QnrB59 | QnrB72 | QnrB62 | QnrB40 | QnrB42 | QnrB30 | QnrB61 | QnrB71 | QnrB16 | QnrB23 | QnrB47 | QnrB10 | QnrB76 | QnrB19 | QnrB6 | QnrB36 | QnrB14	fluoroquinolone antibiotic	antibiotic target protection	0.0	0.0	0.0	0.0	0.0	0.0	0.0	0.0	0.0	0.0	0.0	0.0	0.0	0.0	0.0	0.0	0.0	108217.42	0.0	0.0	0.0	0.0	0.0	0.0	0.0	0.0	0.0	0.0	0.0	0.0	0.0	0.0	0.0	0.0	0.0	0.0
quinolone resistance protein (qnr)	multiple	QnrB49 | QnrB17 | QnrB66 | QnrB61 | QnrB30 | QnrB71 | QnrB80 | QnrB5 | QnrA7 | QnrB10 | QnrB3 | QnrB15 | QnrB45 | QnrB77 | QnrB50 | QnrB16 | QnrB47 | QnrB64 | QnrB70 | QnrB2 | QnrB9 | QnrB78 | QnrB1 | QnrB14 | QnrB36 | QnrB67 | QnrB75 | QnrB58 | QnrA4 | QnrB42 | QnrA5 | QnrB72 | QnrB59 | QnrB54 | QnrB18 | QnrB20 | QnrB26 | QnrB76 | QnrA1 | QnrA2 | QnrB6 | QnrB32 | QnrB23 | QnrB68 | QnrA6 | QnrB19 | QnrB56 | QnrB62 | QnrA3 | QnrB40	fluoroquinolone antibiotic	antibiotic target protection	0.0	0.0	0.0	0.0	0.0	0.0	0.0	0.0	0.0	0.0	0.0	0.0	0.0	27754455.39	0.0	0.0	0.0	0.0	0.0	0.0	0.0	0.0	0.0	0.0	0.0	0.0	0.0	0.0	0.0	0.0	0.0	0.0	0.0	0.0	0.0	0.0
quinolone resistance protein (qnr)	multiple	QnrB5 | QnrB9 | QnrB62 | QnrB20 | QnrB1 | QnrB58 | QnrB64 | QnrB78 | QnrB59 | QnrB76 | QnrB14 | QnrB30 | QnrB48 | QnrB32 | QnrB7 | QnrB72 | QnrB57 | QnrB3 | QnrB13 | QnrB43 | QnrVC3 | QnrB54 | QnrB67 | QnrB49 | QnrB50 | QnrA1 | QnrB10 | QnrB45 | QnrB23 | QnrB6 | QnrB29 | QnrB80 | QnrB47 | QnrB75 | QnrB42 | QnrB40 | QnrB36 | QnrB16 | QnrB61 | QnrB19 | QnrB68 | QnrB24 | QnrB71 | QnrB2 | QnrVC1 | QnrB15 | QnrB70 | QnrA2 | QnrB18 | QnrVC6	fluoroquinolone antibiotic	antibiotic target protection	0.0	0.0	0.0	0.0	0.0	0.0	0.0	0.0	0.0	0.0	0.0	0.0	0.0	0.0	0.0	0.0	0.0	0.0	0.0	0.0	0.0	0.0	0.0	0.0	0.0	0.0	0.0	0.0	1155936.6	0.0	0.0	0.0	0.0	0.0	0.0	0.0
quinolone resistance protein (qnr)	multiple	QnrB54 | QnrB19 | QnrB47 | QnrB21 | QnrB39 | QnrB71 | QnrA2 | QnrB78 | QnrB72 | QnrB68 | QnrB6 | QnrB40 | QnrB20 | QnrB29 | QnrB34 | QnrB13 | QnrB67 | QnrA1 | QnrB44 | QnrB64 | QnrB8 | QnrB38 | QnrB37 | QnrB5 | QnrB75 | QnrB24 | QnrB32 | QnrB36 | QnrB45 | QnrB7 | QnrB35 | QnrB57 | QnrB43 | QnrB55 | QnrB76 | QnrB15 | QnrB30 | QnrB60 | QnrB42 | QnrB12 | QnrB9 | QnrB10 | QnrB70 | QnrA5 | QnrA6 | QnrA3 | QnrB18 | QnrA7 | QnrB80 | QnrB17 | QnrB50 | QnrB56 | QnrB58 | QnrB48 | QnrB65 | QnrB25 | QnrB66 | QnrB26 | QnrB77 | QnrB16 | QnrB74 | QnrB1 | QnrB23 | QnrB14 | QnrB61 | QnrB62 | QnrB49 | QnrB41 | QnrA4 | QnrB2 | QnrB3 | QnrB59	fluoroquinolone antibiotic	antibiotic target protection	0.0	0.0	0.0	0.0	0.0	0.0	0.0	0.0	0.0	0.0	0.0	0.0	0.0	0.0	0.0	0.0	0.0	0.0	206138771.0	0.0	0.0	0.0	0.0	0.0	0.0	0.0	0.0	0.0	0.0	0.0	0.0	0.0	0.0	0.0	0.0	0.0
quinolone resistance protein (qnr)	multiple	QnrB57 | QnrB18 | QnrB3 | QnrB45 | QnrB58 | QnrB29 | QnrB23 | QnrB20 | QnrB9 | QnrB74 | QnrB75 | QnrB54 | QnrB2 | QnrB49 | QnrB43 | QnrB30 | QnrB1 | QnrB42 | QnrB66 | QnrB13 | QnrB26 | QnrB77 | QnrB64 | QnrB60 | QnrB76 | QnrB15 | QnrB6 | QnrB32 | QnrB16 | QnrB38 | QnrB7 | QnrB41 | QnrB24 | QnrB80 | QnrB35 | QnrB78 | QnrB48 | QnrB17 | QnrB14	fluoroquinolone antibiotic	antibiotic target protection	0.0	0.0	0.0	0.0	0.0	4259602.78	0.0	0.0	0.0	0.0	0.0	0.0	0.0	0.0	0.0	0.0	0.0	0.0	0.0	0.0	0.0	0.0	0.0	0.0	0.0	0.0	0.0	0.0	0.0	0.0	0.0	0.0	0.0	0.0	0.0	0.0
quinolone resistance protein (qnr)	multiple	QnrB57 | QnrB2 | QnrB64 | QnrB15 | QnrB48 | QnrB13 | QnrA3 | QnrB45 | QnrB49 | QnrA7 | QnrA6 | QnrB26 | QnrVC6 | QnrVC1 | QnrA1 | QnrA5 | QnrB58 | QnrVC3 | QnrB18 | QnrB23 | QnrB80 | QnrB43 | QnrB54 | QnrB6 | QnrA4 | QnrB20 | QnrA2 | QnrB16	fluoroquinolone antibiotic	antibiotic target protection	0.0	0.0	0.0	0.0	0.0	0.0	0.0	0.0	0.0	0.0	0.0	0.0	0.0	0.0	0.0	0.0	0.0	0.0	0.0	0.0	0.0	0.0	0.0	0.0	0.0	0.0	0.0	1881686.36	0.0	0.0	0.0	0.0	0.0	0.0	0.0	0.0
quinolone resistance protein (qnr)	multiple	QnrB6 | QnrB14 | QnrB7 | QnrB76 | QnrB1 | QnrB49 | QnrB26 | QnrB41 | QnrB15 | QnrB23 | QnrB64 | QnrB2 | QnrB54 | QnrB3 | QnrB75 | QnrB13 | QnrB66 | QnrB32 | QnrB18 | QnrB77 | QnrB20 | QnrB42 | QnrB9 | QnrB48 | QnrB58 | QnrB30 | QnrB17 | QnrB78 | QnrB45	fluoroquinolone antibiotic	antibiotic target protection	0.0	0.0	0.0	0.0	0.0	0.0	0.0	0.0	125368.7	0.0	0.0	0.0	0.0	0.0	0.0	0.0	0.0	0.0	0.0	0.0	0.0	0.0	0.0	0.0	0.0	0.0	0.0	0.0	0.0	0.0	0.0	0.0	0.0	0.0	0.0	0.0
quinolone resistance protein (qnr)	multiple	QnrB6 | QnrB29 | QnrB3 | QnrB76 | QnrB9 | QnrB17 | QnrB2 | QnrB24 | QnrB66 | QnrB43 | QnrB54 | QnrB77 | QnrB64 | QnrB23 | QnrB7 | QnrB80 | QnrB32 | QnrB57 | QnrB20 | QnrB13 | QnrB78 | QnrB75 | QnrB49 | QnrB41 | QnrB26 | QnrB15 | QnrB1 | QnrB16 | QnrB42 | QnrB45 | QnrB18 | QnrB58 | QnrB30 | QnrB14 | QnrB48	fluoroquinolone antibiotic	antibiotic target protection	0.0	0.0	0.0	0.0	0.0	0.0	0.0	0.0	0.0	0.0	0.0	160094.53	0.0	0.0	0.0	0.0	0.0	0.0	0.0	0.0	0.0	0.0	0.0	0.0	0.0	0.0	0.0	0.0	0.0	0.0	0.0	0.0	0.0	0.0	0.0	0.0
quinolone resistance protein (qnr)	multiple	QnrB6 | QnrB56 | QnrB61 | QnrB62 | QnrB50 | QnrB80 | QnrB30 | QnrB47 | QnrB18 | QnrB76 | QnrB70 | QnrB14 | QnrB16 | QnrB40 | QnrB2 | QnrB49 | QnrB9 | QnrB68 | QnrB36 | QnrB58 | QnrB54 | QnrB67 | QnrB10 | QnrB23 | QnrB78 | QnrB72 | QnrB32 | QnrB64 | QnrB45 | QnrB20 | QnrB59 | QnrB15 | QnrB19 | QnrB5 | QnrB42 | QnrB1 | QnrB71	fluoroquinolone antibiotic	antibiotic target protection	0.0	0.0	0.0	0.0	0.0	0.0	0.0	0.0	0.0	0.0	0.0	0.0	0.0	0.0	0.0	0.0	7811277.69	0.0	0.0	0.0	0.0	0.0	0.0	0.0	0.0	0.0	0.0	0.0	0.0	0.0	0.0	0.0	0.0	0.0	0.0	0.0
quinolone resistance protein (qnr)	multiple	QnrB60 | QnrB17 | QnrB58 | QnrB78 | QnrB43 | QnrB14 | QnrB16 | QnrB2 | QnrB75 | QnrB24 | QnrB29 | QnrB18 | QnrB8 | QnrB23 | QnrB80 | QnrB15 | QnrB38 | QnrB32 | QnrB20 | QnrB57 | QnrB66 | QnrB9 | QnrB3 | QnrB1 | QnrB7 | QnrB30 | QnrB5 | QnrB6 | QnrB25 | QnrB13 | QnrB49 | QnrB54 | QnrB21 | QnrB76 | QnrB42 | QnrB45 | QnrB19 | QnrB35 | QnrB77 | QnrB41 | QnrB26 | QnrB64 | QnrB48	fluoroquinolone antibiotic	antibiotic target protection	0.0	0.0	0.0	0.0	2665229.54	0.0	0.0	0.0	0.0	0.0	0.0	0.0	0.0	0.0	0.0	0.0	0.0	0.0	0.0	0.0	0.0	0.0	0.0	0.0	0.0	0.0	0.0	0.0	0.0	0.0	0.0	0.0	0.0	0.0	0.0	0.0
quinolone resistance protein (qnr)	multiple	QnrB61 | QnrB56 | QnrB50 | QnrB67 | QnrB19 | QnrB36 | QnrB40 | QnrB10 | QnrB5 | QnrB59 | QnrB47 | QnrB70 | QnrB71 | QnrB68 | QnrB62 | QnrB72	fluoroquinolone antibiotic	antibiotic target protection	0.0	0.0	0.0	0.0	0.0	0.0	0.0	0.0	0.0	0.0	0.0	0.0	0.0	0.0	0.0	237830.65	0.0	0.0	0.0	0.0	0.0	0.0	0.0	0.0	0.0	0.0	0.0	0.0	0.0	0.0	0.0	0.0	0.0	0.0	0.0	0.0
quinolone resistance protein (qnr)	multiple	QnrB75 | QnrB49 | QnrB3 | QnrB66 | QnrB20 | QnrB54 | QnrB16 | QnrB32 | QnrB42 | QnrB18 | QnrB80 | QnrB76 | QnrB43 | QnrB74 | QnrB17 | QnrB41 | QnrB77 | QnrB7 | QnrB48 | QnrB1 | QnrB23 | QnrB57 | QnrB64 | QnrB44 | QnrB78 | QnrB26 | QnrB13 | QnrB9 | QnrB2 | QnrB15 | QnrB6 | QnrB58	fluoroquinolone antibiotic	antibiotic target protection	0.0	0.0	0.0	0.0	0.0	0.0	0.0	0.0	0.0	410774.2	0.0	0.0	0.0	0.0	0.0	0.0	0.0	0.0	0.0	0.0	0.0	0.0	0.0	0.0	0.0	0.0	0.0	0.0	0.0	0.0	0.0	0.0	0.0	0.0	0.0	0.0
quinolone resistance protein (qnr)	multiple	QnrB8 | QnrB42 | QnrA5 | QnrB20 | QnrB38 | QnrB80 | QnrB6 | QnrB58 | QnrA2 | QnrB29 | QnrB3 | QnrB48 | QnrA4 | QnrB13 | QnrB30 | QnrVC6 | QnrB26 | QnrB16 | QnrB43 | QnrVC1 | QnrB75 | QnrA3 | QnrB66 | QnrB45 | QnrB2 | QnrB32 | QnrB77 | QnrB60 | QnrA6 | QnrB76 | QnrB14 | QnrB21 | QnrB78 | QnrB41 | QnrB1 | QnrB57 | QnrB15 | QnrB7 | QnrA7 | QnrB35 | QnrB25 | QnrB64 | QnrB49 | QnrB23 | QnrB24 | QnrB54 | QnrB17 | QnrB18 | QnrA1 | QnrB9	fluoroquinolone antibiotic	antibiotic target protection	0.0	0.0	0.0	0.0	0.0	0.0	0.0	0.0	0.0	0.0	0.0	0.0	0.0	0.0	0.0	0.0	0.0	0.0	0.0	0.0	0.0	0.0	0.0	0.0	0.0	0.0	37693503.65	0.0	0.0	0.0	0.0	0.0	0.0	0.0	0.0	0.0
quinolone resistance protein (qnr)	multiple	QnrB80 | QnrB77 | QnrB2 | QnrB45 | QnrB29 | QnrB32 | QnrB14 | QnrB1 | QnrB75 | QnrB13 | QnrB66 | QnrB20 | QnrB78 | QnrB3 | QnrB49 | QnrB64 | QnrB54 | QnrB30 | QnrB16 | QnrB43 | QnrB23 | QnrB17 | QnrB24 | QnrB26 | QnrB48 | QnrB42 | QnrB15 | QnrB6 | QnrB58 | QnrB18 | QnrB9 | QnrB41 | QnrB76 | QnrB57	fluoroquinolone antibiotic	antibiotic target protection	0.0	0.0	0.0	0.0	0.0	0.0	0.0	164816.9	0.0	0.0	0.0	0.0	0.0	0.0	0.0	0.0	0.0	0.0	0.0	0.0	0.0	0.0	0.0	0.0	0.0	0.0	0.0	0.0	0.0	0.0	0.0	0.0	0.0	0.0	0.0	0.0
quinolone resistance protein (qnr)	multiple	QnrB9 | QnrB43 | QnrA1 | QnrB5 | QnrB80 | QnrB68 | QnrA3 | QnrB50 | QnrB19 | QnrB17 | QnrB16 | QnrA6 | QnrB70 | QnrB26 | QnrB13 | QnrB58 | QnrA7 | QnrB40 | QnrB61 | QnrB78 | QnrB54 | QnrB56 | QnrB41 | QnrB10 | QnrB6 | QnrB71 | QnrB57 | QnrB48 | QnrB15 | QnrA5 | QnrB44 | QnrB67 | QnrB45 | QnrB32 | QnrB2 | QnrB29 | QnrB59 | QnrB75 | QnrB62 | QnrB74 | QnrB24 | QnrB1 | QnrB64 | QnrB66 | QnrB20 | QnrB47 | QnrB18 | QnrB77 | QnrB76 | QnrB42 | QnrB36 | QnrB14 | QnrB72 | QnrB49 | QnrB23 | QnrB7 | QnrB3 | QnrB30 | QnrA4	fluoroquinolone antibiotic	antibiotic target protection	1563157.57	0.0	0.0	0.0	0.0	0.0	0.0	0.0	0.0	0.0	0.0	0.0	0.0	0.0	0.0	0.0	0.0	0.0	0.0	0.0	0.0	0.0	0.0	0.0	0.0	0.0	0.0	0.0	0.0	0.0	0.0	0.0	0.0	0.0	0.0	0.0
resistance-nodulation-cell division (RND) antibiotic efflux pump	ARO_3000216__acrB__H	acrB	cephalosporin;disinfecting agents and antiseptics;fluoroquinolone antibiotic;glycylcycline;penicillin beta-lactam;phenicol antibiotic;rifamycin antibiotic;tetracycline antibiotic	antibiotic efflux	275774.19	0.0	0.0	0.0	4447694.55	177365.04	2301945.06	6960.17	5282.37	14385.25	0.0	20264.7	1945158.42	791189.17	807971.18	22521.84	579376.75	5674.97	1407907.85	112709.9	313400.65	1794008.53	9465.69	0.0	0.0	35282.26	2085287.7	46235.72	1079330.25	17417.14	80157.07	0.0	1466182.33	1195195.83	0.0	20936.24
resistance-nodulation-cell division (RND) antibiotic efflux pump	ARO_3000377__MexA__H	MexA	aminocoumarin antibiotic;carbapenem;cephalosporin;diaminopyrimidine antibiotic;fluoroquinolone antibiotic;macrolide antibiotic;monobactam;penicillin beta-lactam;peptide antibiotic;phenicol antibiotic;sulfonamide antibiotic;tetracycline antibiotic	antibiotic efflux	0.0	0.0	0.0	0.0	0.0	0.0	0.0	0.0	0.0	0.0	0.0	0.0	0.0	0.0	0.0	0.0	0.0	0.0	226455.77	0.0	0.0	0.0	0.0	0.0	0.0	0.0	0.0	0.0	0.0	0.0	0.0	0.0	0.0	0.0	0.0	0.0
resistance-nodulation-cell division (RND) antibiotic efflux pump	ARO_3000378__MexB__H	MexB	aminocoumarin antibiotic;carbapenem;cephalosporin;diaminopyrimidine antibiotic;fluoroquinolone antibiotic;macrolide antibiotic;monobactam;penicillin beta-lactam;peptide antibiotic;phenicol antibiotic;sulfonamide antibiotic;tetracycline antibiotic	antibiotic efflux	0.0	10391.23	0.0	0.0	7908.58	4560.85	32514.66	0.0	0.0	0.0	28324.18	0.0	8162.06	147456.46	21752.65	36138.2	105643.07	0.0	166110.82	10275.71	4988.87	25887.04	0.0	7750.87	7954.83	0.0	0.0	112608.49	81037.01	69868.19	0.0	0.0	7863.01	44948.27	0.0	10498.12
resistance-nodulation-cell division (RND) antibiotic efflux pump	ARO_3000379__OprM__H	OprM	aminocoumarin antibiotic;aminoglycoside antibiotic;carbapenem;cephalosporin;diaminopyrimidine antibiotic;disinfecting agents and antiseptics;fluoroquinolone antibiotic;macrolide antibiotic;monobactam;penicillin beta-lactam;peptide antibiotic;phenicol antibiotic;sulfonamide antibiotic;tetracycline antibiotic	antibiotic efflux	0.0	0.0	0.0	0.0	0.0	0.0	0.0	0.0	0.0	0.0	0.0	0.0	0.0	0.0	0.0	0.0	0.0	0.0	190856.55	0.0	0.0	0.0	0.0	0.0	0.0	0.0	0.0	0.0	24939.96	0.0	0.0	0.0	0.0	16138.83	0.0	0.0
resistance-nodulation-cell division (RND) antibiotic efflux pump	ARO_3000491__acrD__H	acrD	aminoglycoside antibiotic	antibiotic efflux	128171.88	0.0	0.0	0.0	1196572.6	78206.76	800236.54	0.0	0.0	0.0	0.0	0.0	395175.72	262056.88	290721.68	13669.33	149182.66	0.0	469143.04	20729.62	45289.11	274170.64	0.0	0.0	0.0	5948.36	454967.57	13362.93	256896.01	0.0	0.0	0.0	531389.69	528943.24	0.0	5294.57
resistance-nodulation-cell division (RND) antibiotic efflux pump	ARO_3000499__AcrE__H	AcrE	cephalosporin;fluoroquinolone antibiotic;penicillin beta-lactam	antibiotic efflux	20274.67	0.0	0.0	0.0	64354.53	0.0	0.0	0.0	0.0	0.0	0.0	0.0	0.0	266644.06	206509.31	0.0	0.0	0.0	315395.39	0.0	0.0	0.0	0.0	0.0	0.0	0.0	0.0	0.0	0.0	0.0	0.0	0.0	170623.31	203198.77	0.0	0.0
resistance-nodulation-cell division (RND) antibiotic efflux pump	ARO_3000502__AcrF__H	AcrF	cephalosporin;fluoroquinolone antibiotic;penicillin beta-lactam	antibiotic efflux	0.0	0.0	0.0	0.0	40001.36	23068.66	6578.33	0.0	5358.92	0.0	0.0	0.0	8256.69	213094.43	143031.57	0.0	64120.75	0.0	364079.61	0.0	0.0	13093.59	0.0	0.0	0.0	0.0	74665.03	6700.83	64410.16	0.0	0.0	0.0	246579.53	250081.74	11910.3	21239.67
resistance-nodulation-cell division (RND) antibiotic efflux pump	ARO_3000518__CRP__H	CRP	fluoroquinolone antibiotic;macrolide antibiotic;penicillin beta-lactam	antibiotic efflux	333811.46	0.0	0.0	0.0	1726693.96	271576.07	1613405.19	0.0	0.0	35792.68	46849.0	67228.86	1255525.72	1951177.42	917477.37	112075.52	943577.83	197682.71	5275238.79	101977.94	470348.53	674381.81	94208.31	0.0	197362.67	117050.15	1180132.16	361558.96	1206337.63	144454.96	0.0	0.0	1755762.35	1375395.68	0.0	52092.55
resistance-nodulation-cell division (RND) antibiotic efflux pump	ARO_3000775__adeB__H	adeB	glycylcycline;tetracycline antibiotic	antibiotic efflux	0.0	0.0	0.0	0.0	0.0	0.0	0.0	0.0	0.0	0.0	0.0	0.0	0.0	0.0	0.0	0.0	0.0	0.0	0.0	0.0	0.0	0.0	0.0	0.0	0.0	0.0	24864.32	0.0	0.0	0.0	0.0	0.0	0.0	0.0	0.0	0.0
resistance-nodulation-cell division (RND) antibiotic efflux pump	ARO_3000777__adeF__H	adeF	fluoroquinolone antibiotic;tetracycline antibiotic	antibiotic efflux	0.0	0.0	0.0	0.0	0.0	0.0	0.0	0.0	0.0	0.0	0.0	0.0	0.0	0.0	0.0	0.0	0.0	0.0	0.0	5074.85	0.0	0.0	0.0	0.0	0.0	0.0	8100.45	0.0	0.0	0.0	0.0	0.0	0.0	0.0	0.0	0.0
resistance-nodulation-cell division (RND) antibiotic efflux pump	ARO_3000781__adeJ__H	adeJ	carbapenem;cephalosporin;diaminopyrimidine antibiotic;fluoroquinolone antibiotic;lincosamide antibiotic;macrolide antibiotic;penicillin beta-lactam;phenicol antibiotic;rifamycin antibiotic;tetracycline antibiotic	antibiotic efflux	0.0	0.0	0.0	0.0	0.0	0.0	0.0	0.0	0.0	0.0	0.0	0.0	0.0	0.0	0.0	0.0	0.0	5626.74	0.0	15238.91	0.0	0.0	0.0	0.0	0.0	0.0	32432.4	6548.97	0.0	0.0	0.0	0.0	0.0	0.0	0.0	0.0
resistance-nodulation-cell division (RND) antibiotic efflux pump	ARO_3000782__adeK__H	adeK	carbapenem;cephalosporin;diaminopyrimidine antibiotic;fluoroquinolone antibiotic;lincosamide antibiotic;macrolide antibiotic;penicillin beta-lactam;phenicol antibiotic;rifamycin antibiotic;tetracycline antibiotic	antibiotic efflux	0.0	0.0	0.0	0.0	0.0	0.0	0.0	0.0	0.0	0.0	0.0	0.0	0.0	0.0	0.0	0.0	0.0	12286.02	0.0	0.0	0.0	0.0	0.0	0.0	0.0	0.0	0.0	0.0	0.0	0.0	0.0	0.0	0.0	0.0	0.0	0.0
resistance-nodulation-cell division (RND) antibiotic efflux pump	ARO_3000792__mdtA__H	mdtA	aminocoumarin antibiotic	antibiotic efflux	0.0	0.0	0.0	0.0	19904.53	22957.75	16366.75	0.0	0.0	0.0	0.0	0.0	0.0	141379.96	82121.49	0.0	0.0	0.0	153293.13	0.0	0.0	65153.19	0.0	0.0	0.0	0.0	144484.02	0.0	29136.59	0.0	0.0	0.0	59369.53	131981.51	0.0	0.0
resistance-nodulation-cell division (RND) antibiotic efflux pump	ARO_3000793__mdtB__H	mdtB	aminocoumarin antibiotic	antibiotic efflux	202980.46	0.0	0.0	0.0	1113582.65	27522.84	1962123.89	0.0	0.0	0.0	0.0	0.0	385827.79	699158.52	525072.66	22716.56	302818.08	5724.04	690548.69	10334.94	25088.11	169235.56	0.0	7795.54	0.0	0.0	626870.69	13324.42	593815.44	0.0	0.0	0.0	1012266.62	745921.03	0.0	10558.62
resistance-nodulation-cell division (RND) antibiotic efflux pump	ARO_3000794__mdtC__H	mdtC	aminocoumarin antibiotic	antibiotic efflux	45766.22	0.0	6050.59	0.0	1234778.96	32579.42	252169.26	0.0	0.0	0.0	0.0	0.0	366481.19	136143.66	122088.35	0.0	48512.41	0.0	209063.26	20972.07	35636.85	264168.87	0.0	0.0	0.0	0.0	493764.37	27038.43	135857.15	23766.08	6836.01	0.0	264790.41	168183.62	0.0	5356.49
resistance-nodulation-cell division (RND) antibiotic efflux pump	ARO_3000796__mdtF__H	mdtF	fluoroquinolone antibiotic;macrolide antibiotic;penicillin beta-lactam	antibiotic efflux	0.0	0.0	0.0	0.0	0.0	0.0	0.0	0.0	0.0	0.0	0.0	0.0	0.0	7082.62	10970.63	0.0	0.0	0.0	22340.14	0.0	0.0	0.0	0.0	0.0	0.0	0.0	0.0	0.0	5838.55	0.0	0.0	0.0	23793.57	7556.33	0.0	0.0
resistance-nodulation-cell division (RND) antibiotic efflux pump	ARO_3000800__MexC__H	MexC	aminocoumarin antibiotic;aminoglycoside antibiotic;cephalosporin;diaminopyrimidine antibiotic;fluoroquinolone antibiotic;macrolide antibiotic;penicillin beta-lactam;phenicol antibiotic;tetracycline antibiotic	antibiotic efflux	0.0	0.0	0.0	0.0	0.0	0.0	0.0	0.0	0.0	0.0	0.0	0.0	0.0	0.0	0.0	0.0	0.0	0.0	149414.11	0.0	0.0	0.0	0.0	0.0	0.0	0.0	0.0	0.0	0.0	0.0	0.0	0.0	0.0	0.0	0.0	0.0
resistance-nodulation-cell division (RND) antibiotic efflux pump	ARO_3000801__MexD__H	MexD	aminocoumarin antibiotic;aminoglycoside antibiotic;cephalosporin;diaminopyrimidine antibiotic;fluoroquinolone antibiotic;macrolide antibiotic;penicillin beta-lactam;phenicol antibiotic;tetracycline antibiotic	antibiotic efflux	37480.96	0.0	0.0	0.0	0.0	0.0	0.0	0.0	0.0	14467.92	0.0	0.0	57298.59	7041.91	0.0	0.0	10594.66	5707.59	238776.35	0.0	0.0	38942.14	0.0	0.0	0.0	0.0	0.0	0.0	325079.49	0.0	0.0	0.0	0.0	0.0	0.0	0.0
resistance-nodulation-cell division (RND) antibiotic efflux pump	ARO_3000802__OprJ__H	OprJ	aminocoumarin antibiotic;aminoglycoside antibiotic;cephalosporin;diaminopyrimidine antibiotic;fluoroquinolone antibiotic;macrolide antibiotic;penicillin beta-lactam;phenicol antibiotic;tetracycline antibiotic	antibiotic efflux	32608.43	0.0	0.0	0.0	0.0	0.0	28369.04	0.0	0.0	0.0	0.0	29552.69	0.0	0.0	0.0	0.0	0.0	0.0	120776.41	0.0	0.0	0.0	0.0	0.0	0.0	0.0	0.0	0.0	0.0	0.0	0.0	0.0	0.0	0.0	0.0	0.0
resistance-nodulation-cell division (RND) antibiotic efflux pump	ARO_3000803__MexE__H	MexE	diaminopyrimidine antibiotic;fluoroquinolone antibiotic;phenicol antibiotic	antibiotic efflux	0.0	0.0	0.0	0.0	0.0	0.0	0.0	0.0	0.0	0.0	0.0	0.0	0.0	0.0	0.0	0.0	0.0	0.0	265417.07	0.0	0.0	0.0	0.0	0.0	0.0	0.0	0.0	0.0	0.0	0.0	0.0	0.0	0.0	0.0	0.0	0.0
resistance-nodulation-cell division (RND) antibiotic efflux pump	ARO_3000804__MexF__H	MexF	diaminopyrimidine antibiotic;fluoroquinolone antibiotic;phenicol antibiotic	antibiotic efflux	257677.19	15352.24	5839.99	0.0	15579.08	49414.24	6405.05	6875.05	0.0	0.0	0.0	0.0	627058.0	470291.18	5356.31	40043.54	20810.59	22422.28	201786.36	25302.62	44223.99	184856.08	0.0	0.0	0.0	0.0	24232.77	189205.45	2126559.84	5734.71	13196.13	0.0	92935.93	103300.67	179746.86	98230.96
resistance-nodulation-cell division (RND) antibiotic efflux pump	ARO_3000805__OprN__H	OprN	diaminopyrimidine antibiotic;fluoroquinolone antibiotic;phenicol antibiotic	antibiotic efflux	0.0	0.0	0.0	0.0	0.0	0.0	0.0	0.0	0.0	0.0	0.0	29990.04	0.0	0.0	0.0	0.0	0.0	25195.44	220614.84	0.0	0.0	0.0	0.0	0.0	0.0	0.0	0.0	0.0	0.0	0.0	0.0	0.0	0.0	0.0	0.0	0.0
resistance-nodulation-cell division (RND) antibiotic efflux pump	ARO_3000806__MexG__H	MexG	disinfecting agents and antiseptics;fluoroquinolone antibiotic;tetracycline antibiotic	antibiotic efflux	0.0	0.0	0.0	0.0	0.0	0.0	0.0	0.0	0.0	0.0	0.0	0.0	0.0	0.0	0.0	0.0	0.0	0.0	38907.84	0.0	0.0	0.0	0.0	0.0	0.0	0.0	0.0	0.0	0.0	0.0	0.0	0.0	0.0	0.0	0.0	0.0
resistance-nodulation-cell division (RND) antibiotic efflux pump	ARO_3000807__MexH__H	MexH	disinfecting agents and antiseptics;fluoroquinolone antibiotic;tetracycline antibiotic	antibiotic efflux	0.0	0.0	0.0	0.0	0.0	0.0	0.0	0.0	0.0	0.0	0.0	0.0	0.0	0.0	0.0	0.0	0.0	0.0	390651.46	0.0	0.0	0.0	0.0	0.0	0.0	0.0	0.0	0.0	0.0	0.0	0.0	0.0	44380.46	0.0	0.0	0.0
resistance-nodulation-cell division (RND) antibiotic efflux pump	ARO_3000808__MexI__H	MexI	disinfecting agents and antiseptics;fluoroquinolone antibiotic;tetracycline antibiotic	antibiotic efflux	189952.05	5281.37	0.0	0.0	80391.09	0.0	0.0	0.0	5384.94	14664.57	28791.67	6886.06	99561.26	1398975.27	165837.57	151530.45	483240.1	28925.83	112568.3	0.0	0.0	46050.02	0.0	31515.18	16172.24	17983.68	100036.65	0.0	347149.73	0.0	0.0	0.0	719351.18	647276.87	0.0	16007.08
resistance-nodulation-cell division (RND) antibiotic efflux pump	ARO_3000809__OpmD__H	OpmD	disinfecting agents and antiseptics;fluoroquinolone antibiotic;tetracycline antibiotic	antibiotic efflux	0.0	0.0	0.0	0.0	0.0	0.0	0.0	0.0	0.0	0.0	0.0	58136.43	0.0	0.0	0.0	0.0	0.0	0.0	47518.59	0.0	0.0	0.0	0.0	0.0	0.0	0.0	0.0	0.0	0.0	0.0	0.0	0.0	0.0	0.0	0.0	0.0
resistance-nodulation-cell division (RND) antibiotic efflux pump	ARO_3000810__mtrC__H	mtrC	macrolide antibiotic	antibiotic efflux	0.0	0.0	0.0	0.0	0.0	0.0	32971.28	0.0	0.0	0.0	0.0	0.0	0.0	0.0	0.0	0.0	0.0	0.0	0.0	0.0	0.0	0.0	0.0	0.0	0.0	0.0	0.0	0.0	0.0	0.0	0.0	0.0	0.0	0.0	0.0	0.0
resistance-nodulation-cell division (RND) antibiotic efflux pump	ARO_3000811__mtrD__H	mtrD	macrolide antibiotic	antibiotic efflux	0.0	0.0	0.0	0.0	0.0	0.0	25500.26	0.0	0.0	0.0	0.0	0.0	0.0	0.0	0.0	4428.45	0.0	0.0	0.0	0.0	0.0	0.0	0.0	0.0	0.0	0.0	0.0	0.0	0.0	0.0	0.0	0.0	0.0	0.0	0.0	0.0
resistance-nodulation-cell division (RND) antibiotic efflux pump	ARO_3000812__mtrE__H	mtrE	macrolide antibiotic	antibiotic efflux	0.0	0.0	0.0	0.0	0.0	0.0	0.0	0.0	0.0	0.0	0.0	0.0	0.0	0.0	12166.15	0.0	0.0	0.0	0.0	0.0	0.0	0.0	0.0	0.0	0.0	0.0	0.0	0.0	0.0	0.0	0.0	0.0	0.0	0.0	0.0	0.0
resistance-nodulation-cell division (RND) antibiotic efflux pump	ARO_3000816__mtrA__H	mtrA	macrolide antibiotic	antibiotic efflux	0.0	0.0	0.0	0.0	0.0	0.0	22544.93	0.0	0.0	0.0	0.0	0.0	0.0	0.0	0.0	0.0	0.0	0.0	0.0	0.0	0.0	0.0	0.0	0.0	0.0	0.0	0.0	0.0	0.0	0.0	0.0	0.0	0.0	0.0	0.0	0.0
resistance-nodulation-cell division (RND) antibiotic efflux pump	ARO_3000826__sdiA__H	sdiA	cephalosporin;disinfecting agents and antiseptics;fluoroquinolone antibiotic;glycylcycline;penicillin beta-lactam;phenicol antibiotic;rifamycin antibiotic;tetracycline antibiotic	antibiotic efflux	0.0	0.0	0.0	0.0	34358.02	0.0	0.0	0.0	0.0	0.0	0.0	0.0	0.0	91515.66	212629.92	0.0	0.0	0.0	72165.16	0.0	0.0	28115.9	0.0	0.0	0.0	0.0	142514.17	0.0	0.0	0.0	0.0	0.0	0.0	0.0	0.0	0.0
resistance-nodulation-cell division (RND) antibiotic efflux pump	ARO_3000830__cpxA__H	cpxA	aminocoumarin antibiotic;aminoglycoside antibiotic	antibiotic efflux	187961.28	0.0	0.0	0.0	325425.95	104262.28	1337928.58	0.0	12110.23	0.0	0.0	0.0	223904.15	995216.12	1218314.74	10326.61	241502.82	39030.93	1999930.75	11745.28	34214.05	340276.04	0.0	0.0	18184.94	53924.85	806154.12	121141.63	674849.2	13310.04	15313.85	0.0	1581804.72	1318662.43	0.0	23998.97
resistance-nodulation-cell division (RND) antibiotic efflux pump	ARO_3002982__amrA__H	amrA	aminoglycoside antibiotic;macrolide antibiotic	antibiotic efflux	0.0	0.0	0.0	56617.84	0.0	0.0	17021.42	0.0	0.0	0.0	0.0	0.0	0.0	0.0	0.0	0.0	0.0	0.0	0.0	0.0	0.0	0.0	0.0	20287.9	0.0	0.0	0.0	0.0	0.0	76199.99	0.0	0.0	0.0	0.0	0.0	27478.82
resistance-nodulation-cell division (RND) antibiotic efflux pump	ARO_3002983__amrB__H	amrB	aminoglycoside antibiotic;macrolide antibiotic	antibiotic efflux	0.0	10421.09	0.0	542316.49	0.0	13721.88	32608.09	0.0	0.0	0.0	0.0	0.0	98226.15	0.0	0.0	4530.26	0.0	0.0	5552.94	0.0	0.0	0.0	0.0	171009.08	0.0	0.0	0.0	13286.13	52244.92	75908.04	6718.15	6398.82	0.0	0.0	29519.05	194773.24
resistance-nodulation-cell division (RND) antibiotic efflux pump	ARO_3003009__ceoA__H	ceoA	aminoglycoside antibiotic;fluoroquinolone antibiotic	antibiotic efflux	0.0	0.0	0.0	8144044.16	305921.76	47046.43	184468.64	0.0	0.0	0.0	0.0	0.0	1536537.63	0.0	0.0	0.0	0.0	0.0	0.0	0.0	0.0	0.0	0.0	1459129.45	0.0	0.0	21148.96	68328.65	104489.84	255251.21	0.0	0.0	0.0	0.0	333986.98	1543145.5
resistance-nodulation-cell division (RND) antibiotic efflux pump	ARO_3003010__ceoB__H	ceoB	aminoglycoside antibiotic;fluoroquinolone antibiotic	antibiotic efflux	15225.73	0.0	0.0	13504566.81	499394.46	185805.94	622573.51	7109.12	5395.41	7346.55	9615.89	6899.46	2976023.02	107272.73	16616.02	73612.25	0.0	5796.42	11278.73	47095.36	0.0	6591.37	0.0	3962849.67	16203.71	0.0	50115.63	94450.41	353720.46	563346.26	47758.95	12996.82	56058.39	22889.51	791432.17	3635330.13
resistance-nodulation-cell division (RND) antibiotic efflux pump	ARO_3003030__MexV__H	MexV	disinfecting agents and antiseptics;fluoroquinolone antibiotic;macrolide antibiotic;phenicol antibiotic;tetracycline antibiotic	antibiotic efflux	0.0	0.0	0.0	0.0	0.0	0.0	0.0	0.0	0.0	0.0	0.0	0.0	0.0	0.0	0.0	0.0	0.0	0.0	184528.41	0.0	0.0	0.0	0.0	0.0	0.0	0.0	0.0	0.0	0.0	0.0	0.0	0.0	0.0	0.0	0.0	0.0
resistance-nodulation-cell division (RND) antibiotic efflux pump	ARO_3003031__MexW__H	MexW	disinfecting agents and antiseptics;fluoroquinolone antibiotic;macrolide antibiotic;phenicol antibiotic;tetracycline antibiotic	antibiotic efflux	0.0	5338.38	6092.16	0.0	0.0	4686.18	0.0	0.0	0.0	0.0	0.0	0.0	0.0	0.0	0.0	0.0	0.0	0.0	136540.16	0.0	30755.71	19948.77	0.0	0.0	0.0	0.0	16852.76	115702.74	53526.69	0.0	6882.97	0.0	32316.29	30788.9	12097.31	5393.29
resistance-nodulation-cell division (RND) antibiotic efflux pump	ARO_3003033__mexY__H	mexY	aminoglycoside antibiotic;carbapenem;cephalosporin;disinfecting agents and antiseptics;fluoroquinolone antibiotic;macrolide antibiotic;penicillin beta-lactam;phenicol antibiotic;tetracycline antibiotic	antibiotic efflux	0.0	0.0	0.0	0.0	15817.16	0.0	0.0	0.0	0.0	0.0	0.0	0.0	0.0	7021.74	0.0	0.0	0.0	0.0	155036.77	0.0	0.0	0.0	0.0	0.0	0.0	0.0	0.0	0.0	0.0	0.0	0.0	0.0	0.0	0.0	0.0	0.0
resistance-nodulation-cell division (RND) antibiotic efflux pump	ARO_3003037__opcM__H	opcM	aminoglycoside antibiotic;fluoroquinolone antibiotic	antibiotic efflux	0.0	0.0	0.0	11308824.02	177896.69	93265.87	226065.8	0.0	0.0	0.0	0.0	0.0	951373.98	0.0	0.0	0.0	0.0	0.0	0.0	0.0	0.0	0.0	0.0	1965389.9	0.0	0.0	0.0	27091.24	165714.35	202406.23	13698.72	0.0	0.0	30638.57	192611.81	1642288.79
resistance-nodulation-cell division (RND) antibiotic efflux pump	ARO_3003051__smeA__H	smeA	aminoglycoside antibiotic;cephalosporin;penicillin beta-lactam	antibiotic efflux	902248.41	327206.64	248938.67	3386664.52	207525.88	11333650.06	307153.53	219794.74	264118.29	605694.63	2006757.72	3021928.95	5418686.18	11202678.53	185510.87	3567933.93	6223448.87	5615236.38	61328989.08	13994363.31	3573867.09	10902626.63	3038985.34	8725320.57	1398554.43	3327055.21	7402878.95	8916889.26	7807145.32	3483428.29	5554744.24	301369.85	2104567.94	1631599.57	8480712.37	5220286.91
resistance-nodulation-cell division (RND) antibiotic efflux pump	ARO_3003052__smeB__H	smeB	aminoglycoside antibiotic;cephalosporin;penicillin beta-lactam	antibiotic efflux	1445951.15	481811.77	443422.0	4284982.02	86745.82	17490921.75	337186.32	243605.84	406742.17	618565.64	3040857.32	3627381.31	8309651.64	13303180.76	244018.14	4031409.73	7131601.14	7343414.98	67099231.84	28884473.73	6790347.48	20766616.74	4041850.5	13417061.72	3268025.09	6286122.64	12789764.59	19128378.75	13540688.55	10177416.31	11636134.48	483531.19	2799075.36	2973049.63	14322980.89	9290457.83
resistance-nodulation-cell division (RND) antibiotic efflux pump	ARO_3003053__smeC__H	smeC	aminoglycoside antibiotic;cephalosporin;penicillin beta-lactam	antibiotic efflux	911930.79	218975.42	157828.17	2878873.28	70171.88	9813466.66	302923.66	30966.84	293775.64	640021.6	3455610.34	2915197.31	4399574.23	8410909.33	144756.52	2525118.4	4710225.89	4772027.03	48146798.91	14542442.74	3242457.32	9517886.84	2674258.55	7117956.64	1676328.28	3531963.52	6112408.63	8845520.56	6599684.29	3551694.62	5245448.01	198146.42	1517444.89	1445724.83	7508595.89	4517704.13
resistance-nodulation-cell division (RND) antibiotic efflux pump	ARO_3003055__smeD__H	smeD	fluoroquinolone antibiotic;macrolide antibiotic;phenicol antibiotic;tetracycline antibiotic	antibiotic efflux	2932282.51	1101733.74	1131568.04	6574358.61	125776.44	21373610.02	224079.52	203518.8	308918.1	477990.82	3078157.48	3950333.93	10341348.54	17588382.55	432437.21	4969059.59	8148610.7	8312039.48	78989605.96	34591174.46	7907746.43	49610111.16	5862738.13	17545177.68	4659857.58	8534734.02	12499304.56	19752602.8	12703847.78	10015958.67	14098512.29	980914.36	2792822.77	3455099.34	17819761.76	12243726.92
resistance-nodulation-cell division (RND) antibiotic efflux pump	ARO_3003056__smeE__H	smeE	fluoroquinolone antibiotic;macrolide antibiotic;phenicol antibiotic;tetracycline antibiotic	antibiotic efflux	3059742.44	893571.15	977998.95	4336531.42	182945.72	21073320.74	359722.71	154447.5	293041.91	457052.89	3200088.51	2486854.4	10195704.53	14632893.5	251597.32	4452444.86	7299509.6	7452695.01	72969834.47	30994484.57	7325727.71	46748069.22	3733083.45	16261498.76	3248274.85	5136432.75	15168621.02	20406342.48	13552964.06	9808644.73	13549124.13	397869.97	3163333.17	2953545.89	18141404.9	12121300.35
resistance-nodulation-cell division (RND) antibiotic efflux pump	ARO_3003057__smeF__H	smeF	fluoroquinolone antibiotic;macrolide antibiotic;phenicol antibiotic;tetracycline antibiotic	antibiotic efflux	3502439.12	605717.64	1010280.53	6223517.17	141846.38	17935166.98	233270.06	297334.75	285044.15	630702.23	3280935.08	3493165.64	7886907.81	11665208.82	121921.98	4314355.45	7389675.87	7515389.75	68114791.12	20952917.61	5838513.23	47373482.56	4150108.02	14110296.65	3049697.02	5645539.34	11638631.84	14360795.49	11030725.7	6344016.61	9762169.78	600803.71	2714810.46	2200203.25	16669376.47	10709090.04
resistance-nodulation-cell division (RND) antibiotic efflux pump	ARO_3003066__smeR__H	smeR	aminoglycoside antibiotic;cephalosporin;penicillin beta-lactam	antibiotic efflux	1054811.97	141908.1	242918.14	3446303.38	144004.91	13100692.08	236819.82	190648.05	337612.08	328358.91	1977027.98	2405331.79	5498956.12	16205831.3	618886.59	4626769.73	7309765.22	9145342.26	86782575.78	20839080.61	4269516.14	13080493.86	3154544.76	9138373.91	1991646.78	4724754.81	11162422.42	11548879.28	10012852.09	5406886.51	8050557.78	464721.05	2004452.94	1705102.75	9138174.1	6762178.92
resistance-nodulation-cell division (RND) antibiotic efflux pump	ARO_3003067__smeS__H	smeS	aminoglycoside antibiotic;cephalosporin;penicillin beta-lactam	antibiotic efflux	551835.04	185976.42	212236.17	3887435.82	123850.38	7805636.05	218223.39	124926.07	225177.77	451844.31	2006598.91	2455146.35	3615477.91	12425727.37	316319.81	3597719.9	5849476.85	5958721.59	59620190.33	16563297.96	2979984.84	10627208.81	1996290.18	7213474.04	2295732.71	4366933.56	4348280.92	7142826.3	4066172.84	3230358.71	4780735.43	242662.83	1688733.25	1977627.72	6268938.15	4403656.88
resistance-nodulation-cell division (RND) antibiotic efflux pump	ARO_3003679__TriA__H	TriA	disinfecting agents and antiseptics	antibiotic efflux	0.0	0.0	0.0	0.0	0.0	0.0	0.0	0.0	0.0	0.0	0.0	0.0	0.0	0.0	0.0	0.0	0.0	0.0	286843.97	0.0	0.0	0.0	0.0	0.0	0.0	0.0	0.0	0.0	0.0	0.0	0.0	0.0	0.0	0.0	0.0	0.0
resistance-nodulation-cell division (RND) antibiotic efflux pump	ARO_3003680__TriB__H	TriB	disinfecting agents and antiseptics	antibiotic efflux	0.0	0.0	0.0	0.0	0.0	0.0	0.0	0.0	0.0	0.0	0.0	0.0	0.0	0.0	0.0	0.0	0.0	33382.19	292299.21	0.0	0.0	0.0	0.0	0.0	0.0	0.0	0.0	0.0	0.0	0.0	0.0	0.0	0.0	0.0	0.0	0.0
resistance-nodulation-cell division (RND) antibiotic efflux pump	ARO_3003681__TriC__H	TriC	disinfecting agents and antiseptics	antibiotic efflux	46216.68	0.0	0.0	0.0	0.0	0.0	0.0	0.0	0.0	0.0	0.0	0.0	42055.49	246023.39	11208.18	37240.84	0.0	0.0	154061.25	0.0	0.0	13338.45	0.0	0.0	0.0	0.0	0.0	0.0	220703.92	12000.0	0.0	0.0	0.0	0.0	0.0	0.0
resistance-nodulation-cell division (RND) antibiotic efflux pump	ARO_3003682__OpmH__H	OpmH	disinfecting agents and antiseptics	antibiotic efflux	0.0	0.0	0.0	0.0	0.0	0.0	0.0	30261.59	0.0	0.0	0.0	0.0	0.0	0.0	0.0	0.0	0.0	0.0	192041.99	0.0	0.0	0.0	0.0	0.0	0.0	0.0	0.0	0.0	0.0	0.0	0.0	0.0	0.0	0.0	0.0	0.0
resistance-nodulation-cell division (RND) antibiotic efflux pump	ARO_3003692__MexJ__H	MexJ	disinfecting agents and antiseptics;macrolide antibiotic;tetracycline antibiotic	antibiotic efflux	0.0	0.0	0.0	0.0	0.0	0.0	0.0	0.0	0.0	0.0	0.0	0.0	0.0	0.0	0.0	0.0	0.0	0.0	78767.22	0.0	0.0	0.0	0.0	0.0	0.0	0.0	0.0	150768.66	0.0	0.0	0.0	0.0	0.0	0.0	0.0	0.0
resistance-nodulation-cell division (RND) antibiotic efflux pump	ARO_3003693__MexK__H	MexK	disinfecting agents and antiseptics;macrolide antibiotic;tetracycline antibiotic	antibiotic efflux	274597.34	26509.8	30252.96	0.0	8070.45	4654.2	6636.03	0.0	0.0	0.0	0.0	0.0	199898.83	14330.91	0.0	9219.47	0.0	23230.88	214713.62	0.0	30545.87	151897.1	0.0	0.0	0.0	12035.86	100426.65	27038.43	584776.45	5941.52	0.0	0.0	0.0	0.0	18022.16	10712.99
resistance-nodulation-cell division (RND) antibiotic efflux pump	ARO_3003698__mexP__H	mexP	carbapenem;diaminopyrimidine antibiotic;disinfecting agents and antiseptics;macrolide antibiotic;phenicol antibiotic;tetracycline antibiotic	antibiotic efflux	0.0	0.0	0.0	0.0	0.0	0.0	0.0	0.0	0.0	0.0	0.0	0.0	0.0	0.0	0.0	0.0	0.0	15437.1	180225.94	0.0	0.0	0.0	0.0	0.0	0.0	0.0	0.0	0.0	0.0	0.0	0.0	0.0	0.0	0.0	0.0	0.0
resistance-nodulation-cell division (RND) antibiotic efflux pump	ARO_3003699__mexQ__H	mexQ	carbapenem;diaminopyrimidine antibiotic;disinfecting agents and antiseptics;macrolide antibiotic;phenicol antibiotic;tetracycline antibiotic	antibiotic efflux	297002.82	0.0	0.0	14324.56	0.0	4530.56	0.0	0.0	0.0	0.0	0.0	0.0	0.0	0.0	0.0	4487.27	0.0	16960.31	115505.33	5103.73	9911.47	0.0	0.0	0.0	0.0	0.0	0.0	0.0	11499.83	0.0	0.0	0.0	15621.58	0.0	5847.8	10428.39
resistance-nodulation-cell division (RND) antibiotic efflux pump	ARO_3003700__opmE__H	opmE	carbapenem;diaminopyrimidine antibiotic;disinfecting agents and antiseptics;macrolide antibiotic;phenicol antibiotic;tetracycline antibiotic	antibiotic efflux	0.0	0.0	0.0	0.0	0.0	0.0	0.0	0.0	0.0	0.0	0.0	0.0	0.0	0.0	0.0	0.0	0.0	0.0	106047.58	0.0	0.0	0.0	0.0	0.0	0.0	0.0	0.0	0.0	0.0	0.0	0.0	0.0	0.0	0.0	0.0	0.0
resistance-nodulation-cell division (RND) antibiotic efflux pump	ARO_3003704__mexM__H	mexM	phenicol antibiotic	antibiotic efflux	0.0	0.0	0.0	0.0	0.0	0.0	0.0	0.0	0.0	0.0	0.0	0.0	0.0	0.0	0.0	0.0	0.0	0.0	90112.97	0.0	0.0	0.0	0.0	0.0	0.0	0.0	0.0	0.0	0.0	0.0	0.0	0.0	0.0	0.0	0.0	0.0
resistance-nodulation-cell division (RND) antibiotic efflux pump	ARO_3003705__mexN__H	mexN	phenicol antibiotic	antibiotic efflux	0.0	0.0	0.0	0.0	0.0	0.0	0.0	0.0	0.0	0.0	0.0	0.0	0.0	0.0	0.0	0.0	0.0	0.0	128579.71	0.0	0.0	6534.17	0.0	0.0	0.0	0.0	8280.11	0.0	0.0	0.0	0.0	0.0	0.0	0.0	0.0	0.0
resistance-nodulation-cell division (RND) antibiotic efflux pump	ARO_3003838__gadW__H	gadW	fluoroquinolone antibiotic;macrolide antibiotic;penicillin beta-lactam	antibiotic efflux	0.0	0.0	0.0	0.0	0.0	0.0	0.0	0.0	0.0	0.0	0.0	0.0	0.0	0.0	0.0	0.0	0.0	0.0	0.0	0.0	0.0	0.0	0.0	0.0	0.0	0.0	0.0	0.0	0.0	0.0	0.0	0.0	0.0	0.0	0.0	45232.62
resistance-nodulation-cell division (RND) antibiotic efflux pump	ARO_3003922__oqxA__H	oqxA	diaminopyrimidine antibiotic;fluoroquinolone antibiotic;glycylcycline;nitrofuran antibiotic;tetracycline antibiotic	antibiotic efflux	39928.7	0.0	0.0	0.0	63369.51	85271.65	416851.22	18643.3	0.0	0.0	0.0	18093.48	21800.19	37508.97	101674.23	24130.55	42324.6	0.0	177467.38	13722.8	26649.72	86427.7	25354.53	0.0	0.0	0.0	350468.52	35384.48	123681.85	46653.06	17892.2	0.0	84005.86	80035.44	0.0	0.0
resistance-nodulation-cell division (RND) antibiotic efflux pump	ARO_3003923__oqxB__H	oqxB	diaminopyrimidine antibiotic;fluoroquinolone antibiotic;glycylcycline;nitrofuran antibiotic;tetracycline antibiotic	antibiotic efflux	722287.68	25879.21	11813.34	14365.45	409680.96	213544.24	1995280.24	34767.72	5277.34	21557.34	9405.46	0.0	333370.77	2511209.37	861377.08	220504.05	1062934.09	17008.72	1483791.62	189377.2	278313.3	1050881.86	0.0	38606.84	15849.11	52873.03	2736889.05	244156.29	1360853.35	75402.47	126794.6	12712.4	2373425.4	1723922.15	58644.89	52290.81
resistance-nodulation-cell division (RND) antibiotic efflux pump	ARO_3004041__Kpne_acrA__H	Klebsiella pneumoniae acrA	cephalosporin;disinfecting agents and antiseptics;fluoroquinolone antibiotic;glycylcycline;penicillin beta-lactam;phenicol antibiotic;rifamycin antibiotic;tetracycline antibiotic	antibiotic efflux	0.0	0.0	0.0	0.0	41505.18	0.0	170640.85	0.0	0.0	0.0	0.0	0.0	0.0	36850.92	14270.07	0.0	13860.69	0.0	217942.39	121338.41	52364.35	152840.56	0.0	0.0	41747.89	46424.03	430399.94	104291.1	30378.0	0.0	105469.83	0.0	0.0	39315.65	0.0	0.0
resistance-nodulation-cell division (RND) antibiotic efflux pump	ARO_3004042__Eclo_acrA__H	Enterobacter cloacae acrA	cephalosporin;disinfecting agents and antiseptics;fluoroquinolone antibiotic;glycylcycline;penicillin beta-lactam;phenicol antibiotic;rifamycin antibiotic;tetracycline antibiotic	antibiotic efflux	373604.17	0.0	0.0	0.0	332875.67	83986.15	0.0	0.0	0.0	0.0	0.0	0.0	407959.36	1145248.7	2188805.95	106950.46	7989920.41	0.0	4544591.71	13515.92	26247.96	936372.44	0.0	0.0	0.0	0.0	2200554.86	0.0	669995.13	45949.74	0.0	0.0	1944376.91	1990428.99	0.0	13808.45
resistance-nodulation-cell division (RND) antibiotic efflux pump	ARO_3004043__Ecol_acrA__H	Escherichia coli acrA	cephalosporin;disinfecting agents and antiseptics;fluoroquinolone antibiotic;glycylcycline;penicillin beta-lactam;phenicol antibiotic;rifamycin antibiotic;tetracycline antibiotic	antibiotic efflux	19663.38	0.0	0.0	0.0	20804.73	0.0	0.0	0.0	0.0	0.0	0.0	0.0	64414.64	36943.51	57223.68	0.0	27791.03	0.0	131093.99	0.0	0.0	0.0	0.0	0.0	0.0	15513.56	194166.61	0.0	45681.49	0.0	0.0	0.0	165478.89	216779.39	0.0	0.0
resistance-nodulation-cell division (RND) antibiotic efflux pump	ARO_3004054__Paer_CpxR__H	Pseudomonas aeruginosa CpxR	aminocoumarin antibiotic;aminoglycoside antibiotic;carbapenem;cephalosporin;diaminopyrimidine antibiotic;fluoroquinolone antibiotic;macrolide antibiotic;monobactam;penicillin beta-lactam;peptide antibiotic;phenicol antibiotic;sulfonamide antibiotic;tetracycline antibiotic	antibiotic efflux	415541.11	0.0	0.0	0.0	36638.42	42258.52	0.0	0.0	0.0	0.0	0.0	0.0	680628.99	585538.23	0.0	62782.13	0.0	0.0	179561.39	23802.37	0.0	389765.97	0.0	0.0	0.0	27320.33	0.0	122749.7	2922941.34	80920.35	0.0	0.0	0.0	0.0	0.0	0.0
resistance-nodulation-cell division (RND) antibiotic efflux pump	ARO_3004072__OpmB__H	OpmB	aminocoumarin antibiotic;macrolide antibiotic;monobactam;tetracycline antibiotic	antibiotic efflux	0.0	0.0	0.0	0.0	0.0	0.0	0.0	0.0	0.0	0.0	0.0	0.0	0.0	0.0	0.0	0.0	0.0	0.0	139413.25	0.0	0.0	0.0	0.0	0.0	0.0	0.0	0.0	0.0	0.0	0.0	0.0	0.0	0.0	0.0	0.0	0.0
resistance-nodulation-cell division (RND) antibiotic efflux pump	ARO_3004073__MuxA__H	MuxA	aminocoumarin antibiotic;macrolide antibiotic;monobactam;tetracycline antibiotic	antibiotic efflux	0.0	0.0	0.0	0.0	0.0	0.0	0.0	0.0	0.0	0.0	0.0	0.0	0.0	0.0	0.0	0.0	0.0	0.0	27153.48	0.0	0.0	0.0	0.0	0.0	0.0	0.0	0.0	0.0	0.0	0.0	0.0	0.0	0.0	0.0	0.0	0.0
resistance-nodulation-cell division (RND) antibiotic efflux pump	ARO_3004074__MuxB__H	MuxB	aminocoumarin antibiotic;macrolide antibiotic;monobactam;tetracycline antibiotic	antibiotic efflux	0.0	0.0	0.0	0.0	0.0	0.0	0.0	0.0	0.0	0.0	0.0	0.0	0.0	0.0	0.0	0.0	10594.66	11415.18	94399.95	0.0	5003.2	0.0	0.0	0.0	0.0	0.0	0.0	13286.13	11609.98	0.0	0.0	0.0	7885.61	22538.71	0.0	0.0
resistance-nodulation-cell division (RND) antibiotic efflux pump	ARO_3004075__MuxC__H	MuxC	aminocoumarin antibiotic;macrolide antibiotic;monobactam;tetracycline antibiotic	antibiotic efflux	0.0	0.0	0.0	0.0	0.0	0.0	0.0	0.0	0.0	0.0	0.0	0.0	0.0	0.0	0.0	0.0	0.0	0.0	162122.24	0.0	0.0	0.0	0.0	0.0	0.0	0.0	0.0	0.0	17532.53	0.0	0.0	0.0	0.0	0.0	0.0	0.0
resistance-nodulation-cell division (RND) antibiotic efflux pump	ARO_3004142__OprZ__H	OprZ	aminoglycoside antibiotic;cephalosporin;fluoroquinolone antibiotic;macrolide antibiotic	antibiotic efflux	50599.29	0.0	0.0	0.0	231990.67	0.0	14673.64	0.0	0.0	0.0	0.0	0.0	18417.4	301041.81	36813.08	132509.98	0.0	0.0	87458.78	57966.98	33771.62	0.0	0.0	34979.13	0.0	0.0	18505.34	0.0	0.0	0.0	0.0	0.0	248396.65	202848.43	39850.72	11844.32
resistance-nodulation-cell division (RND) antibiotic efflux pump	ARO_3004143__AxyX__H	AxyX	aminoglycoside antibiotic;cephalosporin;fluoroquinolone antibiotic;macrolide antibiotic	antibiotic efflux	0.0	0.0	0.0	0.0	0.0	0.0	0.0	0.0	0.0	0.0	0.0	0.0	0.0	18754.48	0.0	0.0	0.0	0.0	103522.64	0.0	26649.72	17285.54	0.0	0.0	0.0	0.0	0.0	0.0	0.0	0.0	17892.2	0.0	210014.66	100044.29	0.0	14019.81
resistance-nodulation-cell division (RND) antibiotic efflux pump	ARO_3004144__AxyY__H	AxyY	aminoglycoside antibiotic;cephalosporin;fluoroquinolone antibiotic;macrolide antibiotic	antibiotic efflux	59854.87	0.0	0.0	0.0	300813.32	0.0	39054.89	0.0	0.0	0.0	18900.84	27122.93	0.0	527133.68	59876.98	126604.62	5287.2	51270.07	138558.02	102855.38	74904.55	25911.78	0.0	7758.28	7962.43	41320.05	336563.7	72933.98	40557.24	5827.92	60347.7	0.0	385655.98	449912.39	17677.57	31524.46
resistance-nodulation-cell division (RND) antibiotic efflux pump	ARO_3005040__YajC__H	YajC	cephalosporin;disinfecting agents and antiseptics;fluoroquinolone antibiotic;glycopeptide antibiotic;glycylcycline;oxazolidinone antibiotic;penicillin beta-lactam;phenicol antibiotic;rifamycin antibiotic;tetracycline antibiotic	antibiotic efflux	0.0	0.0	0.0	0.0	0.0	0.0	0.0	0.0	0.0	0.0	0.0	0.0	0.0	0.0	0.0	0.0	0.0	0.0	307819.52	0.0	0.0	59964.0	0.0	0.0	0.0	0.0	0.0	0.0	214527.8	0.0	0.0	0.0	0.0	0.0	0.0	0.0
resistance-nodulation-cell division (RND) antibiotic efflux pump	ARO_3005069__rsmA__H	rsmA	diaminopyrimidine antibiotic;fluoroquinolone antibiotic;phenicol antibiotic	antibiotic efflux	0.0	0.0	0.0	0.0	0.0	0.0	0.0	0.0	0.0	0.0	0.0	0.0	0.0	0.0	0.0	0.0	0.0	0.0	187008.63	0.0	84247.49	218578.44	0.0	0.0	0.0	0.0	0.0	111860.62	0.0	0.0	0.0	0.0	265566.92	253015.25	0.0	0.0
resistance-nodulation-cell division (RND) antibiotic efflux pump	ARO_3007509__Sfle_acrA__H	Shigella flexneri acrA	cephalosporin;disinfecting agents and antiseptics;fluoroquinolone antibiotic;glycylcycline;penicillin beta-lactam;phenicol antibiotic;rifamycin antibiotic;tetracycline antibiotic	antibiotic efflux	19663.38	0.0	0.0	0.0	0.0	0.0	0.0	0.0	0.0	0.0	0.0	0.0	0.0	0.0	0.0	0.0	0.0	0.0	0.0	0.0	0.0	0.0	0.0	0.0	0.0	0.0	21574.07	0.0	0.0	0.0	0.0	0.0	41369.72	0.0	0.0	0.0
resistance-nodulation-cell division (RND) antibiotic efflux pump	multiple	AxyY | MexB | Shigella flexneri acrA | Enterobacter cloacae acrA | mexY | Escherichia coli acrA | acrB	aminoglycoside antibiotic;cephalosporin;fluoroquinolone antibiotic;macrolide antibiotic | aminocoumarin antibiotic;carbapenem;cephalosporin;diaminopyrimidine antibiotic;fluoroquinolone antibiotic;macrolide antibiotic;monobactam;penicillin beta-lactam;peptide antibiotic;phenicol antibiotic;sulfonamide antibiotic;tetracycline antibiotic | cephalosporin;disinfecting agents and antiseptics;fluoroquinolone antibiotic;glycylcycline;penicillin beta-lactam;phenicol antibiotic;rifamycin antibiotic;tetracycline antibiotic | aminoglycoside antibiotic;carbapenem;cephalosporin;disinfecting agents and antiseptics;fluoroquinolone antibiotic;macrolide antibiotic;penicillin beta-lactam;phenicol antibiotic;tetracycline antibiotic	antibiotic efflux	0.0	0.0	0.0	0.0	0.0	0.0	0.0	0.0	0.0	0.0	0.0	0.0	0.0	172050.8	0.0	0.0	0.0	0.0	0.0	0.0	0.0	0.0	0.0	0.0	0.0	0.0	0.0	0.0	0.0	0.0	0.0	0.0	0.0	0.0	0.0	0.0
resistance-nodulation-cell division (RND) antibiotic efflux pump	multiple	AxyY | acrB | Enterobacter cloacae acrA | Escherichia coli acrA | mexY | MexB | Shigella flexneri acrA	aminoglycoside antibiotic;cephalosporin;fluoroquinolone antibiotic;macrolide antibiotic | cephalosporin;disinfecting agents and antiseptics;fluoroquinolone antibiotic;glycylcycline;penicillin beta-lactam;phenicol antibiotic;rifamycin antibiotic;tetracycline antibiotic | aminoglycoside antibiotic;carbapenem;cephalosporin;disinfecting agents and antiseptics;fluoroquinolone antibiotic;macrolide antibiotic;penicillin beta-lactam;phenicol antibiotic;tetracycline antibiotic | aminocoumarin antibiotic;carbapenem;cephalosporin;diaminopyrimidine antibiotic;fluoroquinolone antibiotic;macrolide antibiotic;monobactam;penicillin beta-lactam;peptide antibiotic;phenicol antibiotic;sulfonamide antibiotic;tetracycline antibiotic	antibiotic efflux	0.0	0.0	0.0	0.0	0.0	0.0	0.0	0.0	0.0	0.0	0.0	0.0	0.0	0.0	0.0	0.0	0.0	0.0	0.0	0.0	0.0	0.0	0.0	0.0	0.0	0.0	0.0	0.0	0.0	0.0	0.0	0.0	0.0	183558.24	0.0	0.0
resistance-nodulation-cell division (RND) antibiotic efflux pump	multiple	AxyY | mexY	aminoglycoside antibiotic;cephalosporin;fluoroquinolone antibiotic;macrolide antibiotic | aminoglycoside antibiotic;carbapenem;cephalosporin;disinfecting agents and antiseptics;fluoroquinolone antibiotic;macrolide antibiotic;penicillin beta-lactam;phenicol antibiotic;tetracycline antibiotic	antibiotic efflux	0.0	0.0	0.0	0.0	0.0	0.0	0.0	0.0	0.0	0.0	0.0	0.0	0.0	0.0	0.0	0.0	0.0	0.0	0.0	0.0	4991.25	0.0	0.0	0.0	0.0	0.0	0.0	0.0	0.0	0.0	0.0	6383.53	0.0	0.0	0.0	0.0
resistance-nodulation-cell division (RND) antibiotic efflux pump	multiple	Enterobacter cloacae acrA | AxyY | Shigella flexneri acrA | Escherichia coli acrA | mexY	cephalosporin;disinfecting agents and antiseptics;fluoroquinolone antibiotic;glycylcycline;penicillin beta-lactam;phenicol antibiotic;rifamycin antibiotic;tetracycline antibiotic | aminoglycoside antibiotic;cephalosporin;fluoroquinolone antibiotic;macrolide antibiotic | aminoglycoside antibiotic;carbapenem;cephalosporin;disinfecting agents and antiseptics;fluoroquinolone antibiotic;macrolide antibiotic;penicillin beta-lactam;phenicol antibiotic;tetracycline antibiotic	antibiotic efflux	0.0	0.0	0.0	0.0	151146.01	0.0	0.0	0.0	0.0	0.0	0.0	0.0	0.0	0.0	0.0	0.0	0.0	0.0	0.0	0.0	0.0	0.0	0.0	0.0	0.0	0.0	0.0	0.0	0.0	0.0	0.0	0.0	0.0	0.0	0.0	0.0
resistance-nodulation-cell division (RND) antibiotic efflux pump	multiple	Enterobacter cloacae acrA | MexB | Escherichia coli acrA | acrB | Shigella flexneri acrA	cephalosporin;disinfecting agents and antiseptics;fluoroquinolone antibiotic;glycylcycline;penicillin beta-lactam;phenicol antibiotic;rifamycin antibiotic;tetracycline antibiotic | aminocoumarin antibiotic;carbapenem;cephalosporin;diaminopyrimidine antibiotic;fluoroquinolone antibiotic;macrolide antibiotic;monobactam;penicillin beta-lactam;peptide antibiotic;phenicol antibiotic;sulfonamide antibiotic;tetracycline antibiotic	antibiotic efflux	0.0	0.0	0.0	0.0	0.0	0.0	0.0	0.0	0.0	0.0	0.0	0.0	0.0	0.0	181660.42	0.0	0.0	0.0	0.0	0.0	0.0	0.0	0.0	0.0	0.0	0.0	0.0	0.0	0.0	0.0	0.0	0.0	0.0	0.0	0.0	0.0
resistance-nodulation-cell division (RND) antibiotic efflux pump	multiple	Enterobacter cloacae acrA | Shigella flexneri acrA | acrB | Klebsiella pneumoniae acrA | MexB | Escherichia coli acrA	cephalosporin;disinfecting agents and antiseptics;fluoroquinolone antibiotic;glycylcycline;penicillin beta-lactam;phenicol antibiotic;rifamycin antibiotic;tetracycline antibiotic | aminocoumarin antibiotic;carbapenem;cephalosporin;diaminopyrimidine antibiotic;fluoroquinolone antibiotic;macrolide antibiotic;monobactam;penicillin beta-lactam;peptide antibiotic;phenicol antibiotic;sulfonamide antibiotic;tetracycline antibiotic	antibiotic efflux	0.0	0.0	0.0	0.0	0.0	0.0	0.0	0.0	0.0	0.0	0.0	0.0	0.0	0.0	0.0	0.0	0.0	0.0	0.0	0.0	0.0	0.0	0.0	0.0	0.0	0.0	0.0	0.0	0.0	0.0	0.0	0.0	307884.9	0.0	0.0	0.0
resistance-nodulation-cell division (RND) antibiotic efflux pump	multiple	Escherichia coli acrA | MexB | Enterobacter cloacae acrA | acrB | Shigella flexneri acrA	cephalosporin;disinfecting agents and antiseptics;fluoroquinolone antibiotic;glycylcycline;penicillin beta-lactam;phenicol antibiotic;rifamycin antibiotic;tetracycline antibiotic | aminocoumarin antibiotic;carbapenem;cephalosporin;diaminopyrimidine antibiotic;fluoroquinolone antibiotic;macrolide antibiotic;monobactam;penicillin beta-lactam;peptide antibiotic;phenicol antibiotic;sulfonamide antibiotic;tetracycline antibiotic	antibiotic efflux	0.0	0.0	0.0	0.0	0.0	0.0	0.0	0.0	0.0	0.0	0.0	0.0	0.0	0.0	0.0	0.0	0.0	0.0	0.0	0.0	0.0	0.0	0.0	0.0	0.0	0.0	0.0	0.0	36830.21	0.0	0.0	0.0	0.0	0.0	0.0	0.0
resistance-nodulation-cell division (RND) antibiotic efflux pump	multiple	Klebsiella pneumoniae acrA | Enterobacter cloacae acrA | Escherichia coli acrA | Shigella flexneri acrA	cephalosporin;disinfecting agents and antiseptics;fluoroquinolone antibiotic;glycylcycline;penicillin beta-lactam;phenicol antibiotic;rifamycin antibiotic;tetracycline antibiotic	antibiotic efflux	0.0	0.0	0.0	0.0	0.0	0.0	0.0	0.0	0.0	0.0	0.0	0.0	0.0	0.0	0.0	0.0	0.0	0.0	0.0	0.0	0.0	51042.8	0.0	0.0	0.0	0.0	0.0	0.0	0.0	0.0	0.0	0.0	0.0	0.0	0.0	0.0
resistance-nodulation-cell division (RND) antibiotic efflux pump	multiple	MexB | Shigella flexneri acrA | Escherichia coli acrA | acrB	aminocoumarin antibiotic;carbapenem;cephalosporin;diaminopyrimidine antibiotic;fluoroquinolone antibiotic;macrolide antibiotic;monobactam;penicillin beta-lactam;peptide antibiotic;phenicol antibiotic;sulfonamide antibiotic;tetracycline antibiotic | cephalosporin;disinfecting agents and antiseptics;fluoroquinolone antibiotic;glycylcycline;penicillin beta-lactam;phenicol antibiotic;rifamycin antibiotic;tetracycline antibiotic	antibiotic efflux	0.0	0.0	0.0	0.0	0.0	0.0	0.0	0.0	0.0	0.0	0.0	0.0	0.0	0.0	0.0	0.0	45879.69	0.0	0.0	0.0	0.0	0.0	0.0	0.0	0.0	0.0	0.0	0.0	0.0	0.0	0.0	0.0	0.0	0.0	0.0	0.0
resistance-nodulation-cell division (RND) antibiotic efflux pump	multiple	MexB | smeB	aminocoumarin antibiotic;carbapenem;cephalosporin;diaminopyrimidine antibiotic;fluoroquinolone antibiotic;macrolide antibiotic;monobactam;penicillin beta-lactam;peptide antibiotic;phenicol antibiotic;sulfonamide antibiotic;tetracycline antibiotic | aminoglycoside antibiotic;cephalosporin;penicillin beta-lactam	antibiotic efflux	0.0	0.0	5920.75	0.0	0.0	0.0	0.0	0.0	0.0	0.0	0.0	0.0	0.0	0.0	0.0	0.0	0.0	0.0	0.0	0.0	0.0	0.0	0.0	0.0	0.0	0.0	0.0	0.0	0.0	0.0	0.0	0.0	0.0	0.0	0.0	0.0
resistance-nodulation-cell division (RND) antibiotic efflux pump	multiple	Shigella flexneri acrA | Escherichia coli acrA | AxyY | Enterobacter cloacae acrA | mexY	cephalosporin;disinfecting agents and antiseptics;fluoroquinolone antibiotic;glycylcycline;penicillin beta-lactam;phenicol antibiotic;rifamycin antibiotic;tetracycline antibiotic | aminoglycoside antibiotic;cephalosporin;fluoroquinolone antibiotic;macrolide antibiotic | aminoglycoside antibiotic;carbapenem;cephalosporin;disinfecting agents and antiseptics;fluoroquinolone antibiotic;macrolide antibiotic;penicillin beta-lactam;phenicol antibiotic;tetracycline antibiotic	antibiotic efflux	0.0	0.0	0.0	0.0	0.0	0.0	0.0	0.0	0.0	0.0	0.0	0.0	0.0	0.0	0.0	0.0	0.0	0.0	299828.26	0.0	0.0	0.0	0.0	0.0	0.0	0.0	0.0	0.0	0.0	0.0	0.0	0.0	0.0	0.0	0.0	0.0
resistance-nodulation-cell division (RND) antibiotic efflux pump	multiple	Shigella flexneri acrA | Escherichia coli acrA | Enterobacter cloacae acrA | MexB | acrB	cephalosporin;disinfecting agents and antiseptics;fluoroquinolone antibiotic;glycylcycline;penicillin beta-lactam;phenicol antibiotic;rifamycin antibiotic;tetracycline antibiotic | aminocoumarin antibiotic;carbapenem;cephalosporin;diaminopyrimidine antibiotic;fluoroquinolone antibiotic;macrolide antibiotic;monobactam;penicillin beta-lactam;peptide antibiotic;phenicol antibiotic;sulfonamide antibiotic;tetracycline antibiotic	antibiotic efflux	59450.2	0.0	0.0	0.0	0.0	0.0	0.0	0.0	0.0	0.0	0.0	0.0	0.0	0.0	0.0	0.0	0.0	0.0	0.0	0.0	0.0	0.0	0.0	0.0	0.0	0.0	0.0	0.0	0.0	0.0	0.0	0.0	0.0	0.0	0.0	0.0
resistance-nodulation-cell division (RND) antibiotic efflux pump	multiple	acrB | MexB	cephalosporin;disinfecting agents and antiseptics;fluoroquinolone antibiotic;glycylcycline;penicillin beta-lactam;phenicol antibiotic;rifamycin antibiotic;tetracycline antibiotic | aminocoumarin antibiotic;carbapenem;cephalosporin;diaminopyrimidine antibiotic;fluoroquinolone antibiotic;macrolide antibiotic;monobactam;penicillin beta-lactam;peptide antibiotic;phenicol antibiotic;sulfonamide antibiotic;tetracycline antibiotic	antibiotic efflux	0.0	0.0	0.0	0.0	0.0	0.0	0.0	0.0	0.0	0.0	0.0	0.0	0.0	0.0	0.0	4510.81	0.0	0.0	0.0	0.0	0.0	0.0	0.0	0.0	0.0	0.0	0.0	0.0	0.0	0.0	0.0	0.0	0.0	0.0	0.0	0.0
resistance-nodulation-cell division (RND) antibiotic efflux pump	multiple	acrB | MexB | smeE | Enterobacter cloacae acrA | Shigella flexneri acrA | Escherichia coli acrA | Klebsiella pneumoniae acrA	cephalosporin;disinfecting agents and antiseptics;fluoroquinolone antibiotic;glycylcycline;penicillin beta-lactam;phenicol antibiotic;rifamycin antibiotic;tetracycline antibiotic | aminocoumarin antibiotic;carbapenem;cephalosporin;diaminopyrimidine antibiotic;fluoroquinolone antibiotic;macrolide antibiotic;monobactam;penicillin beta-lactam;peptide antibiotic;phenicol antibiotic;sulfonamide antibiotic;tetracycline antibiotic | fluoroquinolone antibiotic;macrolide antibiotic;phenicol antibiotic;tetracycline antibiotic	antibiotic efflux	0.0	0.0	0.0	0.0	0.0	0.0	0.0	0.0	0.0	0.0	0.0	0.0	0.0	0.0	0.0	0.0	0.0	0.0	0.0	0.0	0.0	0.0	0.0	0.0	0.0	0.0	254091.53	0.0	0.0	0.0	0.0	0.0	0.0	0.0	0.0	0.0
resistance-nodulation-cell division (RND) antibiotic efflux pump	multiple	mexY | Enterobacter cloacae acrA | AxyY | Escherichia coli acrA	aminoglycoside antibiotic;carbapenem;cephalosporin;disinfecting agents and antiseptics;fluoroquinolone antibiotic;macrolide antibiotic;penicillin beta-lactam;phenicol antibiotic;tetracycline antibiotic | cephalosporin;disinfecting agents and antiseptics;fluoroquinolone antibiotic;glycylcycline;penicillin beta-lactam;phenicol antibiotic;rifamycin antibiotic;tetracycline antibiotic | aminoglycoside antibiotic;cephalosporin;fluoroquinolone antibiotic;macrolide antibiotic	antibiotic efflux	0.0	0.0	0.0	0.0	0.0	0.0	0.0	0.0	0.0	0.0	0.0	0.0	35496.05	0.0	0.0	0.0	0.0	0.0	0.0	0.0	0.0	0.0	0.0	0.0	0.0	0.0	0.0	0.0	0.0	0.0	0.0	0.0	0.0	0.0	0.0	0.0
resistance-nodulation-cell division (RND) antibiotic efflux pump	multiple	mexY | Escherichia coli acrA | Shigella flexneri acrA | AxyY	aminoglycoside antibiotic;carbapenem;cephalosporin;disinfecting agents and antiseptics;fluoroquinolone antibiotic;macrolide antibiotic;penicillin beta-lactam;phenicol antibiotic;tetracycline antibiotic | cephalosporin;disinfecting agents and antiseptics;fluoroquinolone antibiotic;glycylcycline;penicillin beta-lactam;phenicol antibiotic;rifamycin antibiotic;tetracycline antibiotic | aminoglycoside antibiotic;cephalosporin;fluoroquinolone antibiotic;macrolide antibiotic	antibiotic efflux	0.0	0.0	0.0	0.0	0.0	0.0	0.0	0.0	0.0	0.0	0.0	0.0	0.0	0.0	0.0	0.0	0.0	0.0	0.0	0.0	0.0	0.0	0.0	0.0	0.0	0.0	0.0	0.0	0.0	0.0	0.0	0.0	0.0	0.0	0.0	15218.45
resistance-nodulation-cell division (RND) antibiotic efflux pump	multiple	mexY | Shigella flexneri acrA | AxyY | Escherichia coli acrA	aminoglycoside antibiotic;carbapenem;cephalosporin;disinfecting agents and antiseptics;fluoroquinolone antibiotic;macrolide antibiotic;penicillin beta-lactam;phenicol antibiotic;tetracycline antibiotic | cephalosporin;disinfecting agents and antiseptics;fluoroquinolone antibiotic;glycylcycline;penicillin beta-lactam;phenicol antibiotic;rifamycin antibiotic;tetracycline antibiotic | aminoglycoside antibiotic;cephalosporin;fluoroquinolone antibiotic;macrolide antibiotic	antibiotic efflux	0.0	0.0	0.0	0.0	0.0	0.0	0.0	0.0	0.0	0.0	0.0	0.0	0.0	0.0	0.0	0.0	0.0	0.0	0.0	14896.05	0.0	0.0	0.0	0.0	0.0	0.0	0.0	0.0	0.0	0.0	0.0	0.0	0.0	0.0	0.0	0.0
resistance-nodulation-cell division (RND) antibiotic efflux pump	multiple	smeB | MexB	aminoglycoside antibiotic;cephalosporin;penicillin beta-lactam | aminocoumarin antibiotic;carbapenem;cephalosporin;diaminopyrimidine antibiotic;fluoroquinolone antibiotic;macrolide antibiotic;monobactam;penicillin beta-lactam;peptide antibiotic;phenicol antibiotic;sulfonamide antibiotic;tetracycline antibiotic	antibiotic efflux	0.0	5188.18	0.0	0.0	0.0	0.0	0.0	0.0	0.0	0.0	0.0	0.0	0.0	0.0	0.0	0.0	0.0	11366.18	0.0	0.0	0.0	0.0	0.0	0.0	0.0	0.0	0.0	0.0	0.0	0.0	0.0	0.0	0.0	0.0	0.0	0.0
rifampin ADP-ribosyltransferase (Arr)	ARO_3002848__arr-3__H	arr-3	rifamycin antibiotic	antibiotic inactivation	0.0	0.0	0.0	0.0	0.0	0.0	0.0	0.0	0.0	0.0	0.0	0.0	0.0	0.0	0.0	0.0	0.0	0.0	0.0	0.0	0.0	0.0	0.0	0.0	0.0	0.0	796097.37	0.0	481622.02	0.0	0.0	0.0	0.0	0.0	0.0	0.0
rifampin ADP-ribosyltransferase (Arr)	multiple	arr-2 | arr-3	rifamycin antibiotic	antibiotic inactivation	570107.73	0.0	0.0	0.0	0.0	0.0	0.0	0.0	0.0	0.0	0.0	0.0	0.0	0.0	0.0	0.0	0.0	0.0	0.0	0.0	0.0	0.0	0.0	0.0	0.0	0.0	43501034.9	0.0	0.0	242225.15	0.0	0.0	1962733.01	1766079.93	0.0	0.0
rifampin ADP-ribosyltransferase (Arr)	multiple	arr-3 | arr-2	rifamycin antibiotic	antibiotic inactivation	0.0	0.0	0.0	0.0	0.0	0.0	0.0	0.0	0.0	0.0	0.0	0.0	0.0	0.0	0.0	0.0	0.0	0.0	0.0	0.0	0.0	0.0	0.0	0.0	0.0	0.0	0.0	1240097.18	50168960.88	0.0	0.0	0.0	0.0	0.0	0.0	0.0
rifamycin-resistant beta-subunit of RNA polymerase (rpoB)	ARO_3000501__rpoB2__H	rpoB2	peptide antibiotic;rifamycin antibiotic	antibiotic target alteration;antibiotic target replacement	6729.17	0.0	0.0	0.0	14239.52	16423.78	5854.32	0.0	0.0	0.0	0.0	0.0	7347.96	6321.37	0.0	0.0	4755.3	0.0	0.0	157263.48	0.0	17478.76	0.0	6977.78	0.0	0.0	14766.09	5963.33	0.0	15724.85	0.0	0.0	7078.74	0.0	0.0	33078.54
rifamycin-resistant beta-subunit of RNA polymerase (rpoB)	ARO_3004480__Bado_rpoB_RIF__H	Bifidobacterium adolescentis rpoB mutants conferring resistance to rifampicin	peptide antibiotic;rifamycin antibiotic	antibiotic target alteration;antibiotic target replacement	0.0	0.0	0.0	0.0	0.0	305742.34	17207.84	0.0	0.0	0.0	0.0	0.0	0.0	12387.12	0.0	0.0	0.0	5019.98	0.0	0.0	17601.83	85626.77	0.0	0.0	0.0	5201.68	7233.76	11685.52	0.0	0.0	0.0	0.0	0.0	6607.81	0.0	9259.92
rifamycin-resistant beta-subunit of RNA polymerase (rpoB)	multiple	Bifidobacterium adolescentis rpoB mutants conferring resistance to rifampicin | rpoB2	peptide antibiotic;rifamycin antibiotic	antibiotic target alteration;antibiotic target replacement	0.0	0.0	0.0	0.0	0.0	0.0	0.0	0.0	0.0	0.0	0.0	0.0	0.0	0.0	0.0	0.0	0.0	0.0	4933.84	0.0	0.0	0.0	0.0	0.0	0.0	0.0	0.0	0.0	0.0	0.0	0.0	0.0	0.0	0.0	0.0	0.0
small multidrug resistance (SMR) antibiotic efflux pump	ARO_3004038__Paer_emrE__H	Pseudomonas aeruginosa emrE	aminoglycoside antibiotic	antibiotic efflux	0.0	0.0	0.0	0.0	0.0	0.0	0.0	0.0	0.0	0.0	0.0	0.0	0.0	0.0	0.0	0.0	0.0	0.0	261138.18	0.0	0.0	0.0	0.0	0.0	0.0	0.0	0.0	0.0	0.0	0.0	0.0	0.0	0.0	0.0	0.0	0.0
small multidrug resistance (SMR) antibiotic efflux pump	ARO_3004580__Kpne_KpnE__H	Klebsiella pneumoniae KpnE	aminoglycoside antibiotic;cephalosporin;disinfecting agents and antiseptics;macrolide antibiotic;peptide antibiotic;rifamycin antibiotic;tetracycline antibiotic	antibiotic efflux	0.0	0.0	0.0	0.0	136864.17	118393.7	56269.17	0.0	0.0	0.0	0.0	0.0	0.0	0.0	0.0	0.0	0.0	0.0	622846.93	355658.59	561185.74	1007989.81	0.0	0.0	0.0	153084.19	1915991.13	57317.01	150258.11	50380.16	173894.47	0.0	0.0	0.0	0.0	0.0
small multidrug resistance (SMR) antibiotic efflux pump	ARO_3004583__Kpne_KpnF__H	Klebsiella pneumoniae KpnF	aminoglycoside antibiotic;cephalosporin;disinfecting agents and antiseptics;macrolide antibiotic;peptide antibiotic;rifamycin antibiotic;tetracycline antibiotic	antibiotic efflux	0.0	0.0	0.0	0.0	75275.29	86822.05	0.0	0.0	0.0	0.0	0.0	0.0	0.0	0.0	0.0	0.0	0.0	0.0	0.0	0.0	0.0	0.0	0.0	0.0	0.0	0.0	78058.9	0.0	55094.64	0.0	0.0	0.0	0.0	0.0	0.0	0.0
small multidrug resistance (SMR) antibiotic efflux pump	ARO_3005098__qacL__H	qacL	disinfecting agents and antiseptics	antibiotic efflux	0.0	0.0	0.0	0.0	14919427.77	1849857.15	0.0	0.0	0.0	0.0	0.0	0.0	2617594.16	596088.47	1436262.94	2215662.3	0.0	0.0	0.0	4167773.98	94114.31	0.0	179080.66	1023533.48	675300.38	1056878.51	0.0	187442.12	0.0	0.0	63186.88	0.0	148334.68	282647.66	55527.73	198045.54
streptothricin acetyltransferase (SAT)	ARO_3002897__SAT-4__H	SAT-4	nucleoside antibiotic	antibiotic inactivation	0.0	0.0	0.0	0.0	0.0	0.0	0.0	0.0	0.0	0.0	0.0	0.0	0.0	0.0	0.0	0.0	0.0	0.0	0.0	0.0	0.0	0.0	0.0	0.0	0.0	0.0	0.0	0.0	0.0	67359.11	0.0	0.0	0.0	0.0	0.0	0.0
sulfonamide resistant sul	ARO_3000410__sul1__H	sul1	sulfonamide antibiotic;sulfone antibiotic	antibiotic target replacement	44189087.0	13055544.83	12038907.28	2426478.91	132307083.98	22648151.4	280245600.35	9500627.6	2911904.15	4018878.49	1518075.05	8181872.64	144574509.67	423356223.4	59540426.65	17533254.07	280787043.52	468185.27	18696188.09	77462441.07	35630669.45	91305677.0	35034892.7	37996330.45	36259610.9	21169355.96	125209260.28	10526883.16	111424975.44	8512627.87	15705775.66	4986415.35	153331701.65	140594247.1	101060663.8	82514967.74
sulfonamide resistant sul	ARO_3000412__sul2__H	sul2	sulfonamide antibiotic;sulfone antibiotic	antibiotic target replacement	46582107.65	51418207.34	47563530.33	2081538.28	5784020.8	7829944.26	0.0	0.0	0.0	0.0	0.0	0.0	21835456.47	162171.13	20932.93	17388.19	0.0	219070.65	255761.81	7989896.39	12693494.58	127845884.09	3179010.91	18587292.72	5144199.97	14709589.25	5713796.54	56987227.34	43425514.76	3182470.33	6214383.04	196481.33	6991635.03	7987654.12	21368580.53	22346745.41
sulfonamide resistant sul	ARO_3004361__sul4__H	sul4	sulfonamide antibiotic	antibiotic target replacement	1467379.55	1681052.5	668212.32	0.0	0.0	0.0	0.0	0.0	0.0	0.0	0.0	0.0	0.0	0.0	0.0	0.0	0.0	0.0	0.0	0.0	0.0	0.0	0.0	0.0	0.0	0.0	0.0	0.0	105215.46	0.0	0.0	0.0	828974.52	1034902.64	0.0	0.0
tetracycline inactivation enzyme	ARO_3000205__tet_X__H	tet(X)	glycylcycline;tetracycline antibiotic	antibiotic inactivation	0.0	0.0	0.0	0.0	915301.14	14448394.04	0.0	0.0	0.0	0.0	0.0	0.0	5360269.18	3685328.45	717208.42	36474.96	99519.03	704630.32	1311464.14	0.0	22276421.72	14823438.84	0.0	41723.18	0.0	0.0	1103660.51	320916.32	389486.53	5484832.46	721207.56	0.0	42326.86	201631.69	0.0	70639.64
tetracycline inactivation enzyme	ARO_3004582__tet_49__H	tet(49)	tetracycline antibiotic	antibiotic inactivation	0.0	0.0	0.0	0.0	0.0	0.0	0.0	0.0	0.0	0.0	0.0	0.0	0.0	0.0	0.0	0.0	0.0	0.0	0.0	0.0	0.0	0.0	0.0	0.0	0.0	0.0	0.0	0.0	31239.23	0.0	0.0	0.0	0.0	0.0	0.0	0.0
tetracycline inactivation enzyme	ARO_3004720__tet_X4__H	tet(X4)	glycylcycline;tetracycline antibiotic	antibiotic inactivation	0.0	0.0	0.0	0.0	0.0	37113.05	0.0	0.0	0.0	0.0	0.0	0.0	22139.05	38092.01	0.0	0.0	0.0	0.0	0.0	0.0	40595.94	0.0	0.0	0.0	0.0	0.0	0.0	0.0	0.0	15792.74	0.0	0.0	0.0	0.0	0.0	0.0
tetracycline inactivation enzyme	ARO_3005056__tet_X6__H	tet(X6)	tetracycline antibiotic	antibiotic inactivation	0.0	0.0	0.0	0.0	0.0	0.0	0.0	0.0	0.0	0.0	0.0	0.0	0.0	0.0	0.0	0.0	0.0	0.0	0.0	0.0	0.0	0.0	0.0	0.0	0.0	0.0	0.0	0.0	0.0	0.0	0.0	0.0	0.0	0.0	48788.22	0.0
tetracycline inactivation enzyme	multiple	tet(X) | tet(X4)	glycylcycline;tetracycline antibiotic	antibiotic inactivation	0.0	0.0	0.0	0.0	0.0	0.0	0.0	0.0	0.0	0.0	0.0	0.0	0.0	0.0	0.0	0.0	0.0	0.0	0.0	0.0	0.0	0.0	0.0	41884.69	0.0	0.0	0.0	0.0	0.0	0.0	0.0	0.0	0.0	0.0	0.0	0.0
tetracycline inactivation enzyme	multiple	tet(X) | tet(X4) | tet(X3) | tet(X5) | tet(X6)	glycylcycline;tetracycline antibiotic | tetracycline antibiotic	antibiotic inactivation	0.0	0.0	0.0	0.0	0.0	0.0	0.0	0.0	0.0	0.0	0.0	0.0	0.0	5422492.16	0.0	0.0	0.0	0.0	0.0	0.0	0.0	0.0	0.0	0.0	0.0	0.0	0.0	0.0	0.0	0.0	0.0	0.0	0.0	0.0	0.0	0.0
tetracycline inactivation enzyme	multiple	tet(X) | tet(X4) | tet(X3) | tet(X6) | tet(X5)	glycylcycline;tetracycline antibiotic | tetracycline antibiotic	antibiotic inactivation	0.0	0.0	0.0	0.0	0.0	0.0	0.0	0.0	0.0	0.0	0.0	0.0	0.0	0.0	0.0	0.0	0.0	0.0	0.0	0.0	0.0	0.0	0.0	0.0	0.0	0.0	0.0	592305.45	0.0	0.0	0.0	0.0	0.0	0.0	0.0	0.0
tetracycline inactivation enzyme	multiple	tet(X) | tet(X5) | tet(X6) | tet(X3) | tet(X4)	glycylcycline;tetracycline antibiotic | tetracycline antibiotic	antibiotic inactivation	0.0	0.0	0.0	0.0	0.0	0.0	0.0	0.0	0.0	0.0	0.0	0.0	0.0	0.0	0.0	0.0	0.0	0.0	0.0	0.0	0.0	0.0	0.0	0.0	0.0	0.0	0.0	0.0	0.0	0.0	1161696.65	0.0	0.0	0.0	0.0	0.0
tetracycline inactivation enzyme	multiple	tet(X) | tet(X6) | tet(X3) | tet(X4) | tet(X5)	glycylcycline;tetracycline antibiotic | tetracycline antibiotic	antibiotic inactivation	0.0	0.0	0.0	0.0	0.0	0.0	0.0	0.0	0.0	0.0	0.0	0.0	0.0	0.0	0.0	0.0	0.0	0.0	0.0	0.0	0.0	23568457.4	0.0	0.0	0.0	0.0	0.0	0.0	0.0	0.0	0.0	0.0	0.0	0.0	0.0	0.0
tetracycline inactivation enzyme	multiple	tet(X) | tet(X6) | tet(X5) | tet(X3) | tet(X4)	glycylcycline;tetracycline antibiotic | tetracycline antibiotic	antibiotic inactivation	0.0	0.0	0.0	0.0	0.0	0.0	0.0	0.0	0.0	0.0	0.0	0.0	0.0	0.0	0.0	0.0	0.0	0.0	0.0	0.0	0.0	0.0	0.0	0.0	0.0	0.0	0.0	0.0	894004.65	0.0	0.0	0.0	0.0	0.0	0.0	0.0
tetracycline inactivation enzyme	multiple	tet(X3) | tet(X) | tet(X4) | tet(X6) | tet(X5)	glycylcycline;tetracycline antibiotic | tetracycline antibiotic	antibiotic inactivation	0.0	0.0	0.0	0.0	0.0	0.0	0.0	0.0	0.0	0.0	0.0	0.0	0.0	0.0	0.0	0.0	0.0	0.0	0.0	0.0	0.0	0.0	0.0	0.0	0.0	0.0	0.0	0.0	0.0	0.0	0.0	0.0	63917.5	0.0	0.0	0.0
tetracycline inactivation enzyme	multiple	tet(X3) | tet(X5) | tet(X6) | tet(X4) | tet(X)	glycylcycline;tetracycline antibiotic | tetracycline antibiotic	antibiotic inactivation	0.0	0.0	0.0	0.0	0.0	0.0	0.0	0.0	0.0	0.0	0.0	0.0	0.0	0.0	0.0	0.0	0.0	0.0	0.0	0.0	0.0	0.0	0.0	0.0	0.0	0.0	0.0	0.0	0.0	7146707.49	0.0	0.0	0.0	0.0	0.0	0.0
tetracycline inactivation enzyme	multiple	tet(X3) | tet(X6) | tet(X) | tet(X4) | tet(X5)	glycylcycline;tetracycline antibiotic | tetracycline antibiotic	antibiotic inactivation	0.0	0.0	0.0	0.0	1542909.77	0.0	0.0	0.0	0.0	0.0	0.0	0.0	0.0	0.0	0.0	0.0	0.0	0.0	0.0	0.0	0.0	0.0	0.0	0.0	0.0	0.0	0.0	0.0	0.0	0.0	0.0	0.0	0.0	0.0	0.0	0.0
tetracycline inactivation enzyme	multiple	tet(X4) | tet(X)	glycylcycline;tetracycline antibiotic	antibiotic inactivation	0.0	0.0	0.0	0.0	0.0	0.0	0.0	0.0	0.0	0.0	0.0	0.0	0.0	0.0	0.0	12205.39	0.0	0.0	0.0	0.0	0.0	0.0	0.0	0.0	0.0	0.0	0.0	0.0	0.0	0.0	0.0	0.0	0.0	0.0	0.0	0.0
tetracycline inactivation enzyme	multiple	tet(X4) | tet(X3) | tet(X) | tet(X5)	glycylcycline;tetracycline antibiotic | tetracycline antibiotic	antibiotic inactivation	0.0	0.0	0.0	0.0	0.0	0.0	0.0	0.0	0.0	0.0	0.0	0.0	0.0	0.0	0.0	0.0	0.0	0.0	0.0	0.0	0.0	0.0	0.0	0.0	0.0	0.0	0.0	0.0	0.0	0.0	0.0	0.0	0.0	60606.36	0.0	0.0
tetracycline inactivation enzyme	multiple	tet(X4) | tet(X3) | tet(X5) | tet(X6)	glycylcycline;tetracycline antibiotic | tetracycline antibiotic	antibiotic inactivation	0.0	0.0	0.0	0.0	0.0	0.0	0.0	0.0	0.0	0.0	0.0	0.0	0.0	0.0	0.0	0.0	0.0	0.0	0.0	0.0	0.0	0.0	0.0	0.0	0.0	0.0	0.0	0.0	0.0	0.0	0.0	0.0	0.0	0.0	479345.0	0.0
tetracycline inactivation enzyme	multiple	tet(X4) | tet(X3) | tet(X6) | tet(X) | tet(X5)	glycylcycline;tetracycline antibiotic | tetracycline antibiotic	antibiotic inactivation	0.0	0.0	0.0	0.0	0.0	0.0	0.0	0.0	0.0	0.0	0.0	0.0	0.0	0.0	0.0	0.0	329191.34	0.0	0.0	0.0	0.0	0.0	0.0	0.0	0.0	0.0	0.0	0.0	0.0	0.0	0.0	0.0	0.0	0.0	0.0	0.0
tetracycline inactivation enzyme	multiple	tet(X4) | tet(X6) | tet(X5) | tet(X) | tet(X3)	glycylcycline;tetracycline antibiotic | tetracycline antibiotic	antibiotic inactivation	0.0	0.0	0.0	0.0	0.0	0.0	0.0	0.0	0.0	0.0	0.0	0.0	0.0	0.0	1223037.79	0.0	0.0	0.0	0.0	0.0	0.0	0.0	0.0	0.0	0.0	0.0	0.0	0.0	0.0	0.0	0.0	0.0	0.0	0.0	0.0	0.0
tetracycline inactivation enzyme	multiple	tet(X5) | tet(X3) | tet(X4) | tet(X)	tetracycline antibiotic | glycylcycline;tetracycline antibiotic	antibiotic inactivation	0.0	0.0	0.0	0.0	0.0	0.0	0.0	0.0	0.0	0.0	0.0	0.0	0.0	0.0	0.0	0.0	0.0	0.0	0.0	0.0	0.0	0.0	0.0	0.0	0.0	31806.29	0.0	0.0	0.0	0.0	0.0	0.0	0.0	0.0	0.0	0.0
tetracycline inactivation enzyme	multiple	tet(X5) | tet(X3) | tet(X4) | tet(X) | tet(X6)	tetracycline antibiotic | glycylcycline;tetracycline antibiotic	antibiotic inactivation	0.0	0.0	0.0	0.0	0.0	0.0	0.0	0.0	0.0	0.0	0.0	0.0	0.0	0.0	0.0	0.0	0.0	709371.62	0.0	0.0	0.0	0.0	0.0	0.0	0.0	0.0	0.0	0.0	0.0	0.0	0.0	0.0	0.0	0.0	0.0	0.0
tetracycline inactivation enzyme	multiple	tet(X5) | tet(X4) | tet(X6) | tet(X) | tet(X3)	tetracycline antibiotic | glycylcycline;tetracycline antibiotic	antibiotic inactivation	0.0	0.0	0.0	0.0	0.0	0.0	0.0	0.0	0.0	0.0	0.0	0.0	0.0	0.0	0.0	0.0	0.0	0.0	0.0	0.0	0.0	0.0	0.0	0.0	0.0	0.0	1888847.56	0.0	0.0	0.0	0.0	0.0	0.0	0.0	0.0	0.0
tetracycline inactivation enzyme	multiple	tet(X6) | tet(X) | tet(X5) | tet(X4) | tet(X3)	tetracycline antibiotic | glycylcycline;tetracycline antibiotic	antibiotic inactivation	0.0	0.0	0.0	0.0	0.0	21466212.12	0.0	0.0	0.0	0.0	0.0	0.0	0.0	0.0	0.0	0.0	0.0	0.0	0.0	0.0	0.0	0.0	0.0	0.0	0.0	0.0	0.0	0.0	0.0	0.0	0.0	0.0	0.0	0.0	0.0	0.0
tetracycline inactivation enzyme	multiple	tet(X6) | tet(X3) | tet(X4) | tet(X5) | tet(X)	tetracycline antibiotic | glycylcycline;tetracycline antibiotic	antibiotic inactivation	0.0	0.0	0.0	0.0	0.0	0.0	0.0	0.0	0.0	0.0	0.0	0.0	0.0	0.0	0.0	0.0	0.0	0.0	0.0	0.0	0.0	0.0	0.0	0.0	0.0	0.0	0.0	0.0	0.0	0.0	0.0	0.0	0.0	0.0	0.0	85337.95
tetracycline inactivation enzyme	multiple	tet(X6) | tet(X4) | tet(X3) | tet(X) | tet(X5)	tetracycline antibiotic | glycylcycline;tetracycline antibiotic	antibiotic inactivation	0.0	0.0	0.0	0.0	0.0	0.0	0.0	0.0	0.0	0.0	0.0	0.0	7320441.1	0.0	0.0	0.0	0.0	0.0	0.0	0.0	0.0	0.0	0.0	0.0	0.0	0.0	0.0	0.0	0.0	0.0	0.0	0.0	0.0	0.0	0.0	0.0
tetracycline inactivation enzyme	multiple	tet(X6) | tet(X4) | tet(X5) | tet(X) | tet(X3)	tetracycline antibiotic | glycylcycline;tetracycline antibiotic	antibiotic inactivation	0.0	0.0	0.0	0.0	0.0	0.0	0.0	0.0	0.0	0.0	0.0	0.0	0.0	0.0	0.0	0.0	0.0	0.0	1425311.66	0.0	0.0	0.0	0.0	0.0	0.0	0.0	0.0	0.0	0.0	0.0	0.0	0.0	0.0	0.0	0.0	0.0
tetracycline inactivation enzyme	multiple	tet(X6) | tet(X5) | tet(X) | tet(X4) | tet(X3)	tetracycline antibiotic | glycylcycline;tetracycline antibiotic	antibiotic inactivation	0.0	0.0	0.0	0.0	0.0	0.0	0.0	0.0	0.0	0.0	0.0	0.0	0.0	0.0	0.0	0.0	0.0	0.0	0.0	0.0	32226844.21	0.0	0.0	0.0	0.0	0.0	0.0	0.0	0.0	0.0	0.0	0.0	0.0	0.0	0.0	0.0
tetracycline-resistant ribosomal protection protein	ARO_3000186__tet_M__H	tet(M)	tetracycline antibiotic	antibiotic target protection	12228.16	0.0	0.0	0.0	0.0	0.0	361705.28	0.0	0.0	0.0	0.0	0.0	0.0	470971.98	8896.49	44339.88	0.0	0.0	0.0	0.0	48968.85	31762.18	0.0	0.0	0.0	0.0	0.0	0.0	0.0	0.0	0.0	0.0	0.0	0.0	0.0	17174.26
tetracycline-resistant ribosomal protection protein	ARO_3000190__tet_O__H	tet(O)	tetracycline antibiotic	antibiotic target protection	0.0	0.0	0.0	0.0	0.0	0.0	0.0	0.0	0.0	0.0	15445.53	0.0	0.0	0.0	0.0	0.0	0.0	0.0	0.0	0.0	0.0	0.0	0.0	0.0	0.0	0.0	0.0	0.0	0.0	0.0	0.0	0.0	0.0	0.0	0.0	0.0
tetracycline-resistant ribosomal protection protein	ARO_3000191__tet_Q__H	tet(Q)	tetracycline antibiotic	antibiotic target protection	0.0	0.0	0.0	0.0	0.0	0.0	175905.3	0.0	0.0	0.0	0.0	0.0	0.0	3307173.72	1488337.6	93441.69	8404.89	0.0	0.0	0.0	0.0	0.0	0.0	0.0	0.0	0.0	0.0	168640.93	230258.76	0.0	0.0	0.0	25023.02	95361.37	0.0	0.0
tetracycline-resistant ribosomal protection protein	ARO_3000194__tet_W__H	tet(W)	tetracycline antibiotic	antibiotic target protection	0.0	0.0	0.0	0.0	0.0	0.0	10638.39	0.0	0.0	0.0	0.0	0.0	0.0	0.0	0.0	0.0	0.0	0.0	0.0	0.0	0.0	10587.39	0.0	0.0	0.0	0.0	0.0	0.0	0.0	0.0	0.0	0.0	0.0	0.0	0.0	0.0
tetracycline-resistant ribosomal protection protein	ARO_3000196__tet_32__H	tet(32)	tetracycline antibiotic	antibiotic target protection	0.0	0.0	0.0	0.0	0.0	0.0	21276.78	0.0	0.0	0.0	0.0	0.0	0.0	0.0	8896.49	0.0	0.0	0.0	0.0	0.0	0.0	0.0	0.0	0.0	0.0	0.0	0.0	0.0	0.0	0.0	0.0	0.0	0.0	0.0	0.0	0.0
tetracycline-resistant ribosomal protection protein	ARO_3007120__tet_O_M_O__H	tet(O/M/O)	tetracycline antibiotic	antibiotic target protection	0.0	0.0	0.0	0.0	12937.94	0.0	42553.56	0.0	0.0	0.0	0.0	0.0	0.0	11487.12	17792.99	0.0	0.0	0.0	0.0	0.0	8161.48	0.0	0.0	0.0	0.0	0.0	0.0	0.0	0.0	0.0	0.0	0.0	0.0	0.0	0.0	0.0
tetracycline-resistant ribosomal protection protein	multiple	tet(32) | tet(O/W/32/O) | tet(W/N/W) | tet(O/W/O) | tet(O/W) | tet(O/32/O) | tet(W)	tetracycline antibiotic	antibiotic target protection	0.0	0.0	0.0	0.0	0.0	0.0	0.0	0.0	0.0	0.0	0.0	0.0	0.0	80409.85	0.0	0.0	0.0	0.0	0.0	0.0	0.0	0.0	0.0	0.0	0.0	0.0	0.0	0.0	0.0	0.0	0.0	0.0	0.0	0.0	0.0	0.0
tetracycline-resistant ribosomal protection protein	multiple	tet(O/M/O) | tet(O)	tetracycline antibiotic	antibiotic target protection	0.0	0.0	0.0	0.0	0.0	0.0	0.0	0.0	0.0	0.0	15445.53	0.0	0.0	0.0	0.0	0.0	0.0	0.0	0.0	0.0	0.0	0.0	0.0	0.0	0.0	0.0	0.0	0.0	0.0	0.0	0.0	0.0	0.0	0.0	0.0	0.0
tetracycline-resistant ribosomal protection protein	multiple	tet(O/W) | tet(O/W/O) | tet(W/N/W) | tet(W)	tetracycline antibiotic	antibiotic target protection	0.0	0.0	0.0	0.0	0.0	0.0	0.0	0.0	0.0	0.0	0.0	0.0	0.0	0.0	0.0	0.0	34565.09	0.0	0.0	0.0	0.0	0.0	0.0	0.0	0.0	0.0	0.0	0.0	0.0	0.0	0.0	0.0	0.0	0.0	0.0	0.0
tetracycline-resistant ribosomal protection protein	multiple	tet(O/W/32/O) | tet(W) | tet(O/W) | tet(W/N/W) | tet(O/W/O)	tetracycline antibiotic	antibiotic target protection	0.0	0.0	0.0	0.0	0.0	0.0	0.0	0.0	0.0	0.0	0.0	0.0	0.0	0.0	0.0	0.0	0.0	0.0	0.0	0.0	0.0	0.0	0.0	0.0	0.0	0.0	0.0	0.0	0.0	0.0	21917.95	0.0	0.0	0.0	0.0	0.0
tetracycline-resistant ribosomal protection protein	multiple	tet(O/W/O) | tet(O/W) | tet(M) | tet(W) | tet(O/M/O) | tet(32) | tet(O/W/32/O) | tet(O/32/O) | tet(W/N/W)	tetracycline antibiotic	antibiotic target protection	0.0	0.0	0.0	0.0	0.0	0.0	340428.5	0.0	0.0	0.0	0.0	0.0	0.0	0.0	0.0	0.0	0.0	0.0	0.0	0.0	0.0	0.0	0.0	0.0	0.0	0.0	0.0	0.0	0.0	0.0	0.0	0.0	0.0	0.0	0.0	0.0
tetracycline-resistant ribosomal protection protein	multiple	tet(O/W/O) | tet(O/W) | tet(W) | tet(W/N/W)	tetracycline antibiotic	antibiotic target protection	0.0	0.0	0.0	0.0	0.0	0.0	0.0	0.0	0.0	0.0	0.0	0.0	0.0	0.0	0.0	0.0	0.0	18621.0	0.0	0.0	0.0	0.0	0.0	0.0	0.0	0.0	0.0	0.0	0.0	0.0	0.0	0.0	0.0	0.0	0.0	0.0
tetracycline-resistant ribosomal protection protein	multiple	tet(W) | tet(M) | tet(O/W) | tet(O/M/O)	tetracycline antibiotic	antibiotic target protection	0.0	0.0	0.0	0.0	0.0	0.0	0.0	0.0	0.0	0.0	0.0	0.0	0.0	0.0	0.0	0.0	0.0	0.0	0.0	0.0	24484.43	0.0	0.0	0.0	0.0	0.0	0.0	0.0	0.0	0.0	0.0	0.0	0.0	0.0	0.0	0.0
tetracycline-resistant ribosomal protection protein	multiple	tet(W) | tet(W/N/W) | tet(O/W/O) | tet(O/W)	tetracycline antibiotic	antibiotic target protection	0.0	0.0	0.0	0.0	0.0	0.0	0.0	0.0	0.0	0.0	0.0	0.0	0.0	0.0	0.0	0.0	0.0	0.0	0.0	0.0	0.0	95286.54	0.0	0.0	0.0	0.0	0.0	0.0	0.0	0.0	0.0	0.0	0.0	0.0	0.0	0.0
trimethoprim resistant dihydrofolate reductase dfr	ARO_3002854__dfrA1__H	dfrA1	diaminopyrimidine antibiotic	antibiotic target replacement	49531.8	0.0	0.0	0.0	0.0	0.0	0.0	0.0	0.0	0.0	0.0	0.0	0.0	0.0	0.0	0.0	0.0	0.0	0.0	0.0	0.0	0.0	0.0	0.0	0.0	0.0	0.0	0.0	0.0	0.0	0.0	0.0	0.0	0.0	0.0	0.0
trimethoprim resistant dihydrofolate reductase dfr	ARO_3002858__dfrA12__H	dfrA12	diaminopyrimidine antibiotic	antibiotic target replacement	47144.72	0.0	0.0	0.0	798099.51	3998521.43	82030.96	44025.15	33412.55	318468.58	297745.18	42726.78	1647359.05	262050306.17	27028194.2	6553042.01	153818817.07	71791.83	1327085.36	0.0	0.0	8286229.49	0.0	0.0	0.0	0.0	29328514.88	0.0	766678.43	36722.89	0.0	0.0	247969.11	897746.87	0.0	0.0
trimethoprim resistant dihydrofolate reductase dfr	ARO_3002859__dfrA14__H	dfrA14	diaminopyrimidine antibiotic	antibiotic target replacement	148595.4	0.0	0.0	0.0	0.0	30222.86	0.0	0.0	0.0	0.0	0.0	0.0	0.0	0.0	0.0	0.0	0.0	0.0	0.0	6060264.82	11504580.92	129385983.19	1950052.38	0.0	2424812.77	11567221.93	2228136.9	614525.42	8131690.0	0.0	3728825.67	0.0	1406832.37	1340340.26	0.0	0.0
trimethoprim resistant dihydrofolate reductase dfr	ARO_3002861__dfrA5__H	dfrA5	diaminopyrimidine antibiotic	antibiotic target replacement	0.0	0.0	0.0	0.0	0.0	0.0	0.0	0.0	0.0	0.0	0.0	0.0	0.0	0.0	0.0	0.0	0.0	0.0	0.0	0.0	0.0	0.0	0.0	0.0	0.0	0.0	0.0	0.0	0.0	0.0	0.0	0.0	0.0	0.0	0.0	34783.32
trimethoprim resistant dihydrofolate reductase dfr	ARO_3002862__dfrA7__H	dfrA7	diaminopyrimidine antibiotic	antibiotic target replacement	0.0	0.0	0.0	0.0	0.0	0.0	0.0	0.0	0.0	0.0	0.0	0.0	0.0	0.0	0.0	0.0	35002.62	0.0	0.0	0.0	0.0	0.0	0.0	0.0	0.0	0.0	0.0	0.0	0.0	0.0	0.0	0.0	0.0	0.0	0.0	0.0
trimethoprim resistant dihydrofolate reductase dfr	ARO_3002865__dfrC__H	dfrC	diaminopyrimidine antibiotic	antibiotic target replacement	0.0	0.0	0.0	0.0	0.0	0.0	0.0	0.0	0.0	0.0	0.0	0.0	0.0	0.0	0.0	0.0	0.0	0.0	0.0	0.0	0.0	0.0	0.0	0.0	0.0	0.0	0.0	0.0	0.0	0.0	0.0	0.0	0.0	0.0	0.0	67848.94
trimethoprim resistant dihydrofolate reductase dfr	ARO_3002867__dfrF__H	dfrF	diaminopyrimidine antibiotic	antibiotic target replacement	0.0	0.0	0.0	0.0	0.0	0.0	0.0	0.0	0.0	0.0	0.0	0.0	0.0	0.0	0.0	0.0	0.0	0.0	0.0	0.0	94969.89	0.0	0.0	0.0	0.0	0.0	0.0	0.0	0.0	0.0	0.0	0.0	0.0	0.0	0.0	0.0
trimethoprim resistant dihydrofolate reductase dfr	ARO_3003015__dfrA19__H	dfrA19	diaminopyrimidine antibiotic	antibiotic target replacement	0.0	0.0	0.0	0.0	0.0	301592.38	0.0	0.0	0.0	0.0	0.0	0.0	0.0	0.0	0.0	0.0	0.0	0.0	0.0	0.0	0.0	0.0	0.0	0.0	0.0	0.0	0.0	0.0	0.0	0.0	0.0	0.0	43329.34	123844.3	0.0	0.0
trimethoprim resistant dihydrofolate reductase dfr	ARO_3004550__dfrA27__H	dfrA27	diaminopyrimidine antibiotic	antibiotic target replacement	445786.19	0.0	0.0	0.0	0.0	0.0	0.0	0.0	0.0	0.0	0.0	0.0	0.0	0.0	0.0	0.0	0.0	0.0	0.0	0.0	0.0	0.0	0.0	0.0	0.0	0.0	0.0	0.0	0.0	0.0	0.0	0.0	729468.63	645349.01	0.0	0.0
trimethoprim resistant dihydrofolate reductase dfr	ARO_3004642__dfrA3b__H	dfrA3b	diaminopyrimidine antibiotic	antibiotic target replacement	0.0	0.0	0.0	0.0	465765.89	268605.71	0.0	0.0	0.0	0.0	0.0	0.0	160231.41	0.0	0.0	0.0	0.0	0.0	0.0	0.0	0.0	0.0	0.0	0.0	0.0	0.0	53665.49	0.0	227265.39	76199.99	0.0	0.0	0.0	0.0	0.0	34348.52
trimethoprim resistant dihydrofolate reductase dfr	multiple	dfrA12 | dfrA13	diaminopyrimidine antibiotic	antibiotic target replacement	0.0	0.0	0.0	0.0	0.0	0.0	0.0	0.0	0.0	0.0	0.0	0.0	0.0	0.0	0.0	28491.49	0.0	0.0	0.0	0.0	0.0	0.0	0.0	0.0	0.0	0.0	0.0	0.0	0.0	0.0	0.0	0.0	0.0	0.0	0.0	0.0
trimethoprim resistant dihydrofolate reductase dfr	multiple	dfrA14 | dfrA21 | dfrA12 | dfrA5	diaminopyrimidine antibiotic	antibiotic target replacement	0.0	0.0	0.0	0.0	0.0	0.0	0.0	0.0	0.0	0.0	0.0	0.0	0.0	0.0	0.0	0.0	0.0	0.0	0.0	0.0	0.0	0.0	0.0	0.0	0.0	0.0	212011.82	0.0	0.0	0.0	0.0	0.0	0.0	0.0	0.0	0.0
trimethoprim resistant dihydrofolate reductase dfr	multiple	dfrA14 | dfrA5	diaminopyrimidine antibiotic	antibiotic target replacement	0.0	0.0	0.0	0.0	0.0	0.0	0.0	0.0	0.0	0.0	0.0	0.0	0.0	0.0	0.0	0.0	0.0	0.0	0.0	0.0	396709.69	4288564.24	62904.92	0.0	105426.64	0.0	0.0	0.0	383570.28	0.0	88781.56	0.0	0.0	0.0	0.0	0.0
trimethoprim resistant dihydrofolate reductase dfr	multiple	dfrA21 | dfrA12 | dfrA13	diaminopyrimidine antibiotic	antibiotic target replacement	0.0	0.0	0.0	0.0	0.0	0.0	0.0	0.0	0.0	0.0	0.0	0.0	0.0	1328630.93	137198.96	0.0	0.0	0.0	0.0	0.0	0.0	0.0	0.0	0.0	0.0	0.0	0.0	0.0	0.0	0.0	0.0	0.0	0.0	0.0	0.0	0.0
trimethoprim resistant dihydrofolate reductase dfr	multiple	dfrA21 | dfrA13 | dfrA12	diaminopyrimidine antibiotic	antibiotic target replacement	0.0	0.0	0.0	0.0	0.0	0.0	0.0	0.0	0.0	0.0	0.0	0.0	0.0	0.0	0.0	0.0	899525.25	0.0	0.0	0.0	0.0	0.0	0.0	0.0	0.0	0.0	0.0	0.0	0.0	0.0	0.0	0.0	0.0	0.0	0.0	0.0
trimethoprim resistant dihydrofolate reductase dfr	multiple	dfrA27 | dfrA28	diaminopyrimidine antibiotic	antibiotic target replacement	544849.79	0.0	0.0	0.0	0.0	0.0	0.0	0.0	0.0	0.0	0.0	0.0	0.0	0.0	0.0	0.0	0.0	0.0	0.0	0.0	0.0	0.0	0.0	0.0	0.0	0.0	0.0	0.0	0.0	0.0	0.0	0.0	0.0	0.0	0.0	0.0
trimethoprim resistant dihydrofolate reductase dfr	multiple	dfrA28 | dfrA27	diaminopyrimidine antibiotic	antibiotic target replacement	0.0	0.0	0.0	0.0	0.0	0.0	0.0	0.0	0.0	0.0	0.0	0.0	0.0	0.0	0.0	0.0	0.0	0.0	0.0	0.0	0.0	0.0	0.0	0.0	0.0	0.0	0.0	0.0	0.0	0.0	0.0	0.0	1563147.07	0.0	0.0	0.0
trimethoprim resistant dihydrofolate reductase dfr	multiple	dfrA28 | dfrA5 | dfrA14 | dfrA27	diaminopyrimidine antibiotic	antibiotic target replacement	0.0	0.0	0.0	0.0	0.0	0.0	0.0	0.0	0.0	0.0	0.0	0.0	0.0	0.0	0.0	0.0	0.0	0.0	0.0	0.0	0.0	0.0	0.0	0.0	0.0	0.0	0.0	0.0	0.0	0.0	0.0	0.0	0.0	1787120.35	0.0	0.0
trimethoprim resistant dihydrofolate reductase dfr	multiple	dfrA30 | dfrA5	diaminopyrimidine antibiotic	antibiotic target replacement	0.0	0.0	0.0	0.0	0.0	0.0	0.0	0.0	0.0	0.0	0.0	0.0	0.0	0.0	0.0	0.0	0.0	0.0	0.0	0.0	0.0	0.0	0.0	0.0	0.0	0.0	0.0	0.0	0.0	0.0	0.0	0.0	0.0	0.0	0.0	34783.32
trimethoprim resistant dihydrofolate reductase dfr	multiple	dfrA5 | dfrA14	diaminopyrimidine antibiotic	antibiotic target replacement	0.0	0.0	0.0	0.0	0.0	0.0	0.0	0.0	0.0	0.0	0.0	0.0	0.0	0.0	0.0	0.0	0.0	0.0	0.0	102139.29	0.0	0.0	0.0	0.0	0.0	234470.71	0.0	0.0	0.0	0.0	0.0	0.0	0.0	0.0	0.0	0.0
undecaprenyl pyrophosphate related proteins	ARO_3002986__bacA__H	bacA	peptide antibiotic	antibiotic target alteration	285621.32	0.0	0.0	0.0	1511000.44	34855.57	3926109.65	26672.17	0.0	0.0	36077.15	77656.7	436640.33	912261.92	1620850.43	0.0	1130303.69	0.0	2602423.06	19632.61	57189.9	544052.89	0.0	0.0	0.0	45068.58	1190825.52	75934.58	1039559.46	0.0	25597.6	0.0	1772707.67	1488542.25	0.0	40115.06
vga-type ABC-F protein	ARO_3002829__vgaA__H	vgaA	lincosamide antibiotic;pleuromutilin antibiotic;streptogramin A antibiotic;streptogramin antibiotic	antibiotic target protection	0.0	0.0	0.0	0.0	0.0	0.0	0.0	0.0	0.0	0.0	0.0	0.0	0.0	0.0	0.0	0.0	0.0	0.0	0.0	0.0	0.0	0.0	0.0	0.0	0.0	0.0	0.0	0.0	0.0	0.0	0.0	0.0	0.0	0.0	0.0	10508.15
vga-type ABC-F protein	multiple	vgaALC | vgaA	lincosamide antibiotic;pleuromutilin antibiotic;streptogramin A antibiotic;streptogramin antibiotic	antibiotic target protection	0.0	0.0	0.0	0.0	31664.56	0.0	0.0	0.0	0.0	0.0	0.0	0.0	0.0	0.0	0.0	0.0	0.0	0.0	0.0	0.0	0.0	0.0	0.0	0.0	0.0	0.0	0.0	0.0	0.0	0.0	0.0	0.0	0.0	0.0	0.0	10508.15
